ISO-10303-21;
HEADER;
/* Generated by software containing ST-Developer
 * from STEP Tools, Inc. (www.steptools.com) 
 */

FILE_DESCRIPTION(
/* description */ (''),
/* implementation_level */ '2;1');

FILE_NAME(
/* name */ 'Bottom Case.step',
/* time_stamp */ '2026-03-10T17:38:47Z',
/* author */ (''),
/* organization */ (''),
/* preprocessor_version */ 'ST-DEVELOPER v20.1',
/* originating_system */ 'Autodesk Translation Framework v14.21.0.0',
/* authorisation */ '');

FILE_SCHEMA (('AUTOMOTIVE_DESIGN { 1 0 10303 214 3 1 1 }'));
ENDSEC;

DATA;
#10=MECHANICAL_DESIGN_GEOMETRIC_PRESENTATION_REPRESENTATION('',(#13),#2321);
#11=SHAPE_REPRESENTATION_RELATIONSHIP('SRR','None',#2327,#12);
#12=ADVANCED_BREP_SHAPE_REPRESENTATION('',(#14),#2320);
#13=STYLED_ITEM('',(#2336),#14);
#14=MANIFOLD_SOLID_BREP('Body2',#1324);
#15=FACE_BOUND('',#189,.T.);
#16=FACE_BOUND('',#209,.T.);
#17=FACE_BOUND('',#211,.T.);
#18=FACE_BOUND('',#217,.T.);
#19=FACE_BOUND('',#224,.T.);
#20=FACE_BOUND('',#227,.T.);
#21=FACE_BOUND('',#229,.T.);
#22=FACE_BOUND('',#230,.T.);
#23=FACE_BOUND('',#243,.T.);
#24=FACE_BOUND('',#245,.T.);
#25=FACE_BOUND('',#246,.T.);
#26=FACE_BOUND('',#247,.T.);
#27=B_SPLINE_CURVE_WITH_KNOTS('',3,(#1956,#1957,#1958,#1959,#1960,#1961,
#1962,#1963,#1964,#1965,#1966,#1967,#1968,#1969,#1970,#1971,#1972,#1973,
#1974,#1975,#1976,#1977,#1978,#1979,#1980,#1981,#1982,#1983,#1984,#1985,
#1986,#1987,#1988,#1989,#1990,#1991,#1992,#1993,#1994,#1995,#1996,#1997,
#1998,#1999,#2000,#2001,#2002,#2003,#2004,#2005,#2006,#2007,#2008,#2009,
#2010),.UNSPECIFIED.,.F.,.F.,(4,3,3,3,3,3,3,3,3,3,3,3,3,3,3,3,3,3,4),(-0.393290643503941,
-0.367242463526828,-0.340788786791901,-0.333502797012004,-0.307043258558499,
-0.280679564539456,-0.273744370872555,-0.247198247096843,-0.224553319434868,
-0.197902028703315,-0.176110618936887,-0.149502467148304,-0.122677195030733,
-0.0960597038548933,-0.0880106654992017,-0.0611525420502476,-0.0345297219270056,
-0.0086290596688491,0.),.UNSPECIFIED.);
#28=B_SPLINE_CURVE_WITH_KNOTS('',3,(#2014,#2015,#2016,#2017,#2018,#2019,
#2020),.UNSPECIFIED.,.F.,.F.,(4,3,4),(1.79088459617558E-8,0.168397582264877,
0.392927668072923),.UNSPECIFIED.);
#29=B_SPLINE_CURVE_WITH_KNOTS('',3,(#2200,#2201,#2202,#2203,#2204,#2205,
#2206,#2207,#2208,#2209,#2210,#2211,#2212,#2213,#2214,#2215,#2216,#2217,
#2218,#2219,#2220,#2221,#2222,#2223,#2224,#2225,#2226,#2227,#2228,#2229,
#2230,#2231,#2232,#2233,#2234,#2235,#2236,#2237,#2238,#2239,#2240,#2241,
#2242,#2243,#2244,#2245,#2246,#2247,#2248,#2249,#2250,#2251),
 .UNSPECIFIED.,.F.,.F.,(4,3,3,3,3,3,3,3,3,3,3,3,3,3,3,3,3,4),(-0.393414182609998,
-0.366890112326751,-0.343199012147863,-0.316525994135734,-0.292965134245296,
-0.266321812085158,-0.239830056948924,-0.225189348349914,-0.198492865735747,
-0.195456144597625,-0.169201298400916,-0.142565310790451,-0.115889403847676,
-0.0977853783090213,-0.0711158819538739,-0.0445972794762884,-0.0187993396737241,
0.),.UNSPECIFIED.);
#30=B_SPLINE_CURVE_WITH_KNOTS('',3,(#2254,#2255,#2256,#2257,#2258,#2259,
#2260),.UNSPECIFIED.,.F.,.F.,(4,3,4),(0.392927647554579,0.561233487487382,
0.785641274064451),.UNSPECIFIED.);
#31=B_SPLINE_SURFACE_WITH_KNOTS('',1,3,((#1944,#1945,#1946,#1947,#1948),
(#1949,#1950,#1951,#1952,#1953)),.UNSPECIFIED.,.F.,.F.,.F.,(2,2),(4,1,4),
(1.65212671457782,8.328415561433),(-1.57079636483363,-0.897597918047024,
1.10017914778382E-8),.UNSPECIFIED.);
#32=B_SPLINE_SURFACE_WITH_KNOTS('',1,3,((#2189,#2190,#2191,#2192,#2193),
(#2194,#2195,#2196,#2197,#2198)),.UNSPECIFIED.,.F.,.F.,.F.,(2,2),(4,1,4),
(1.71428549195368,5.08715574274948),(3.14159266459153,3.81479106934345,
4.71238894234601),.UNSPECIFIED.);
#33=(
BOUNDED_SURFACE()
B_SPLINE_SURFACE(1,2,((#1930,#1931,#1932),(#1933,#1934,#1935)),
 .UNSPECIFIED.,.F.,.F.,.F.)
B_SPLINE_SURFACE_WITH_KNOTS((2,2),(3,3),(1.19999968777907,3.19174263404485),
(-9.75656758397037E-15,1.57079629958305),.UNSPECIFIED.)
GEOMETRIC_REPRESENTATION_ITEM()
RATIONAL_B_SPLINE_SURFACE(((1.,0.707106790807386,1.),(1.,0.707106790807386,
1.)))
REPRESENTATION_ITEM('')
SURFACE()
);
#34=(
BOUNDED_SURFACE()
B_SPLINE_SURFACE(1,2,((#2159,#2160,#2161),(#2162,#2163,#2164)),
 .UNSPECIFIED.,.F.,.F.,.F.)
B_SPLINE_SURFACE_WITH_KNOTS((2,2),(3,3),(1.11284411087156,5.19915727888028),
(-1.57079635400676,2.50317289900475E-17),.UNSPECIFIED.)
GEOMETRIC_REPRESENTATION_ITEM()
RATIONAL_B_SPLINE_SURFACE(((1.,0.707106771565702,1.),(1.,0.707106771565702,
1.)))
REPRESENTATION_ITEM('')
SURFACE()
);
#35=ELLIPSE('',#1365,1.50572975631501,1.49999999999999);
#36=ELLIPSE('',#1368,1.50572975631504,1.50000000000002);
#37=ELLIPSE('',#1370,5.,4.98097349045873);
#38=ELLIPSE('',#1373,5.,4.98097349045873);
#39=CIRCLE('',#1328,2.25000000000005);
#40=CIRCLE('',#1329,2.25000000000005);
#41=CIRCLE('',#1332,2.25000000000005);
#42=CIRCLE('',#1333,2.25000000000005);
#43=CIRCLE('',#1336,2.25000000000005);
#44=CIRCLE('',#1337,2.25000000000005);
#45=CIRCLE('',#1341,2.25000000000004);
#46=CIRCLE('',#1342,2.25000000000004);
#47=CIRCLE('',#1345,2.25000000000005);
#48=CIRCLE('',#1346,2.25000000000005);
#49=CIRCLE('',#1350,2.25000000000005);
#50=CIRCLE('',#1351,2.25000000000005);
#51=CIRCLE('',#1353,1.);
#52=CIRCLE('',#1354,1.);
#53=CIRCLE('',#1357,0.999999999999996);
#54=CIRCLE('',#1358,0.999999999999996);
#55=CIRCLE('',#1361,1.39999999999999);
#56=CIRCLE('',#1362,1.39999999999999);
#57=CIRCLE('',#1364,1.49999999999999);
#58=CIRCLE('',#1367,1.50000000000002);
#59=CIRCLE('',#1369,5.);
#60=CIRCLE('',#1388,2.74999999999999);
#61=CIRCLE('',#1389,2.74999999999999);
#62=CIRCLE('',#1390,2.74999999999999);
#63=CIRCLE('',#1391,2.74999999999999);
#64=CIRCLE('',#1393,2.74999999999999);
#65=CIRCLE('',#1394,2.74999999999999);
#66=CIRCLE('',#1395,2.74999999999999);
#67=CIRCLE('',#1396,2.74999999999999);
#68=CIRCLE('',#1403,5.);
#69=CIRCLE('',#1418,1.);
#70=CIRCLE('',#1420,1.00000000000001);
#71=CIRCLE('',#1422,1.);
#72=CIRCLE('',#1424,1.00000000000001);
#73=CIRCLE('',#1426,0.999999999999996);
#74=CIRCLE('',#1428,1.);
#75=CIRCLE('',#1430,0.999999999999996);
#76=CIRCLE('',#1432,1.);
#77=CYLINDRICAL_SURFACE('',#1327,2.25000000000005);
#78=CYLINDRICAL_SURFACE('',#1331,2.25000000000005);
#79=CYLINDRICAL_SURFACE('',#1335,2.25000000000005);
#80=CYLINDRICAL_SURFACE('',#1340,2.25000000000004);
#81=CYLINDRICAL_SURFACE('',#1344,2.25000000000005);
#82=CYLINDRICAL_SURFACE('',#1349,2.25000000000005);
#83=CYLINDRICAL_SURFACE('',#1352,1.);
#84=CYLINDRICAL_SURFACE('',#1356,0.999999999999996);
#85=CYLINDRICAL_SURFACE('',#1360,1.39999999999999);
#86=CYLINDRICAL_SURFACE('',#1363,1.49999999999999);
#87=CYLINDRICAL_SURFACE('',#1366,1.50000000000002);
#88=CYLINDRICAL_SURFACE('',#1387,2.74999999999999);
#89=CYLINDRICAL_SURFACE('',#1392,2.74999999999999);
#90=CYLINDRICAL_SURFACE('',#1419,1.);
#91=CYLINDRICAL_SURFACE('',#1423,1.);
#92=CYLINDRICAL_SURFACE('',#1427,0.999999999999996);
#93=CYLINDRICAL_SURFACE('',#1431,0.999999999999996);
#94=FACE_OUTER_BOUND('',#165,.T.);
#95=FACE_OUTER_BOUND('',#166,.T.);
#96=FACE_OUTER_BOUND('',#167,.T.);
#97=FACE_OUTER_BOUND('',#168,.T.);
#98=FACE_OUTER_BOUND('',#169,.T.);
#99=FACE_OUTER_BOUND('',#170,.T.);
#100=FACE_OUTER_BOUND('',#171,.T.);
#101=FACE_OUTER_BOUND('',#172,.T.);
#102=FACE_OUTER_BOUND('',#173,.T.);
#103=FACE_OUTER_BOUND('',#174,.T.);
#104=FACE_OUTER_BOUND('',#175,.T.);
#105=FACE_OUTER_BOUND('',#176,.T.);
#106=FACE_OUTER_BOUND('',#177,.T.);
#107=FACE_OUTER_BOUND('',#178,.T.);
#108=FACE_OUTER_BOUND('',#179,.T.);
#109=FACE_OUTER_BOUND('',#180,.T.);
#110=FACE_OUTER_BOUND('',#181,.T.);
#111=FACE_OUTER_BOUND('',#182,.T.);
#112=FACE_OUTER_BOUND('',#183,.T.);
#113=FACE_OUTER_BOUND('',#184,.T.);
#114=FACE_OUTER_BOUND('',#185,.T.);
#115=FACE_OUTER_BOUND('',#186,.T.);
#116=FACE_OUTER_BOUND('',#187,.T.);
#117=FACE_OUTER_BOUND('',#188,.T.);
#118=FACE_OUTER_BOUND('',#190,.T.);
#119=FACE_OUTER_BOUND('',#191,.T.);
#120=FACE_OUTER_BOUND('',#192,.T.);
#121=FACE_OUTER_BOUND('',#193,.T.);
#122=FACE_OUTER_BOUND('',#194,.T.);
#123=FACE_OUTER_BOUND('',#195,.T.);
#124=FACE_OUTER_BOUND('',#196,.T.);
#125=FACE_OUTER_BOUND('',#197,.T.);
#126=FACE_OUTER_BOUND('',#198,.T.);
#127=FACE_OUTER_BOUND('',#199,.T.);
#128=FACE_OUTER_BOUND('',#200,.T.);
#129=FACE_OUTER_BOUND('',#201,.T.);
#130=FACE_OUTER_BOUND('',#202,.T.);
#131=FACE_OUTER_BOUND('',#203,.T.);
#132=FACE_OUTER_BOUND('',#204,.T.);
#133=FACE_OUTER_BOUND('',#205,.T.);
#134=FACE_OUTER_BOUND('',#206,.T.);
#135=FACE_OUTER_BOUND('',#207,.T.);
#136=FACE_OUTER_BOUND('',#208,.T.);
#137=FACE_OUTER_BOUND('',#210,.T.);
#138=FACE_OUTER_BOUND('',#212,.T.);
#139=FACE_OUTER_BOUND('',#213,.T.);
#140=FACE_OUTER_BOUND('',#214,.T.);
#141=FACE_OUTER_BOUND('',#215,.T.);
#142=FACE_OUTER_BOUND('',#216,.T.);
#143=FACE_OUTER_BOUND('',#218,.T.);
#144=FACE_OUTER_BOUND('',#219,.T.);
#145=FACE_OUTER_BOUND('',#220,.T.);
#146=FACE_OUTER_BOUND('',#221,.T.);
#147=FACE_OUTER_BOUND('',#222,.T.);
#148=FACE_OUTER_BOUND('',#223,.T.);
#149=FACE_OUTER_BOUND('',#225,.T.);
#150=FACE_OUTER_BOUND('',#226,.T.);
#151=FACE_OUTER_BOUND('',#228,.T.);
#152=FACE_OUTER_BOUND('',#231,.T.);
#153=FACE_OUTER_BOUND('',#232,.T.);
#154=FACE_OUTER_BOUND('',#233,.T.);
#155=FACE_OUTER_BOUND('',#234,.T.);
#156=FACE_OUTER_BOUND('',#235,.T.);
#157=FACE_OUTER_BOUND('',#236,.T.);
#158=FACE_OUTER_BOUND('',#237,.T.);
#159=FACE_OUTER_BOUND('',#238,.T.);
#160=FACE_OUTER_BOUND('',#239,.T.);
#161=FACE_OUTER_BOUND('',#240,.T.);
#162=FACE_OUTER_BOUND('',#241,.T.);
#163=FACE_OUTER_BOUND('',#242,.T.);
#164=FACE_OUTER_BOUND('',#244,.T.);
#165=EDGE_LOOP('',(#833,#834,#835,#836));
#166=EDGE_LOOP('',(#837,#838,#839,#840));
#167=EDGE_LOOP('',(#841,#842,#843,#844));
#168=EDGE_LOOP('',(#845,#846,#847,#848));
#169=EDGE_LOOP('',(#849,#850,#851,#852));
#170=EDGE_LOOP('',(#853,#854,#855,#856));
#171=EDGE_LOOP('',(#857,#858,#859,#860));
#172=EDGE_LOOP('',(#861,#862,#863,#864));
#173=EDGE_LOOP('',(#865,#866,#867,#868));
#174=EDGE_LOOP('',(#869,#870,#871,#872));
#175=EDGE_LOOP('',(#873,#874,#875,#876));
#176=EDGE_LOOP('',(#877,#878,#879,#880));
#177=EDGE_LOOP('',(#881,#882,#883,#884));
#178=EDGE_LOOP('',(#885,#886,#887,#888));
#179=EDGE_LOOP('',(#889,#890,#891,#892));
#180=EDGE_LOOP('',(#893,#894,#895,#896));
#181=EDGE_LOOP('',(#897,#898,#899,#900));
#182=EDGE_LOOP('',(#901,#902,#903,#904));
#183=EDGE_LOOP('',(#905,#906,#907,#908));
#184=EDGE_LOOP('',(#909,#910,#911,#912));
#185=EDGE_LOOP('',(#913,#914,#915,#916));
#186=EDGE_LOOP('',(#917,#918,#919,#920));
#187=EDGE_LOOP('',(#921,#922,#923,#924));
#188=EDGE_LOOP('',(#925,#926,#927,#928,#929,#930,#931,#932,#933,#934,#935,
#936,#937,#938,#939));
#189=EDGE_LOOP('',(#940));
#190=EDGE_LOOP('',(#941,#942,#943,#944,#945,#946));
#191=EDGE_LOOP('',(#947,#948,#949,#950));
#192=EDGE_LOOP('',(#951,#952,#953,#954));
#193=EDGE_LOOP('',(#955,#956,#957,#958));
#194=EDGE_LOOP('',(#959,#960,#961,#962));
#195=EDGE_LOOP('',(#963,#964,#965,#966,#967,#968,#969,#970,#971,#972));
#196=EDGE_LOOP('',(#973,#974,#975,#976));
#197=EDGE_LOOP('',(#977,#978,#979,#980));
#198=EDGE_LOOP('',(#981,#982,#983,#984));
#199=EDGE_LOOP('',(#985,#986,#987,#988));
#200=EDGE_LOOP('',(#989,#990,#991,#992,#993,#994,#995,#996,#997));
#201=EDGE_LOOP('',(#998,#999,#1000,#1001));
#202=EDGE_LOOP('',(#1002,#1003,#1004,#1005));
#203=EDGE_LOOP('',(#1006,#1007,#1008,#1009));
#204=EDGE_LOOP('',(#1010,#1011,#1012,#1013,#1014,#1015,#1016,#1017));
#205=EDGE_LOOP('',(#1018,#1019,#1020,#1021,#1022,#1023,#1024,#1025));
#206=EDGE_LOOP('',(#1026,#1027,#1028,#1029,#1030,#1031,#1032,#1033,#1034));
#207=EDGE_LOOP('',(#1035,#1036,#1037,#1038,#1039,#1040,#1041,#1042,#1043));
#208=EDGE_LOOP('',(#1044));
#209=EDGE_LOOP('',(#1045));
#210=EDGE_LOOP('',(#1046));
#211=EDGE_LOOP('',(#1047));
#212=EDGE_LOOP('',(#1048,#1049,#1050,#1051));
#213=EDGE_LOOP('',(#1052,#1053,#1054,#1055));
#214=EDGE_LOOP('',(#1056,#1057,#1058,#1059));
#215=EDGE_LOOP('',(#1060,#1061,#1062,#1063,#1064,#1065,#1066,#1067,#1068,
#1069,#1070,#1071));
#216=EDGE_LOOP('',(#1072,#1073,#1074,#1075,#1076,#1077));
#217=EDGE_LOOP('',(#1078));
#218=EDGE_LOOP('',(#1079,#1080,#1081,#1082));
#219=EDGE_LOOP('',(#1083,#1084,#1085,#1086));
#220=EDGE_LOOP('',(#1087,#1088,#1089,#1090));
#221=EDGE_LOOP('',(#1091,#1092,#1093,#1094));
#222=EDGE_LOOP('',(#1095,#1096,#1097,#1098));
#223=EDGE_LOOP('',(#1099,#1100,#1101,#1102,#1103,#1104));
#224=EDGE_LOOP('',(#1105));
#225=EDGE_LOOP('',(#1106,#1107,#1108,#1109));
#226=EDGE_LOOP('',(#1110,#1111,#1112,#1113,#1114,#1115,#1116,#1117,#1118,
#1119,#1120,#1121,#1122,#1123,#1124,#1125));
#227=EDGE_LOOP('',(#1126));
#228=EDGE_LOOP('',(#1127,#1128,#1129,#1130,#1131,#1132));
#229=EDGE_LOOP('',(#1133,#1134,#1135,#1136,#1137,#1138,#1139,#1140));
#230=EDGE_LOOP('',(#1141,#1142,#1143,#1144,#1145,#1146,#1147,#1148));
#231=EDGE_LOOP('',(#1149,#1150,#1151,#1152,#1153,#1154,#1155,#1156,#1157,
#1158));
#232=EDGE_LOOP('',(#1159,#1160,#1161,#1162));
#233=EDGE_LOOP('',(#1163,#1164,#1165,#1166));
#234=EDGE_LOOP('',(#1167));
#235=EDGE_LOOP('',(#1168,#1169,#1170,#1171));
#236=EDGE_LOOP('',(#1172));
#237=EDGE_LOOP('',(#1173,#1174,#1175,#1176));
#238=EDGE_LOOP('',(#1177));
#239=EDGE_LOOP('',(#1178,#1179,#1180,#1181));
#240=EDGE_LOOP('',(#1182));
#241=EDGE_LOOP('',(#1183,#1184,#1185,#1186));
#242=EDGE_LOOP('',(#1187,#1188,#1189,#1190));
#243=EDGE_LOOP('',(#1191));
#244=EDGE_LOOP('',(#1192,#1193,#1194,#1195,#1196,#1197,#1198,#1199));
#245=EDGE_LOOP('',(#1200));
#246=EDGE_LOOP('',(#1201));
#247=EDGE_LOOP('',(#1202));
#248=LINE('',#1798,#387);
#249=LINE('',#1800,#388);
#250=LINE('',#1802,#389);
#251=LINE('',#1803,#390);
#252=LINE('',#1808,#391);
#253=LINE('',#1812,#392);
#254=LINE('',#1814,#393);
#255=LINE('',#1815,#394);
#256=LINE('',#1820,#395);
#257=LINE('',#1824,#396);
#258=LINE('',#1826,#397);
#259=LINE('',#1827,#398);
#260=LINE('',#1832,#399);
#261=LINE('',#1836,#400);
#262=LINE('',#1838,#401);
#263=LINE('',#1839,#402);
#264=LINE('',#1843,#403);
#265=LINE('',#1845,#404);
#266=LINE('',#1847,#405);
#267=LINE('',#1848,#406);
#268=LINE('',#1853,#407);
#269=LINE('',#1857,#408);
#270=LINE('',#1859,#409);
#271=LINE('',#1860,#410);
#272=LINE('',#1865,#411);
#273=LINE('',#1869,#412);
#274=LINE('',#1871,#413);
#275=LINE('',#1872,#414);
#276=LINE('',#1876,#415);
#277=LINE('',#1878,#416);
#278=LINE('',#1880,#417);
#279=LINE('',#1881,#418);
#280=LINE('',#1890,#419);
#281=LINE('',#1893,#420);
#282=LINE('',#1896,#421);
#283=LINE('',#1898,#422);
#284=LINE('',#1899,#423);
#285=LINE('',#1905,#424);
#286=LINE('',#1909,#425);
#287=LINE('',#1910,#426);
#288=LINE('',#1911,#427);
#289=LINE('',#1916,#428);
#290=LINE('',#1922,#429);
#291=LINE('',#1928,#430);
#292=LINE('',#1940,#431);
#293=LINE('',#1943,#432);
#294=LINE('',#2012,#433);
#295=LINE('',#2021,#434);
#296=LINE('',#2025,#435);
#297=LINE('',#2026,#436);
#298=LINE('',#2028,#437);
#299=LINE('',#2030,#438);
#300=LINE('',#2032,#439);
#301=LINE('',#2034,#440);
#302=LINE('',#2036,#441);
#303=LINE('',#2038,#442);
#304=LINE('',#2040,#443);
#305=LINE('',#2042,#444);
#306=LINE('',#2043,#445);
#307=LINE('',#2046,#446);
#308=LINE('',#2047,#447);
#309=LINE('',#2049,#448);
#310=LINE('',#2053,#449);
#311=LINE('',#2054,#450);
#312=LINE('',#2058,#451);
#313=LINE('',#2059,#452);
#314=LINE('',#2060,#453);
#315=LINE('',#2063,#454);
#316=LINE('',#2064,#455);
#317=LINE('',#2067,#456);
#318=LINE('',#2068,#457);
#319=LINE('',#2072,#458);
#320=LINE('',#2074,#459);
#321=LINE('',#2076,#460);
#322=LINE('',#2078,#461);
#323=LINE('',#2080,#462);
#324=LINE('',#2081,#463);
#325=LINE('',#2083,#464);
#326=LINE('',#2084,#465);
#327=LINE('',#2088,#466);
#328=LINE('',#2089,#467);
#329=LINE('',#2090,#468);
#330=LINE('',#2093,#469);
#331=LINE('',#2094,#470);
#332=LINE('',#2097,#471);
#333=LINE('',#2098,#472);
#334=LINE('',#2101,#473);
#335=LINE('',#2102,#474);
#336=LINE('',#2105,#475);
#337=LINE('',#2107,#476);
#338=LINE('',#2109,#477);
#339=LINE('',#2111,#478);
#340=LINE('',#2113,#479);
#341=LINE('',#2115,#480);
#342=LINE('',#2116,#481);
#343=LINE('',#2120,#482);
#344=LINE('',#2121,#483);
#345=LINE('',#2122,#484);
#346=LINE('',#2125,#485);
#347=LINE('',#2126,#486);
#348=LINE('',#2129,#487);
#349=LINE('',#2130,#488);
#350=LINE('',#2135,#489);
#351=LINE('',#2143,#490);
#352=LINE('',#2153,#491);
#353=LINE('',#2154,#492);
#354=LINE('',#2157,#493);
#355=LINE('',#2158,#494);
#356=LINE('',#2169,#495);
#357=LINE('',#2171,#496);
#358=LINE('',#2172,#497);
#359=LINE('',#2174,#498);
#360=LINE('',#2175,#499);
#361=LINE('',#2176,#500);
#362=LINE('',#2179,#501);
#363=LINE('',#2180,#502);
#364=LINE('',#2181,#503);
#365=LINE('',#2183,#504);
#366=LINE('',#2187,#505);
#367=LINE('',#2188,#506);
#368=LINE('',#2253,#507);
#369=LINE('',#2262,#508);
#370=LINE('',#2265,#509);
#371=LINE('',#2266,#510);
#372=LINE('',#2268,#511);
#373=LINE('',#2271,#512);
#374=LINE('',#2272,#513);
#375=LINE('',#2274,#514);
#376=LINE('',#2275,#515);
#377=LINE('',#2278,#516);
#378=LINE('',#2279,#517);
#379=LINE('',#2282,#518);
#380=LINE('',#2283,#519);
#381=LINE('',#2285,#520);
#382=LINE('',#2287,#521);
#383=LINE('',#2294,#522);
#384=LINE('',#2301,#523);
#385=LINE('',#2308,#524);
#386=LINE('',#2315,#525);
#387=VECTOR('',#1439,10.);
#388=VECTOR('',#1440,10.);
#389=VECTOR('',#1441,10.);
#390=VECTOR('',#1442,10.);
#391=VECTOR('',#1447,10.);
#392=VECTOR('',#1452,10.);
#393=VECTOR('',#1453,10.);
#394=VECTOR('',#1454,10.);
#395=VECTOR('',#1459,10.);
#396=VECTOR('',#1464,10.);
#397=VECTOR('',#1465,10.);
#398=VECTOR('',#1466,10.);
#399=VECTOR('',#1471,10.);
#400=VECTOR('',#1476,10.);
#401=VECTOR('',#1477,10.);
#402=VECTOR('',#1478,10.);
#403=VECTOR('',#1481,10.);
#404=VECTOR('',#1482,10.);
#405=VECTOR('',#1483,10.);
#406=VECTOR('',#1484,10.);
#407=VECTOR('',#1489,10.);
#408=VECTOR('',#1494,10.);
#409=VECTOR('',#1495,10.);
#410=VECTOR('',#1496,10.);
#411=VECTOR('',#1501,10.);
#412=VECTOR('',#1506,10.);
#413=VECTOR('',#1507,10.);
#414=VECTOR('',#1508,10.);
#415=VECTOR('',#1511,10.);
#416=VECTOR('',#1512,10.);
#417=VECTOR('',#1513,10.);
#418=VECTOR('',#1514,10.);
#419=VECTOR('',#1525,10.);
#420=VECTOR('',#1528,10.);
#421=VECTOR('',#1531,10.);
#422=VECTOR('',#1532,10.);
#423=VECTOR('',#1533,10.);
#424=VECTOR('',#1540,10.);
#425=VECTOR('',#1543,10.);
#426=VECTOR('',#1544,10.);
#427=VECTOR('',#1545,10.);
#428=VECTOR('',#1550,1.39999999999999);
#429=VECTOR('',#1557,1.49999999999999);
#430=VECTOR('',#1564,1.50000000000002);
#431=VECTOR('',#1569,10.);
#432=VECTOR('',#1572,10.);
#433=VECTOR('',#1573,10.);
#434=VECTOR('',#1574,10.);
#435=VECTOR('',#1577,10.);
#436=VECTOR('',#1578,10.);
#437=VECTOR('',#1579,10.);
#438=VECTOR('',#1580,10.);
#439=VECTOR('',#1581,10.);
#440=VECTOR('',#1582,10.);
#441=VECTOR('',#1583,10.);
#442=VECTOR('',#1584,10.);
#443=VECTOR('',#1585,10.);
#444=VECTOR('',#1586,10.);
#445=VECTOR('',#1587,10.);
#446=VECTOR('',#1590,10.);
#447=VECTOR('',#1591,10.);
#448=VECTOR('',#1592,10.);
#449=VECTOR('',#1597,10.);
#450=VECTOR('',#1598,10.);
#451=VECTOR('',#1601,10.);
#452=VECTOR('',#1602,10.);
#453=VECTOR('',#1603,10.);
#454=VECTOR('',#1606,10.);
#455=VECTOR('',#1607,10.);
#456=VECTOR('',#1610,10.);
#457=VECTOR('',#1611,10.);
#458=VECTOR('',#1614,10.);
#459=VECTOR('',#1615,10.);
#460=VECTOR('',#1616,10.);
#461=VECTOR('',#1617,10.);
#462=VECTOR('',#1618,10.);
#463=VECTOR('',#1619,10.);
#464=VECTOR('',#1620,10.);
#465=VECTOR('',#1621,10.);
#466=VECTOR('',#1624,10.);
#467=VECTOR('',#1625,10.);
#468=VECTOR('',#1626,10.);
#469=VECTOR('',#1629,10.);
#470=VECTOR('',#1630,10.);
#471=VECTOR('',#1633,10.);
#472=VECTOR('',#1634,10.);
#473=VECTOR('',#1637,10.);
#474=VECTOR('',#1638,10.);
#475=VECTOR('',#1641,10.);
#476=VECTOR('',#1642,10.);
#477=VECTOR('',#1643,10.);
#478=VECTOR('',#1644,10.);
#479=VECTOR('',#1645,10.);
#480=VECTOR('',#1646,10.);
#481=VECTOR('',#1647,10.);
#482=VECTOR('',#1650,10.);
#483=VECTOR('',#1651,10.);
#484=VECTOR('',#1652,10.);
#485=VECTOR('',#1655,10.);
#486=VECTOR('',#1656,10.);
#487=VECTOR('',#1659,10.);
#488=VECTOR('',#1660,10.);
#489=VECTOR('',#1665,2.74999999999999);
#490=VECTOR('',#1676,2.74999999999999);
#491=VECTOR('',#1693,10.);
#492=VECTOR('',#1694,10.);
#493=VECTOR('',#1697,10.);
#494=VECTOR('',#1698,10.);
#495=VECTOR('',#1703,10.);
#496=VECTOR('',#1704,10.);
#497=VECTOR('',#1705,10.);
#498=VECTOR('',#1706,10.);
#499=VECTOR('',#1707,10.);
#500=VECTOR('',#1708,10.);
#501=VECTOR('',#1711,10.);
#502=VECTOR('',#1712,10.);
#503=VECTOR('',#1713,10.);
#504=VECTOR('',#1716,10.);
#505=VECTOR('',#1721,10.);
#506=VECTOR('',#1722,10.);
#507=VECTOR('',#1723,10.);
#508=VECTOR('',#1726,10.);
#509=VECTOR('',#1729,10.);
#510=VECTOR('',#1730,10.);
#511=VECTOR('',#1733,10.);
#512=VECTOR('',#1736,10.);
#513=VECTOR('',#1737,10.);
#514=VECTOR('',#1738,10.);
#515=VECTOR('',#1739,10.);
#516=VECTOR('',#1742,10.);
#517=VECTOR('',#1743,10.);
#518=VECTOR('',#1746,10.);
#519=VECTOR('',#1747,10.);
#520=VECTOR('',#1750,10.);
#521=VECTOR('',#1753,10.);
#522=VECTOR('',#1762,1.);
#523=VECTOR('',#1771,1.);
#524=VECTOR('',#1780,0.999999999999996);
#525=VECTOR('',#1789,0.999999999999996);
#526=VERTEX_POINT('',#1796);
#527=VERTEX_POINT('',#1797);
#528=VERTEX_POINT('',#1799);
#529=VERTEX_POINT('',#1801);
#530=VERTEX_POINT('',#1805);
#531=VERTEX_POINT('',#1807);
#532=VERTEX_POINT('',#1811);
#533=VERTEX_POINT('',#1813);
#534=VERTEX_POINT('',#1817);
#535=VERTEX_POINT('',#1819);
#536=VERTEX_POINT('',#1823);
#537=VERTEX_POINT('',#1825);
#538=VERTEX_POINT('',#1829);
#539=VERTEX_POINT('',#1831);
#540=VERTEX_POINT('',#1835);
#541=VERTEX_POINT('',#1837);
#542=VERTEX_POINT('',#1841);
#543=VERTEX_POINT('',#1842);
#544=VERTEX_POINT('',#1844);
#545=VERTEX_POINT('',#1846);
#546=VERTEX_POINT('',#1850);
#547=VERTEX_POINT('',#1852);
#548=VERTEX_POINT('',#1856);
#549=VERTEX_POINT('',#1858);
#550=VERTEX_POINT('',#1862);
#551=VERTEX_POINT('',#1864);
#552=VERTEX_POINT('',#1868);
#553=VERTEX_POINT('',#1870);
#554=VERTEX_POINT('',#1874);
#555=VERTEX_POINT('',#1875);
#556=VERTEX_POINT('',#1877);
#557=VERTEX_POINT('',#1879);
#558=VERTEX_POINT('',#1886);
#559=VERTEX_POINT('',#1887);
#560=VERTEX_POINT('',#1889);
#561=VERTEX_POINT('',#1891);
#562=VERTEX_POINT('',#1895);
#563=VERTEX_POINT('',#1897);
#564=VERTEX_POINT('',#1901);
#565=VERTEX_POINT('',#1903);
#566=VERTEX_POINT('',#1907);
#567=VERTEX_POINT('',#1908);
#568=VERTEX_POINT('',#1913);
#569=VERTEX_POINT('',#1915);
#570=VERTEX_POINT('',#1919);
#571=VERTEX_POINT('',#1921);
#572=VERTEX_POINT('',#1925);
#573=VERTEX_POINT('',#1927);
#574=VERTEX_POINT('',#1936);
#575=VERTEX_POINT('',#1937);
#576=VERTEX_POINT('',#1939);
#577=VERTEX_POINT('',#1941);
#578=VERTEX_POINT('',#1954);
#579=VERTEX_POINT('',#1955);
#580=VERTEX_POINT('',#2011);
#581=VERTEX_POINT('',#2013);
#582=VERTEX_POINT('',#2023);
#583=VERTEX_POINT('',#2024);
#584=VERTEX_POINT('',#2027);
#585=VERTEX_POINT('',#2029);
#586=VERTEX_POINT('',#2031);
#587=VERTEX_POINT('',#2033);
#588=VERTEX_POINT('',#2035);
#589=VERTEX_POINT('',#2037);
#590=VERTEX_POINT('',#2039);
#591=VERTEX_POINT('',#2041);
#592=VERTEX_POINT('',#2045);
#593=VERTEX_POINT('',#2048);
#594=VERTEX_POINT('',#2052);
#595=VERTEX_POINT('',#2056);
#596=VERTEX_POINT('',#2057);
#597=VERTEX_POINT('',#2062);
#598=VERTEX_POINT('',#2066);
#599=VERTEX_POINT('',#2070);
#600=VERTEX_POINT('',#2071);
#601=VERTEX_POINT('',#2073);
#602=VERTEX_POINT('',#2075);
#603=VERTEX_POINT('',#2077);
#604=VERTEX_POINT('',#2079);
#605=VERTEX_POINT('',#2082);
#606=VERTEX_POINT('',#2086);
#607=VERTEX_POINT('',#2087);
#608=VERTEX_POINT('',#2092);
#609=VERTEX_POINT('',#2096);
#610=VERTEX_POINT('',#2100);
#611=VERTEX_POINT('',#2104);
#612=VERTEX_POINT('',#2106);
#613=VERTEX_POINT('',#2108);
#614=VERTEX_POINT('',#2110);
#615=VERTEX_POINT('',#2112);
#616=VERTEX_POINT('',#2114);
#617=VERTEX_POINT('',#2118);
#618=VERTEX_POINT('',#2119);
#619=VERTEX_POINT('',#2124);
#620=VERTEX_POINT('',#2128);
#621=VERTEX_POINT('',#2132);
#622=VERTEX_POINT('',#2134);
#623=VERTEX_POINT('',#2140);
#624=VERTEX_POINT('',#2142);
#625=VERTEX_POINT('',#2152);
#626=VERTEX_POINT('',#2156);
#627=VERTEX_POINT('',#2167);
#628=VERTEX_POINT('',#2168);
#629=VERTEX_POINT('',#2170);
#630=VERTEX_POINT('',#2173);
#631=VERTEX_POINT('',#2178);
#632=VERTEX_POINT('',#2186);
#633=VERTEX_POINT('',#2199);
#634=VERTEX_POINT('',#2252);
#635=VERTEX_POINT('',#2264);
#636=VERTEX_POINT('',#2270);
#637=VERTEX_POINT('',#2273);
#638=VERTEX_POINT('',#2277);
#639=VERTEX_POINT('',#2281);
#640=VERTEX_POINT('',#2289);
#641=VERTEX_POINT('',#2292);
#642=VERTEX_POINT('',#2296);
#643=VERTEX_POINT('',#2299);
#644=VERTEX_POINT('',#2303);
#645=VERTEX_POINT('',#2306);
#646=VERTEX_POINT('',#2310);
#647=VERTEX_POINT('',#2313);
#648=EDGE_CURVE('',#526,#527,#248,.T.);
#649=EDGE_CURVE('',#526,#528,#249,.T.);
#650=EDGE_CURVE('',#528,#529,#250,.T.);
#651=EDGE_CURVE('',#529,#527,#251,.T.);
#652=EDGE_CURVE('',#530,#526,#39,.T.);
#653=EDGE_CURVE('',#530,#531,#252,.T.);
#654=EDGE_CURVE('',#531,#528,#40,.T.);
#655=EDGE_CURVE('',#532,#530,#253,.T.);
#656=EDGE_CURVE('',#532,#533,#254,.T.);
#657=EDGE_CURVE('',#533,#531,#255,.T.);
#658=EDGE_CURVE('',#534,#532,#41,.T.);
#659=EDGE_CURVE('',#534,#535,#256,.T.);
#660=EDGE_CURVE('',#535,#533,#42,.T.);
#661=EDGE_CURVE('',#536,#534,#257,.T.);
#662=EDGE_CURVE('',#536,#537,#258,.T.);
#663=EDGE_CURVE('',#537,#535,#259,.T.);
#664=EDGE_CURVE('',#538,#536,#43,.T.);
#665=EDGE_CURVE('',#538,#539,#260,.T.);
#666=EDGE_CURVE('',#539,#537,#44,.T.);
#667=EDGE_CURVE('',#540,#538,#261,.T.);
#668=EDGE_CURVE('',#541,#540,#262,.T.);
#669=EDGE_CURVE('',#541,#539,#263,.T.);
#670=EDGE_CURVE('',#542,#543,#264,.T.);
#671=EDGE_CURVE('',#542,#544,#265,.T.);
#672=EDGE_CURVE('',#544,#545,#266,.T.);
#673=EDGE_CURVE('',#543,#545,#267,.T.);
#674=EDGE_CURVE('',#546,#542,#45,.T.);
#675=EDGE_CURVE('',#546,#547,#268,.T.);
#676=EDGE_CURVE('',#547,#544,#46,.T.);
#677=EDGE_CURVE('',#548,#546,#269,.T.);
#678=EDGE_CURVE('',#548,#549,#270,.T.);
#679=EDGE_CURVE('',#549,#547,#271,.T.);
#680=EDGE_CURVE('',#550,#548,#47,.T.);
#681=EDGE_CURVE('',#550,#551,#272,.T.);
#682=EDGE_CURVE('',#551,#549,#48,.T.);
#683=EDGE_CURVE('',#552,#550,#273,.T.);
#684=EDGE_CURVE('',#553,#552,#274,.T.);
#685=EDGE_CURVE('',#553,#551,#275,.T.);
#686=EDGE_CURVE('',#554,#555,#276,.T.);
#687=EDGE_CURVE('',#554,#556,#277,.T.);
#688=EDGE_CURVE('',#556,#557,#278,.T.);
#689=EDGE_CURVE('',#557,#555,#279,.T.);
#690=EDGE_CURVE('',#543,#554,#49,.T.);
#691=EDGE_CURVE('',#545,#556,#50,.T.);
#692=EDGE_CURVE('',#558,#559,#51,.T.);
#693=EDGE_CURVE('',#560,#558,#280,.T.);
#694=EDGE_CURVE('',#561,#560,#52,.F.);
#695=EDGE_CURVE('',#561,#559,#281,.T.);
#696=EDGE_CURVE('',#559,#562,#282,.T.);
#697=EDGE_CURVE('',#563,#561,#283,.F.);
#698=EDGE_CURVE('',#563,#562,#284,.T.);
#699=EDGE_CURVE('',#562,#564,#53,.T.);
#700=EDGE_CURVE('',#565,#563,#54,.F.);
#701=EDGE_CURVE('',#565,#564,#285,.T.);
#702=EDGE_CURVE('',#566,#567,#286,.T.);
#703=EDGE_CURVE('',#564,#566,#287,.T.);
#704=EDGE_CURVE('',#567,#565,#288,.F.);
#705=EDGE_CURVE('',#568,#568,#55,.F.);
#706=EDGE_CURVE('',#568,#569,#289,.T.);
#707=EDGE_CURVE('',#569,#569,#56,.T.);
#708=EDGE_CURVE('',#570,#570,#57,.T.);
#709=EDGE_CURVE('',#570,#571,#290,.T.);
#710=EDGE_CURVE('',#571,#571,#35,.T.);
#711=EDGE_CURVE('',#572,#572,#58,.T.);
#712=EDGE_CURVE('',#572,#573,#291,.T.);
#713=EDGE_CURVE('',#573,#573,#36,.T.);
#714=EDGE_CURVE('',#574,#575,#59,.T.);
#715=EDGE_CURVE('',#575,#576,#292,.T.);
#716=EDGE_CURVE('',#576,#577,#37,.T.);
#717=EDGE_CURVE('',#574,#577,#293,.T.);
#718=EDGE_CURVE('',#578,#579,#27,.T.);
#719=EDGE_CURVE('',#579,#580,#294,.T.);
#720=EDGE_CURVE('',#580,#581,#28,.F.);
#721=EDGE_CURVE('',#578,#581,#295,.T.);
#722=EDGE_CURVE('',#582,#583,#296,.T.);
#723=EDGE_CURVE('',#582,#558,#297,.T.);
#724=EDGE_CURVE('',#584,#566,#298,.T.);
#725=EDGE_CURVE('',#584,#585,#299,.T.);
#726=EDGE_CURVE('',#586,#585,#300,.T.);
#727=EDGE_CURVE('',#587,#586,#301,.T.);
#728=EDGE_CURVE('',#588,#587,#302,.T.);
#729=EDGE_CURVE('',#588,#589,#303,.T.);
#730=EDGE_CURVE('',#589,#590,#304,.T.);
#731=EDGE_CURVE('',#590,#591,#305,.T.);
#732=EDGE_CURVE('',#583,#591,#306,.T.);
#733=EDGE_CURVE('',#592,#584,#307,.T.);
#734=EDGE_CURVE('',#577,#592,#308,.T.);
#735=EDGE_CURVE('',#593,#576,#309,.T.);
#736=EDGE_CURVE('',#585,#593,#38,.T.);
#737=EDGE_CURVE('',#594,#582,#310,.T.);
#738=EDGE_CURVE('',#560,#594,#311,.F.);
#739=EDGE_CURVE('',#595,#596,#312,.T.);
#740=EDGE_CURVE('',#595,#589,#313,.T.);
#741=EDGE_CURVE('',#596,#588,#314,.T.);
#742=EDGE_CURVE('',#597,#595,#315,.T.);
#743=EDGE_CURVE('',#590,#597,#316,.T.);
#744=EDGE_CURVE('',#598,#597,#317,.T.);
#745=EDGE_CURVE('',#591,#598,#318,.T.);
#746=EDGE_CURVE('',#599,#600,#319,.T.);
#747=EDGE_CURVE('',#600,#601,#320,.T.);
#748=EDGE_CURVE('',#601,#602,#321,.T.);
#749=EDGE_CURVE('',#603,#602,#322,.T.);
#750=EDGE_CURVE('',#603,#604,#323,.T.);
#751=EDGE_CURVE('',#604,#593,#324,.T.);
#752=EDGE_CURVE('',#605,#575,#325,.T.);
#753=EDGE_CURVE('',#599,#605,#326,.T.);
#754=EDGE_CURVE('',#606,#607,#327,.T.);
#755=EDGE_CURVE('',#601,#606,#328,.T.);
#756=EDGE_CURVE('',#607,#600,#329,.T.);
#757=EDGE_CURVE('',#608,#599,#330,.T.);
#758=EDGE_CURVE('',#607,#608,#331,.T.);
#759=EDGE_CURVE('',#602,#609,#332,.T.);
#760=EDGE_CURVE('',#609,#606,#333,.T.);
#761=EDGE_CURVE('',#605,#610,#334,.T.);
#762=EDGE_CURVE('',#608,#610,#335,.T.);
#763=EDGE_CURVE('',#611,#592,#336,.T.);
#764=EDGE_CURVE('',#612,#611,#337,.T.);
#765=EDGE_CURVE('',#612,#613,#338,.T.);
#766=EDGE_CURVE('',#613,#614,#339,.T.);
#767=EDGE_CURVE('',#614,#615,#340,.T.);
#768=EDGE_CURVE('',#616,#615,#341,.T.);
#769=EDGE_CURVE('',#616,#574,#342,.T.);
#770=EDGE_CURVE('',#617,#618,#343,.T.);
#771=EDGE_CURVE('',#614,#617,#344,.T.);
#772=EDGE_CURVE('',#618,#613,#345,.T.);
#773=EDGE_CURVE('',#619,#617,#346,.T.);
#774=EDGE_CURVE('',#615,#619,#347,.T.);
#775=EDGE_CURVE('',#618,#620,#348,.T.);
#776=EDGE_CURVE('',#620,#612,#349,.T.);
#777=EDGE_CURVE('',#529,#621,#60,.T.);
#778=EDGE_CURVE('',#621,#622,#350,.T.);
#779=EDGE_CURVE('',#622,#622,#61,.T.);
#780=EDGE_CURVE('',#621,#541,#62,.T.);
#781=EDGE_CURVE('',#527,#540,#63,.T.);
#782=EDGE_CURVE('',#557,#623,#64,.T.);
#783=EDGE_CURVE('',#623,#624,#351,.T.);
#784=EDGE_CURVE('',#624,#624,#65,.T.);
#785=EDGE_CURVE('',#623,#553,#66,.T.);
#786=EDGE_CURVE('',#555,#552,#67,.T.);
#787=EDGE_CURVE('',#625,#603,#352,.T.);
#788=EDGE_CURVE('',#625,#609,#353,.T.);
#789=EDGE_CURVE('',#587,#626,#354,.T.);
#790=EDGE_CURVE('',#596,#626,#355,.T.);
#791=EDGE_CURVE('',#604,#586,#68,.T.);
#792=EDGE_CURVE('',#627,#628,#356,.T.);
#793=EDGE_CURVE('',#628,#629,#357,.T.);
#794=EDGE_CURVE('',#629,#580,#358,.F.);
#795=EDGE_CURVE('',#579,#630,#359,.T.);
#796=EDGE_CURVE('',#630,#625,#360,.T.);
#797=EDGE_CURVE('',#610,#627,#361,.T.);
#798=EDGE_CURVE('',#631,#578,#362,.T.);
#799=EDGE_CURVE('',#586,#631,#363,.T.);
#800=EDGE_CURVE('',#630,#604,#364,.T.);
#801=EDGE_CURVE('',#626,#631,#365,.T.);
#802=EDGE_CURVE('',#632,#616,#366,.T.);
#803=EDGE_CURVE('',#632,#619,#367,.T.);
#804=EDGE_CURVE('',#628,#633,#29,.T.);
#805=EDGE_CURVE('',#633,#634,#368,.T.);
#806=EDGE_CURVE('',#634,#629,#30,.F.);
#807=EDGE_CURVE('',#575,#627,#369,.T.);
#808=EDGE_CURVE('',#635,#574,#370,.T.);
#809=EDGE_CURVE('',#633,#635,#371,.T.);
#810=EDGE_CURVE('',#635,#632,#372,.T.);
#811=EDGE_CURVE('',#636,#594,#373,.T.);
#812=EDGE_CURVE('',#636,#598,#374,.T.);
#813=EDGE_CURVE('',#581,#637,#375,.F.);
#814=EDGE_CURVE('',#567,#637,#376,.T.);
#815=EDGE_CURVE('',#637,#638,#377,.T.);
#816=EDGE_CURVE('',#638,#634,#378,.F.);
#817=EDGE_CURVE('',#638,#639,#379,.T.);
#818=EDGE_CURVE('',#620,#639,#380,.T.);
#819=EDGE_CURVE('',#639,#611,#381,.T.);
#820=EDGE_CURVE('',#583,#636,#382,.T.);
#821=EDGE_CURVE('',#640,#640,#69,.T.);
#822=EDGE_CURVE('',#641,#641,#70,.T.);
#823=EDGE_CURVE('',#641,#640,#383,.T.);
#824=EDGE_CURVE('',#642,#642,#71,.T.);
#825=EDGE_CURVE('',#643,#643,#72,.T.);
#826=EDGE_CURVE('',#643,#642,#384,.T.);
#827=EDGE_CURVE('',#644,#644,#73,.T.);
#828=EDGE_CURVE('',#645,#645,#74,.T.);
#829=EDGE_CURVE('',#645,#644,#385,.T.);
#830=EDGE_CURVE('',#646,#646,#75,.T.);
#831=EDGE_CURVE('',#647,#647,#76,.T.);
#832=EDGE_CURVE('',#647,#646,#386,.T.);
#833=ORIENTED_EDGE('',*,*,#648,.F.);
#834=ORIENTED_EDGE('',*,*,#649,.T.);
#835=ORIENTED_EDGE('',*,*,#650,.T.);
#836=ORIENTED_EDGE('',*,*,#651,.T.);
#837=ORIENTED_EDGE('',*,*,#652,.F.);
#838=ORIENTED_EDGE('',*,*,#653,.T.);
#839=ORIENTED_EDGE('',*,*,#654,.T.);
#840=ORIENTED_EDGE('',*,*,#649,.F.);
#841=ORIENTED_EDGE('',*,*,#655,.F.);
#842=ORIENTED_EDGE('',*,*,#656,.T.);
#843=ORIENTED_EDGE('',*,*,#657,.T.);
#844=ORIENTED_EDGE('',*,*,#653,.F.);
#845=ORIENTED_EDGE('',*,*,#658,.F.);
#846=ORIENTED_EDGE('',*,*,#659,.T.);
#847=ORIENTED_EDGE('',*,*,#660,.T.);
#848=ORIENTED_EDGE('',*,*,#656,.F.);
#849=ORIENTED_EDGE('',*,*,#661,.F.);
#850=ORIENTED_EDGE('',*,*,#662,.T.);
#851=ORIENTED_EDGE('',*,*,#663,.T.);
#852=ORIENTED_EDGE('',*,*,#659,.F.);
#853=ORIENTED_EDGE('',*,*,#664,.F.);
#854=ORIENTED_EDGE('',*,*,#665,.T.);
#855=ORIENTED_EDGE('',*,*,#666,.T.);
#856=ORIENTED_EDGE('',*,*,#662,.F.);
#857=ORIENTED_EDGE('',*,*,#667,.F.);
#858=ORIENTED_EDGE('',*,*,#668,.F.);
#859=ORIENTED_EDGE('',*,*,#669,.T.);
#860=ORIENTED_EDGE('',*,*,#665,.F.);
#861=ORIENTED_EDGE('',*,*,#670,.F.);
#862=ORIENTED_EDGE('',*,*,#671,.T.);
#863=ORIENTED_EDGE('',*,*,#672,.T.);
#864=ORIENTED_EDGE('',*,*,#673,.F.);
#865=ORIENTED_EDGE('',*,*,#674,.F.);
#866=ORIENTED_EDGE('',*,*,#675,.T.);
#867=ORIENTED_EDGE('',*,*,#676,.T.);
#868=ORIENTED_EDGE('',*,*,#671,.F.);
#869=ORIENTED_EDGE('',*,*,#677,.F.);
#870=ORIENTED_EDGE('',*,*,#678,.T.);
#871=ORIENTED_EDGE('',*,*,#679,.T.);
#872=ORIENTED_EDGE('',*,*,#675,.F.);
#873=ORIENTED_EDGE('',*,*,#680,.F.);
#874=ORIENTED_EDGE('',*,*,#681,.T.);
#875=ORIENTED_EDGE('',*,*,#682,.T.);
#876=ORIENTED_EDGE('',*,*,#678,.F.);
#877=ORIENTED_EDGE('',*,*,#683,.F.);
#878=ORIENTED_EDGE('',*,*,#684,.F.);
#879=ORIENTED_EDGE('',*,*,#685,.T.);
#880=ORIENTED_EDGE('',*,*,#681,.F.);
#881=ORIENTED_EDGE('',*,*,#686,.F.);
#882=ORIENTED_EDGE('',*,*,#687,.T.);
#883=ORIENTED_EDGE('',*,*,#688,.T.);
#884=ORIENTED_EDGE('',*,*,#689,.T.);
#885=ORIENTED_EDGE('',*,*,#690,.F.);
#886=ORIENTED_EDGE('',*,*,#673,.T.);
#887=ORIENTED_EDGE('',*,*,#691,.T.);
#888=ORIENTED_EDGE('',*,*,#687,.F.);
#889=ORIENTED_EDGE('',*,*,#692,.F.);
#890=ORIENTED_EDGE('',*,*,#693,.F.);
#891=ORIENTED_EDGE('',*,*,#694,.F.);
#892=ORIENTED_EDGE('',*,*,#695,.T.);
#893=ORIENTED_EDGE('',*,*,#696,.F.);
#894=ORIENTED_EDGE('',*,*,#695,.F.);
#895=ORIENTED_EDGE('',*,*,#697,.F.);
#896=ORIENTED_EDGE('',*,*,#698,.T.);
#897=ORIENTED_EDGE('',*,*,#699,.F.);
#898=ORIENTED_EDGE('',*,*,#698,.F.);
#899=ORIENTED_EDGE('',*,*,#700,.F.);
#900=ORIENTED_EDGE('',*,*,#701,.T.);
#901=ORIENTED_EDGE('',*,*,#702,.F.);
#902=ORIENTED_EDGE('',*,*,#703,.F.);
#903=ORIENTED_EDGE('',*,*,#701,.F.);
#904=ORIENTED_EDGE('',*,*,#704,.F.);
#905=ORIENTED_EDGE('',*,*,#705,.F.);
#906=ORIENTED_EDGE('',*,*,#706,.T.);
#907=ORIENTED_EDGE('',*,*,#707,.F.);
#908=ORIENTED_EDGE('',*,*,#706,.F.);
#909=ORIENTED_EDGE('',*,*,#708,.T.);
#910=ORIENTED_EDGE('',*,*,#709,.T.);
#911=ORIENTED_EDGE('',*,*,#710,.T.);
#912=ORIENTED_EDGE('',*,*,#709,.F.);
#913=ORIENTED_EDGE('',*,*,#711,.T.);
#914=ORIENTED_EDGE('',*,*,#712,.T.);
#915=ORIENTED_EDGE('',*,*,#713,.T.);
#916=ORIENTED_EDGE('',*,*,#712,.F.);
#917=ORIENTED_EDGE('',*,*,#714,.T.);
#918=ORIENTED_EDGE('',*,*,#715,.T.);
#919=ORIENTED_EDGE('',*,*,#716,.T.);
#920=ORIENTED_EDGE('',*,*,#717,.F.);
#921=ORIENTED_EDGE('',*,*,#718,.T.);
#922=ORIENTED_EDGE('',*,*,#719,.T.);
#923=ORIENTED_EDGE('',*,*,#720,.T.);
#924=ORIENTED_EDGE('',*,*,#721,.F.);
#925=ORIENTED_EDGE('',*,*,#722,.F.);
#926=ORIENTED_EDGE('',*,*,#723,.T.);
#927=ORIENTED_EDGE('',*,*,#692,.T.);
#928=ORIENTED_EDGE('',*,*,#696,.T.);
#929=ORIENTED_EDGE('',*,*,#699,.T.);
#930=ORIENTED_EDGE('',*,*,#703,.T.);
#931=ORIENTED_EDGE('',*,*,#724,.F.);
#932=ORIENTED_EDGE('',*,*,#725,.T.);
#933=ORIENTED_EDGE('',*,*,#726,.F.);
#934=ORIENTED_EDGE('',*,*,#727,.F.);
#935=ORIENTED_EDGE('',*,*,#728,.F.);
#936=ORIENTED_EDGE('',*,*,#729,.T.);
#937=ORIENTED_EDGE('',*,*,#730,.T.);
#938=ORIENTED_EDGE('',*,*,#731,.T.);
#939=ORIENTED_EDGE('',*,*,#732,.F.);
#940=ORIENTED_EDGE('',*,*,#707,.T.);
#941=ORIENTED_EDGE('',*,*,#733,.F.);
#942=ORIENTED_EDGE('',*,*,#734,.F.);
#943=ORIENTED_EDGE('',*,*,#716,.F.);
#944=ORIENTED_EDGE('',*,*,#735,.F.);
#945=ORIENTED_EDGE('',*,*,#736,.F.);
#946=ORIENTED_EDGE('',*,*,#725,.F.);
#947=ORIENTED_EDGE('',*,*,#737,.F.);
#948=ORIENTED_EDGE('',*,*,#738,.F.);
#949=ORIENTED_EDGE('',*,*,#693,.T.);
#950=ORIENTED_EDGE('',*,*,#723,.F.);
#951=ORIENTED_EDGE('',*,*,#739,.F.);
#952=ORIENTED_EDGE('',*,*,#740,.T.);
#953=ORIENTED_EDGE('',*,*,#729,.F.);
#954=ORIENTED_EDGE('',*,*,#741,.F.);
#955=ORIENTED_EDGE('',*,*,#742,.F.);
#956=ORIENTED_EDGE('',*,*,#743,.F.);
#957=ORIENTED_EDGE('',*,*,#730,.F.);
#958=ORIENTED_EDGE('',*,*,#740,.F.);
#959=ORIENTED_EDGE('',*,*,#744,.F.);
#960=ORIENTED_EDGE('',*,*,#745,.F.);
#961=ORIENTED_EDGE('',*,*,#731,.F.);
#962=ORIENTED_EDGE('',*,*,#743,.T.);
#963=ORIENTED_EDGE('',*,*,#746,.T.);
#964=ORIENTED_EDGE('',*,*,#747,.T.);
#965=ORIENTED_EDGE('',*,*,#748,.T.);
#966=ORIENTED_EDGE('',*,*,#749,.F.);
#967=ORIENTED_EDGE('',*,*,#750,.T.);
#968=ORIENTED_EDGE('',*,*,#751,.T.);
#969=ORIENTED_EDGE('',*,*,#735,.T.);
#970=ORIENTED_EDGE('',*,*,#715,.F.);
#971=ORIENTED_EDGE('',*,*,#752,.F.);
#972=ORIENTED_EDGE('',*,*,#753,.F.);
#973=ORIENTED_EDGE('',*,*,#754,.F.);
#974=ORIENTED_EDGE('',*,*,#755,.F.);
#975=ORIENTED_EDGE('',*,*,#747,.F.);
#976=ORIENTED_EDGE('',*,*,#756,.F.);
#977=ORIENTED_EDGE('',*,*,#757,.F.);
#978=ORIENTED_EDGE('',*,*,#758,.F.);
#979=ORIENTED_EDGE('',*,*,#756,.T.);
#980=ORIENTED_EDGE('',*,*,#746,.F.);
#981=ORIENTED_EDGE('',*,*,#759,.F.);
#982=ORIENTED_EDGE('',*,*,#748,.F.);
#983=ORIENTED_EDGE('',*,*,#755,.T.);
#984=ORIENTED_EDGE('',*,*,#760,.F.);
#985=ORIENTED_EDGE('',*,*,#761,.T.);
#986=ORIENTED_EDGE('',*,*,#762,.F.);
#987=ORIENTED_EDGE('',*,*,#757,.T.);
#988=ORIENTED_EDGE('',*,*,#753,.T.);
#989=ORIENTED_EDGE('',*,*,#763,.F.);
#990=ORIENTED_EDGE('',*,*,#764,.F.);
#991=ORIENTED_EDGE('',*,*,#765,.T.);
#992=ORIENTED_EDGE('',*,*,#766,.T.);
#993=ORIENTED_EDGE('',*,*,#767,.T.);
#994=ORIENTED_EDGE('',*,*,#768,.F.);
#995=ORIENTED_EDGE('',*,*,#769,.T.);
#996=ORIENTED_EDGE('',*,*,#717,.T.);
#997=ORIENTED_EDGE('',*,*,#734,.T.);
#998=ORIENTED_EDGE('',*,*,#770,.F.);
#999=ORIENTED_EDGE('',*,*,#771,.F.);
#1000=ORIENTED_EDGE('',*,*,#766,.F.);
#1001=ORIENTED_EDGE('',*,*,#772,.F.);
#1002=ORIENTED_EDGE('',*,*,#773,.F.);
#1003=ORIENTED_EDGE('',*,*,#774,.F.);
#1004=ORIENTED_EDGE('',*,*,#767,.F.);
#1005=ORIENTED_EDGE('',*,*,#771,.T.);
#1006=ORIENTED_EDGE('',*,*,#775,.F.);
#1007=ORIENTED_EDGE('',*,*,#772,.T.);
#1008=ORIENTED_EDGE('',*,*,#765,.F.);
#1009=ORIENTED_EDGE('',*,*,#776,.F.);
#1010=ORIENTED_EDGE('',*,*,#651,.F.);
#1011=ORIENTED_EDGE('',*,*,#777,.T.);
#1012=ORIENTED_EDGE('',*,*,#778,.T.);
#1013=ORIENTED_EDGE('',*,*,#779,.T.);
#1014=ORIENTED_EDGE('',*,*,#778,.F.);
#1015=ORIENTED_EDGE('',*,*,#780,.T.);
#1016=ORIENTED_EDGE('',*,*,#668,.T.);
#1017=ORIENTED_EDGE('',*,*,#781,.F.);
#1018=ORIENTED_EDGE('',*,*,#689,.F.);
#1019=ORIENTED_EDGE('',*,*,#782,.T.);
#1020=ORIENTED_EDGE('',*,*,#783,.T.);
#1021=ORIENTED_EDGE('',*,*,#784,.T.);
#1022=ORIENTED_EDGE('',*,*,#783,.F.);
#1023=ORIENTED_EDGE('',*,*,#785,.T.);
#1024=ORIENTED_EDGE('',*,*,#684,.T.);
#1025=ORIENTED_EDGE('',*,*,#786,.F.);
#1026=ORIENTED_EDGE('',*,*,#777,.F.);
#1027=ORIENTED_EDGE('',*,*,#650,.F.);
#1028=ORIENTED_EDGE('',*,*,#654,.F.);
#1029=ORIENTED_EDGE('',*,*,#657,.F.);
#1030=ORIENTED_EDGE('',*,*,#660,.F.);
#1031=ORIENTED_EDGE('',*,*,#663,.F.);
#1032=ORIENTED_EDGE('',*,*,#666,.F.);
#1033=ORIENTED_EDGE('',*,*,#669,.F.);
#1034=ORIENTED_EDGE('',*,*,#780,.F.);
#1035=ORIENTED_EDGE('',*,*,#782,.F.);
#1036=ORIENTED_EDGE('',*,*,#688,.F.);
#1037=ORIENTED_EDGE('',*,*,#691,.F.);
#1038=ORIENTED_EDGE('',*,*,#672,.F.);
#1039=ORIENTED_EDGE('',*,*,#676,.F.);
#1040=ORIENTED_EDGE('',*,*,#679,.F.);
#1041=ORIENTED_EDGE('',*,*,#682,.F.);
#1042=ORIENTED_EDGE('',*,*,#685,.F.);
#1043=ORIENTED_EDGE('',*,*,#785,.F.);
#1044=ORIENTED_EDGE('',*,*,#784,.F.);
#1045=ORIENTED_EDGE('',*,*,#708,.F.);
#1046=ORIENTED_EDGE('',*,*,#779,.F.);
#1047=ORIENTED_EDGE('',*,*,#711,.F.);
#1048=ORIENTED_EDGE('',*,*,#787,.T.);
#1049=ORIENTED_EDGE('',*,*,#749,.T.);
#1050=ORIENTED_EDGE('',*,*,#759,.T.);
#1051=ORIENTED_EDGE('',*,*,#788,.F.);
#1052=ORIENTED_EDGE('',*,*,#789,.T.);
#1053=ORIENTED_EDGE('',*,*,#790,.F.);
#1054=ORIENTED_EDGE('',*,*,#741,.T.);
#1055=ORIENTED_EDGE('',*,*,#728,.T.);
#1056=ORIENTED_EDGE('',*,*,#791,.T.);
#1057=ORIENTED_EDGE('',*,*,#726,.T.);
#1058=ORIENTED_EDGE('',*,*,#736,.T.);
#1059=ORIENTED_EDGE('',*,*,#751,.F.);
#1060=ORIENTED_EDGE('',*,*,#792,.T.);
#1061=ORIENTED_EDGE('',*,*,#793,.T.);
#1062=ORIENTED_EDGE('',*,*,#794,.T.);
#1063=ORIENTED_EDGE('',*,*,#719,.F.);
#1064=ORIENTED_EDGE('',*,*,#795,.T.);
#1065=ORIENTED_EDGE('',*,*,#796,.T.);
#1066=ORIENTED_EDGE('',*,*,#788,.T.);
#1067=ORIENTED_EDGE('',*,*,#760,.T.);
#1068=ORIENTED_EDGE('',*,*,#754,.T.);
#1069=ORIENTED_EDGE('',*,*,#758,.T.);
#1070=ORIENTED_EDGE('',*,*,#762,.T.);
#1071=ORIENTED_EDGE('',*,*,#797,.T.);
#1072=ORIENTED_EDGE('',*,*,#795,.F.);
#1073=ORIENTED_EDGE('',*,*,#718,.F.);
#1074=ORIENTED_EDGE('',*,*,#798,.F.);
#1075=ORIENTED_EDGE('',*,*,#799,.F.);
#1076=ORIENTED_EDGE('',*,*,#791,.F.);
#1077=ORIENTED_EDGE('',*,*,#800,.F.);
#1078=ORIENTED_EDGE('',*,*,#710,.F.);
#1079=ORIENTED_EDGE('',*,*,#801,.F.);
#1080=ORIENTED_EDGE('',*,*,#789,.F.);
#1081=ORIENTED_EDGE('',*,*,#727,.T.);
#1082=ORIENTED_EDGE('',*,*,#799,.T.);
#1083=ORIENTED_EDGE('',*,*,#796,.F.);
#1084=ORIENTED_EDGE('',*,*,#800,.T.);
#1085=ORIENTED_EDGE('',*,*,#750,.F.);
#1086=ORIENTED_EDGE('',*,*,#787,.F.);
#1087=ORIENTED_EDGE('',*,*,#802,.T.);
#1088=ORIENTED_EDGE('',*,*,#768,.T.);
#1089=ORIENTED_EDGE('',*,*,#774,.T.);
#1090=ORIENTED_EDGE('',*,*,#803,.F.);
#1091=ORIENTED_EDGE('',*,*,#804,.T.);
#1092=ORIENTED_EDGE('',*,*,#805,.T.);
#1093=ORIENTED_EDGE('',*,*,#806,.T.);
#1094=ORIENTED_EDGE('',*,*,#793,.F.);
#1095=ORIENTED_EDGE('',*,*,#797,.F.);
#1096=ORIENTED_EDGE('',*,*,#761,.F.);
#1097=ORIENTED_EDGE('',*,*,#752,.T.);
#1098=ORIENTED_EDGE('',*,*,#807,.T.);
#1099=ORIENTED_EDGE('',*,*,#792,.F.);
#1100=ORIENTED_EDGE('',*,*,#807,.F.);
#1101=ORIENTED_EDGE('',*,*,#714,.F.);
#1102=ORIENTED_EDGE('',*,*,#808,.F.);
#1103=ORIENTED_EDGE('',*,*,#809,.F.);
#1104=ORIENTED_EDGE('',*,*,#804,.F.);
#1105=ORIENTED_EDGE('',*,*,#713,.F.);
#1106=ORIENTED_EDGE('',*,*,#810,.F.);
#1107=ORIENTED_EDGE('',*,*,#808,.T.);
#1108=ORIENTED_EDGE('',*,*,#769,.F.);
#1109=ORIENTED_EDGE('',*,*,#802,.F.);
#1110=ORIENTED_EDGE('',*,*,#811,.F.);
#1111=ORIENTED_EDGE('',*,*,#812,.T.);
#1112=ORIENTED_EDGE('',*,*,#744,.T.);
#1113=ORIENTED_EDGE('',*,*,#742,.T.);
#1114=ORIENTED_EDGE('',*,*,#739,.T.);
#1115=ORIENTED_EDGE('',*,*,#790,.T.);
#1116=ORIENTED_EDGE('',*,*,#801,.T.);
#1117=ORIENTED_EDGE('',*,*,#798,.T.);
#1118=ORIENTED_EDGE('',*,*,#721,.T.);
#1119=ORIENTED_EDGE('',*,*,#813,.T.);
#1120=ORIENTED_EDGE('',*,*,#814,.F.);
#1121=ORIENTED_EDGE('',*,*,#704,.T.);
#1122=ORIENTED_EDGE('',*,*,#700,.T.);
#1123=ORIENTED_EDGE('',*,*,#697,.T.);
#1124=ORIENTED_EDGE('',*,*,#694,.T.);
#1125=ORIENTED_EDGE('',*,*,#738,.T.);
#1126=ORIENTED_EDGE('',*,*,#705,.T.);
#1127=ORIENTED_EDGE('',*,*,#815,.F.);
#1128=ORIENTED_EDGE('',*,*,#813,.F.);
#1129=ORIENTED_EDGE('',*,*,#720,.F.);
#1130=ORIENTED_EDGE('',*,*,#794,.F.);
#1131=ORIENTED_EDGE('',*,*,#806,.F.);
#1132=ORIENTED_EDGE('',*,*,#816,.F.);
#1133=ORIENTED_EDGE('',*,*,#648,.T.);
#1134=ORIENTED_EDGE('',*,*,#781,.T.);
#1135=ORIENTED_EDGE('',*,*,#667,.T.);
#1136=ORIENTED_EDGE('',*,*,#664,.T.);
#1137=ORIENTED_EDGE('',*,*,#661,.T.);
#1138=ORIENTED_EDGE('',*,*,#658,.T.);
#1139=ORIENTED_EDGE('',*,*,#655,.T.);
#1140=ORIENTED_EDGE('',*,*,#652,.T.);
#1141=ORIENTED_EDGE('',*,*,#686,.T.);
#1142=ORIENTED_EDGE('',*,*,#786,.T.);
#1143=ORIENTED_EDGE('',*,*,#683,.T.);
#1144=ORIENTED_EDGE('',*,*,#680,.T.);
#1145=ORIENTED_EDGE('',*,*,#677,.T.);
#1146=ORIENTED_EDGE('',*,*,#674,.T.);
#1147=ORIENTED_EDGE('',*,*,#670,.T.);
#1148=ORIENTED_EDGE('',*,*,#690,.T.);
#1149=ORIENTED_EDGE('',*,*,#817,.F.);
#1150=ORIENTED_EDGE('',*,*,#816,.T.);
#1151=ORIENTED_EDGE('',*,*,#805,.F.);
#1152=ORIENTED_EDGE('',*,*,#809,.T.);
#1153=ORIENTED_EDGE('',*,*,#810,.T.);
#1154=ORIENTED_EDGE('',*,*,#803,.T.);
#1155=ORIENTED_EDGE('',*,*,#773,.T.);
#1156=ORIENTED_EDGE('',*,*,#770,.T.);
#1157=ORIENTED_EDGE('',*,*,#775,.T.);
#1158=ORIENTED_EDGE('',*,*,#818,.T.);
#1159=ORIENTED_EDGE('',*,*,#819,.F.);
#1160=ORIENTED_EDGE('',*,*,#818,.F.);
#1161=ORIENTED_EDGE('',*,*,#776,.T.);
#1162=ORIENTED_EDGE('',*,*,#764,.T.);
#1163=ORIENTED_EDGE('',*,*,#820,.F.);
#1164=ORIENTED_EDGE('',*,*,#732,.T.);
#1165=ORIENTED_EDGE('',*,*,#745,.T.);
#1166=ORIENTED_EDGE('',*,*,#812,.F.);
#1167=ORIENTED_EDGE('',*,*,#821,.F.);
#1168=ORIENTED_EDGE('',*,*,#822,.F.);
#1169=ORIENTED_EDGE('',*,*,#823,.T.);
#1170=ORIENTED_EDGE('',*,*,#821,.T.);
#1171=ORIENTED_EDGE('',*,*,#823,.F.);
#1172=ORIENTED_EDGE('',*,*,#824,.F.);
#1173=ORIENTED_EDGE('',*,*,#825,.F.);
#1174=ORIENTED_EDGE('',*,*,#826,.T.);
#1175=ORIENTED_EDGE('',*,*,#824,.T.);
#1176=ORIENTED_EDGE('',*,*,#826,.F.);
#1177=ORIENTED_EDGE('',*,*,#827,.F.);
#1178=ORIENTED_EDGE('',*,*,#828,.F.);
#1179=ORIENTED_EDGE('',*,*,#829,.T.);
#1180=ORIENTED_EDGE('',*,*,#827,.T.);
#1181=ORIENTED_EDGE('',*,*,#829,.F.);
#1182=ORIENTED_EDGE('',*,*,#830,.F.);
#1183=ORIENTED_EDGE('',*,*,#831,.F.);
#1184=ORIENTED_EDGE('',*,*,#832,.T.);
#1185=ORIENTED_EDGE('',*,*,#830,.T.);
#1186=ORIENTED_EDGE('',*,*,#832,.F.);
#1187=ORIENTED_EDGE('',*,*,#820,.T.);
#1188=ORIENTED_EDGE('',*,*,#811,.T.);
#1189=ORIENTED_EDGE('',*,*,#737,.T.);
#1190=ORIENTED_EDGE('',*,*,#722,.T.);
#1191=ORIENTED_EDGE('',*,*,#825,.T.);
#1192=ORIENTED_EDGE('',*,*,#814,.T.);
#1193=ORIENTED_EDGE('',*,*,#815,.T.);
#1194=ORIENTED_EDGE('',*,*,#817,.T.);
#1195=ORIENTED_EDGE('',*,*,#819,.T.);
#1196=ORIENTED_EDGE('',*,*,#763,.T.);
#1197=ORIENTED_EDGE('',*,*,#733,.T.);
#1198=ORIENTED_EDGE('',*,*,#724,.T.);
#1199=ORIENTED_EDGE('',*,*,#702,.T.);
#1200=ORIENTED_EDGE('',*,*,#831,.T.);
#1201=ORIENTED_EDGE('',*,*,#828,.T.);
#1202=ORIENTED_EDGE('',*,*,#822,.T.);
#1203=PLANE('',#1326);
#1204=PLANE('',#1330);
#1205=PLANE('',#1334);
#1206=PLANE('',#1338);
#1207=PLANE('',#1339);
#1208=PLANE('',#1343);
#1209=PLANE('',#1347);
#1210=PLANE('',#1348);
#1211=PLANE('',#1355);
#1212=PLANE('',#1359);
#1213=PLANE('',#1371);
#1214=PLANE('',#1372);
#1215=PLANE('',#1374);
#1216=PLANE('',#1375);
#1217=PLANE('',#1376);
#1218=PLANE('',#1377);
#1219=PLANE('',#1378);
#1220=PLANE('',#1379);
#1221=PLANE('',#1380);
#1222=PLANE('',#1381);
#1223=PLANE('',#1382);
#1224=PLANE('',#1383);
#1225=PLANE('',#1384);
#1226=PLANE('',#1385);
#1227=PLANE('',#1386);
#1228=PLANE('',#1397);
#1229=PLANE('',#1398);
#1230=PLANE('',#1399);
#1231=PLANE('',#1400);
#1232=PLANE('',#1401);
#1233=PLANE('',#1402);
#1234=PLANE('',#1404);
#1235=PLANE('',#1405);
#1236=PLANE('',#1406);
#1237=PLANE('',#1407);
#1238=PLANE('',#1408);
#1239=PLANE('',#1409);
#1240=PLANE('',#1410);
#1241=PLANE('',#1411);
#1242=PLANE('',#1412);
#1243=PLANE('',#1413);
#1244=PLANE('',#1414);
#1245=PLANE('',#1415);
#1246=PLANE('',#1416);
#1247=PLANE('',#1417);
#1248=PLANE('',#1421);
#1249=PLANE('',#1425);
#1250=PLANE('',#1429);
#1251=PLANE('',#1433);
#1252=PLANE('',#1434);
#1253=ADVANCED_FACE('',(#94),#1203,.F.);
#1254=ADVANCED_FACE('',(#95),#77,.F.);
#1255=ADVANCED_FACE('',(#96),#1204,.F.);
#1256=ADVANCED_FACE('',(#97),#78,.F.);
#1257=ADVANCED_FACE('',(#98),#1205,.F.);
#1258=ADVANCED_FACE('',(#99),#79,.F.);
#1259=ADVANCED_FACE('',(#100),#1206,.F.);
#1260=ADVANCED_FACE('',(#101),#1207,.F.);
#1261=ADVANCED_FACE('',(#102),#80,.F.);
#1262=ADVANCED_FACE('',(#103),#1208,.F.);
#1263=ADVANCED_FACE('',(#104),#81,.F.);
#1264=ADVANCED_FACE('',(#105),#1209,.F.);
#1265=ADVANCED_FACE('',(#106),#1210,.F.);
#1266=ADVANCED_FACE('',(#107),#82,.F.);
#1267=ADVANCED_FACE('',(#108),#83,.F.);
#1268=ADVANCED_FACE('',(#109),#1211,.F.);
#1269=ADVANCED_FACE('',(#110),#84,.F.);
#1270=ADVANCED_FACE('',(#111),#1212,.F.);
#1271=ADVANCED_FACE('',(#112),#85,.F.);
#1272=ADVANCED_FACE('',(#113),#86,.F.);
#1273=ADVANCED_FACE('',(#114),#87,.F.);
#1274=ADVANCED_FACE('',(#115),#33,.T.);
#1275=ADVANCED_FACE('',(#116),#31,.F.);
#1276=ADVANCED_FACE('',(#117,#15),#1213,.T.);
#1277=ADVANCED_FACE('',(#118),#1214,.F.);
#1278=ADVANCED_FACE('',(#119),#1215,.F.);
#1279=ADVANCED_FACE('',(#120),#1216,.F.);
#1280=ADVANCED_FACE('',(#121),#1217,.T.);
#1281=ADVANCED_FACE('',(#122),#1218,.F.);
#1282=ADVANCED_FACE('',(#123),#1219,.T.);
#1283=ADVANCED_FACE('',(#124),#1220,.T.);
#1284=ADVANCED_FACE('',(#125),#1221,.F.);
#1285=ADVANCED_FACE('',(#126),#1222,.F.);
#1286=ADVANCED_FACE('',(#127),#1223,.T.);
#1287=ADVANCED_FACE('',(#128),#1224,.T.);
#1288=ADVANCED_FACE('',(#129),#1225,.T.);
#1289=ADVANCED_FACE('',(#130),#1226,.F.);
#1290=ADVANCED_FACE('',(#131),#1227,.F.);
#1291=ADVANCED_FACE('',(#132),#88,.F.);
#1292=ADVANCED_FACE('',(#133),#89,.F.);
#1293=ADVANCED_FACE('',(#134),#1228,.T.);
#1294=ADVANCED_FACE('',(#135),#1229,.T.);
#1295=ADVANCED_FACE('',(#136,#16),#1230,.T.);
#1296=ADVANCED_FACE('',(#137,#17),#1231,.T.);
#1297=ADVANCED_FACE('',(#138),#1232,.T.);
#1298=ADVANCED_FACE('',(#139),#1233,.T.);
#1299=ADVANCED_FACE('',(#140),#34,.T.);
#1300=ADVANCED_FACE('',(#141),#1234,.T.);
#1301=ADVANCED_FACE('',(#142,#18),#1235,.T.);
#1302=ADVANCED_FACE('',(#143),#1236,.F.);
#1303=ADVANCED_FACE('',(#144),#1237,.F.);
#1304=ADVANCED_FACE('',(#145),#1238,.T.);
#1305=ADVANCED_FACE('',(#146),#32,.F.);
#1306=ADVANCED_FACE('',(#147),#1239,.F.);
#1307=ADVANCED_FACE('',(#148,#19),#1240,.T.);
#1308=ADVANCED_FACE('',(#149),#1241,.F.);
#1309=ADVANCED_FACE('',(#150,#20),#1242,.T.);
#1310=ADVANCED_FACE('',(#151,#21,#22),#1243,.F.);
#1311=ADVANCED_FACE('',(#152),#1244,.T.);
#1312=ADVANCED_FACE('',(#153),#1245,.T.);
#1313=ADVANCED_FACE('',(#154),#1246,.T.);
#1314=ADVANCED_FACE('',(#155),#1247,.F.);
#1315=ADVANCED_FACE('',(#156),#90,.F.);
#1316=ADVANCED_FACE('',(#157),#1248,.F.);
#1317=ADVANCED_FACE('',(#158),#91,.F.);
#1318=ADVANCED_FACE('',(#159),#1249,.F.);
#1319=ADVANCED_FACE('',(#160),#92,.F.);
#1320=ADVANCED_FACE('',(#161),#1250,.F.);
#1321=ADVANCED_FACE('',(#162),#93,.F.);
#1322=ADVANCED_FACE('',(#163,#23),#1251,.T.);
#1323=ADVANCED_FACE('',(#164,#24,#25,#26),#1252,.T.);
#1324=CLOSED_SHELL('',(#1253,#1254,#1255,#1256,#1257,#1258,#1259,#1260,
#1261,#1262,#1263,#1264,#1265,#1266,#1267,#1268,#1269,#1270,#1271,#1272,
#1273,#1274,#1275,#1276,#1277,#1278,#1279,#1280,#1281,#1282,#1283,#1284,
#1285,#1286,#1287,#1288,#1289,#1290,#1291,#1292,#1293,#1294,#1295,#1296,
#1297,#1298,#1299,#1300,#1301,#1302,#1303,#1304,#1305,#1306,#1307,#1308,
#1309,#1310,#1311,#1312,#1313,#1314,#1315,#1316,#1317,#1318,#1319,#1320,
#1321,#1322,#1323));
#1325=AXIS2_PLACEMENT_3D('',#1794,#1435,#1436);
#1326=AXIS2_PLACEMENT_3D('',#1795,#1437,#1438);
#1327=AXIS2_PLACEMENT_3D('',#1804,#1443,#1444);
#1328=AXIS2_PLACEMENT_3D('',#1806,#1445,#1446);
#1329=AXIS2_PLACEMENT_3D('',#1809,#1448,#1449);
#1330=AXIS2_PLACEMENT_3D('',#1810,#1450,#1451);
#1331=AXIS2_PLACEMENT_3D('',#1816,#1455,#1456);
#1332=AXIS2_PLACEMENT_3D('',#1818,#1457,#1458);
#1333=AXIS2_PLACEMENT_3D('',#1821,#1460,#1461);
#1334=AXIS2_PLACEMENT_3D('',#1822,#1462,#1463);
#1335=AXIS2_PLACEMENT_3D('',#1828,#1467,#1468);
#1336=AXIS2_PLACEMENT_3D('',#1830,#1469,#1470);
#1337=AXIS2_PLACEMENT_3D('',#1833,#1472,#1473);
#1338=AXIS2_PLACEMENT_3D('',#1834,#1474,#1475);
#1339=AXIS2_PLACEMENT_3D('',#1840,#1479,#1480);
#1340=AXIS2_PLACEMENT_3D('',#1849,#1485,#1486);
#1341=AXIS2_PLACEMENT_3D('',#1851,#1487,#1488);
#1342=AXIS2_PLACEMENT_3D('',#1854,#1490,#1491);
#1343=AXIS2_PLACEMENT_3D('',#1855,#1492,#1493);
#1344=AXIS2_PLACEMENT_3D('',#1861,#1497,#1498);
#1345=AXIS2_PLACEMENT_3D('',#1863,#1499,#1500);
#1346=AXIS2_PLACEMENT_3D('',#1866,#1502,#1503);
#1347=AXIS2_PLACEMENT_3D('',#1867,#1504,#1505);
#1348=AXIS2_PLACEMENT_3D('',#1873,#1509,#1510);
#1349=AXIS2_PLACEMENT_3D('',#1882,#1515,#1516);
#1350=AXIS2_PLACEMENT_3D('',#1883,#1517,#1518);
#1351=AXIS2_PLACEMENT_3D('',#1884,#1519,#1520);
#1352=AXIS2_PLACEMENT_3D('',#1885,#1521,#1522);
#1353=AXIS2_PLACEMENT_3D('',#1888,#1523,#1524);
#1354=AXIS2_PLACEMENT_3D('',#1892,#1526,#1527);
#1355=AXIS2_PLACEMENT_3D('',#1894,#1529,#1530);
#1356=AXIS2_PLACEMENT_3D('',#1900,#1534,#1535);
#1357=AXIS2_PLACEMENT_3D('',#1902,#1536,#1537);
#1358=AXIS2_PLACEMENT_3D('',#1904,#1538,#1539);
#1359=AXIS2_PLACEMENT_3D('',#1906,#1541,#1542);
#1360=AXIS2_PLACEMENT_3D('',#1912,#1546,#1547);
#1361=AXIS2_PLACEMENT_3D('',#1914,#1548,#1549);
#1362=AXIS2_PLACEMENT_3D('',#1917,#1551,#1552);
#1363=AXIS2_PLACEMENT_3D('',#1918,#1553,#1554);
#1364=AXIS2_PLACEMENT_3D('',#1920,#1555,#1556);
#1365=AXIS2_PLACEMENT_3D('',#1923,#1558,#1559);
#1366=AXIS2_PLACEMENT_3D('',#1924,#1560,#1561);
#1367=AXIS2_PLACEMENT_3D('',#1926,#1562,#1563);
#1368=AXIS2_PLACEMENT_3D('',#1929,#1565,#1566);
#1369=AXIS2_PLACEMENT_3D('',#1938,#1567,#1568);
#1370=AXIS2_PLACEMENT_3D('',#1942,#1570,#1571);
#1371=AXIS2_PLACEMENT_3D('',#2022,#1575,#1576);
#1372=AXIS2_PLACEMENT_3D('',#2044,#1588,#1589);
#1373=AXIS2_PLACEMENT_3D('',#2050,#1593,#1594);
#1374=AXIS2_PLACEMENT_3D('',#2051,#1595,#1596);
#1375=AXIS2_PLACEMENT_3D('',#2055,#1599,#1600);
#1376=AXIS2_PLACEMENT_3D('',#2061,#1604,#1605);
#1377=AXIS2_PLACEMENT_3D('',#2065,#1608,#1609);
#1378=AXIS2_PLACEMENT_3D('',#2069,#1612,#1613);
#1379=AXIS2_PLACEMENT_3D('',#2085,#1622,#1623);
#1380=AXIS2_PLACEMENT_3D('',#2091,#1627,#1628);
#1381=AXIS2_PLACEMENT_3D('',#2095,#1631,#1632);
#1382=AXIS2_PLACEMENT_3D('',#2099,#1635,#1636);
#1383=AXIS2_PLACEMENT_3D('',#2103,#1639,#1640);
#1384=AXIS2_PLACEMENT_3D('',#2117,#1648,#1649);
#1385=AXIS2_PLACEMENT_3D('',#2123,#1653,#1654);
#1386=AXIS2_PLACEMENT_3D('',#2127,#1657,#1658);
#1387=AXIS2_PLACEMENT_3D('',#2131,#1661,#1662);
#1388=AXIS2_PLACEMENT_3D('',#2133,#1663,#1664);
#1389=AXIS2_PLACEMENT_3D('',#2136,#1666,#1667);
#1390=AXIS2_PLACEMENT_3D('',#2137,#1668,#1669);
#1391=AXIS2_PLACEMENT_3D('',#2138,#1670,#1671);
#1392=AXIS2_PLACEMENT_3D('',#2139,#1672,#1673);
#1393=AXIS2_PLACEMENT_3D('',#2141,#1674,#1675);
#1394=AXIS2_PLACEMENT_3D('',#2144,#1677,#1678);
#1395=AXIS2_PLACEMENT_3D('',#2145,#1679,#1680);
#1396=AXIS2_PLACEMENT_3D('',#2146,#1681,#1682);
#1397=AXIS2_PLACEMENT_3D('',#2147,#1683,#1684);
#1398=AXIS2_PLACEMENT_3D('',#2148,#1685,#1686);
#1399=AXIS2_PLACEMENT_3D('',#2149,#1687,#1688);
#1400=AXIS2_PLACEMENT_3D('',#2150,#1689,#1690);
#1401=AXIS2_PLACEMENT_3D('',#2151,#1691,#1692);
#1402=AXIS2_PLACEMENT_3D('',#2155,#1695,#1696);
#1403=AXIS2_PLACEMENT_3D('',#2165,#1699,#1700);
#1404=AXIS2_PLACEMENT_3D('',#2166,#1701,#1702);
#1405=AXIS2_PLACEMENT_3D('',#2177,#1709,#1710);
#1406=AXIS2_PLACEMENT_3D('',#2182,#1714,#1715);
#1407=AXIS2_PLACEMENT_3D('',#2184,#1717,#1718);
#1408=AXIS2_PLACEMENT_3D('',#2185,#1719,#1720);
#1409=AXIS2_PLACEMENT_3D('',#2261,#1724,#1725);
#1410=AXIS2_PLACEMENT_3D('',#2263,#1727,#1728);
#1411=AXIS2_PLACEMENT_3D('',#2267,#1731,#1732);
#1412=AXIS2_PLACEMENT_3D('',#2269,#1734,#1735);
#1413=AXIS2_PLACEMENT_3D('',#2276,#1740,#1741);
#1414=AXIS2_PLACEMENT_3D('',#2280,#1744,#1745);
#1415=AXIS2_PLACEMENT_3D('',#2284,#1748,#1749);
#1416=AXIS2_PLACEMENT_3D('',#2286,#1751,#1752);
#1417=AXIS2_PLACEMENT_3D('',#2288,#1754,#1755);
#1418=AXIS2_PLACEMENT_3D('',#2290,#1756,#1757);
#1419=AXIS2_PLACEMENT_3D('',#2291,#1758,#1759);
#1420=AXIS2_PLACEMENT_3D('',#2293,#1760,#1761);
#1421=AXIS2_PLACEMENT_3D('',#2295,#1763,#1764);
#1422=AXIS2_PLACEMENT_3D('',#2297,#1765,#1766);
#1423=AXIS2_PLACEMENT_3D('',#2298,#1767,#1768);
#1424=AXIS2_PLACEMENT_3D('',#2300,#1769,#1770);
#1425=AXIS2_PLACEMENT_3D('',#2302,#1772,#1773);
#1426=AXIS2_PLACEMENT_3D('',#2304,#1774,#1775);
#1427=AXIS2_PLACEMENT_3D('',#2305,#1776,#1777);
#1428=AXIS2_PLACEMENT_3D('',#2307,#1778,#1779);
#1429=AXIS2_PLACEMENT_3D('',#2309,#1781,#1782);
#1430=AXIS2_PLACEMENT_3D('',#2311,#1783,#1784);
#1431=AXIS2_PLACEMENT_3D('',#2312,#1785,#1786);
#1432=AXIS2_PLACEMENT_3D('',#2314,#1787,#1788);
#1433=AXIS2_PLACEMENT_3D('',#2316,#1790,#1791);
#1434=AXIS2_PLACEMENT_3D('',#2317,#1792,#1793);
#1435=DIRECTION('axis',(0.,0.,1.));
#1436=DIRECTION('refdir',(1.,0.,0.));
#1437=DIRECTION('center_axis',(6.05215761017129E-33,0.,1.));
#1438=DIRECTION('ref_axis',(1.,8.92943938263106E-18,-6.05215761017129E-33));
#1439=DIRECTION('',(1.,-1.16319348692787E-14,-6.05215761017129E-33));
#1440=DIRECTION('',(0.,1.,0.));
#1441=DIRECTION('',(1.,8.92943938263106E-18,-6.05215761017129E-33));
#1442=DIRECTION('',(0.,-1.,0.));
#1443=DIRECTION('center_axis',(0.,1.,0.));
#1444=DIRECTION('ref_axis',(-3.15796771448926E-14,0.,1.));
#1445=DIRECTION('center_axis',(1.16319348692787E-14,1.,-1.9203857723246E-16));
#1446=DIRECTION('ref_axis',(-3.15796771448926E-14,0.,1.));
#1447=DIRECTION('',(0.,1.,0.));
#1448=DIRECTION('center_axis',(-8.92943938263078E-18,1.,-1.9203857723246E-16));
#1449=DIRECTION('ref_axis',(-3.15796771448926E-14,1.9203857723246E-16,1.));
#1450=DIRECTION('center_axis',(-1.,0.,4.33736077564733E-33));
#1451=DIRECTION('ref_axis',(4.33736077564733E-33,1.9203857723246E-16,1.));
#1452=DIRECTION('',(4.33736077564733E-33,1.9203857723246E-16,1.));
#1453=DIRECTION('',(0.,1.,0.));
#1454=DIRECTION('',(4.33736077564733E-33,1.9203857723246E-16,1.));
#1455=DIRECTION('center_axis',(0.,1.,0.));
#1456=DIRECTION('ref_axis',(-1.,0.,-2.36847578586695E-14));
#1457=DIRECTION('center_axis',(1.16319348692787E-14,1.,-1.9203857723246E-16));
#1458=DIRECTION('ref_axis',(-1.,0.,-2.36847578586695E-14));
#1459=DIRECTION('',(0.,1.,0.));
#1460=DIRECTION('center_axis',(2.25858826812544E-17,1.,-1.9203857723246E-16));
#1461=DIRECTION('ref_axis',(-1.,2.25858826812498E-17,-2.36847578586695E-14));
#1462=DIRECTION('center_axis',(-4.11662298567807E-48,0.,-1.));
#1463=DIRECTION('ref_axis',(-1.,2.25858826812543E-17,4.11662298567807E-48));
#1464=DIRECTION('',(-1.,1.16319348692787E-14,4.11662298567807E-48));
#1465=DIRECTION('',(0.,1.,0.));
#1466=DIRECTION('',(-1.,2.25858826812543E-17,4.11662298567807E-48));
#1467=DIRECTION('center_axis',(0.,1.,0.));
#1468=DIRECTION('ref_axis',(3.15796771448926E-14,0.,-1.));
#1469=DIRECTION('center_axis',(1.16319348692787E-14,1.,-1.9203857723246E-16));
#1470=DIRECTION('ref_axis',(3.15796771448926E-14,0.,-1.));
#1471=DIRECTION('',(0.,1.,0.));
#1472=DIRECTION('center_axis',(2.25858826812546E-17,1.,-2.27094946719254E-16));
#1473=DIRECTION('ref_axis',(3.15796771448926E-14,-2.27094946719254E-16,
-1.));
#1474=DIRECTION('center_axis',(1.,0.,-5.12913982410677E-33));
#1475=DIRECTION('ref_axis',(-5.12913982410677E-33,-2.27094946719253E-16,
-1.));
#1476=DIRECTION('',(-5.12913982410677E-33,-1.9203857723246E-16,-1.));
#1477=DIRECTION('',(0.,-1.,0.));
#1478=DIRECTION('',(-5.12913982410677E-33,-2.27094946719253E-16,-1.));
#1479=DIRECTION('center_axis',(-4.82705662880503E-16,0.,1.));
#1480=DIRECTION('ref_axis',(1.,-2.25858826812543E-17,4.82705662880503E-16));
#1481=DIRECTION('',(1.,-1.16319348692787E-14,4.82705662880503E-16));
#1482=DIRECTION('',(0.,1.,0.));
#1483=DIRECTION('',(1.,-2.25858826812543E-17,4.82705662880503E-16));
#1484=DIRECTION('',(0.,1.,0.));
#1485=DIRECTION('center_axis',(0.,1.,0.));
#1486=DIRECTION('ref_axis',(-1.57898385724464E-14,0.,1.));
#1487=DIRECTION('center_axis',(1.16319348692787E-14,1.,-1.9203857723246E-16));
#1488=DIRECTION('ref_axis',(-1.57898385724464E-14,0.,1.));
#1489=DIRECTION('',(0.,1.,0.));
#1490=DIRECTION('center_axis',(2.25858826812544E-17,1.,-1.9203857723246E-16));
#1491=DIRECTION('ref_axis',(-1.57898385724464E-14,1.9203857723246E-16,1.));
#1492=DIRECTION('center_axis',(-1.,0.,4.33736077564733E-33));
#1493=DIRECTION('ref_axis',(4.33736077564733E-33,1.9203857723246E-16,1.));
#1494=DIRECTION('',(4.33736077564733E-33,1.9203857723246E-16,1.));
#1495=DIRECTION('',(0.,1.,0.));
#1496=DIRECTION('',(4.33736077564733E-33,1.9203857723246E-16,1.));
#1497=DIRECTION('center_axis',(0.,1.,0.));
#1498=DIRECTION('ref_axis',(-1.,0.,-1.75168521663076E-14));
#1499=DIRECTION('center_axis',(1.16319348692787E-14,1.,-1.9203857723246E-16));
#1500=DIRECTION('ref_axis',(-1.,0.,-1.75168521663076E-14));
#1501=DIRECTION('',(0.,1.,0.));
#1502=DIRECTION('center_axis',(2.25858826812544E-17,1.,-1.9203857723246E-16));
#1503=DIRECTION('ref_axis',(-1.,2.2585882681251E-17,-1.75168521663076E-14));
#1504=DIRECTION('center_axis',(2.46716227694479E-16,0.,-1.));
#1505=DIRECTION('ref_axis',(-1.,2.25858826812543E-17,-2.46716227694479E-16));
#1506=DIRECTION('',(-1.,1.16319348692787E-14,-2.46716227694479E-16));
#1507=DIRECTION('',(0.,-1.,1.58603289232165E-16));
#1508=DIRECTION('',(-1.,2.25858826812543E-17,-2.46716227694479E-16));
#1509=DIRECTION('center_axis',(1.,0.,-4.33736077564733E-33));
#1510=DIRECTION('ref_axis',(-4.33736077564733E-33,-1.9203857723246E-16,
-1.));
#1511=DIRECTION('',(-4.33736077564733E-33,-1.9203857723246E-16,-1.));
#1512=DIRECTION('',(0.,1.,0.));
#1513=DIRECTION('',(-4.33736077564733E-33,-1.9203857723246E-16,-1.));
#1514=DIRECTION('',(0.,-1.,1.58603289232165E-16));
#1515=DIRECTION('center_axis',(0.,1.,0.));
#1516=DIRECTION('ref_axis',(1.,0.,1.67767034832242E-14));
#1517=DIRECTION('center_axis',(1.16319348692787E-14,1.,-1.9203857723246E-16));
#1518=DIRECTION('ref_axis',(1.,0.,1.67767034832242E-14));
#1519=DIRECTION('center_axis',(2.25858826812544E-17,1.,-1.9203857723246E-16));
#1520=DIRECTION('ref_axis',(1.,-2.25858826812511E-17,1.67767034832242E-14));
#1521=DIRECTION('center_axis',(0.,0.,1.));
#1522=DIRECTION('ref_axis',(0.,1.,0.));
#1523=DIRECTION('center_axis',(3.42157827536636E-17,-3.04518316393975E-15,
-1.));
#1524=DIRECTION('ref_axis',(0.,1.,0.));
#1525=DIRECTION('',(0.,0.,1.));
#1526=DIRECTION('center_axis',(-1.67141396560548E-19,-3.04518315320468E-15,
-1.));
#1527=DIRECTION('ref_axis',(0.,1.,0.));
#1528=DIRECTION('',(0.,0.,1.));
#1529=DIRECTION('center_axis',(1.,0.,0.));
#1530=DIRECTION('ref_axis',(0.,1.,0.));
#1531=DIRECTION('',(0.,-1.,3.04518316393975E-15));
#1532=DIRECTION('',(0.,-1.,3.04518315320468E-15));
#1533=DIRECTION('',(0.,0.,1.));
#1534=DIRECTION('center_axis',(0.,0.,1.));
#1535=DIRECTION('ref_axis',(1.,0.,0.));
#1536=DIRECTION('center_axis',(3.42157827536636E-17,-3.04518316393975E-15,
-1.));
#1537=DIRECTION('ref_axis',(1.,0.,0.));
#1538=DIRECTION('center_axis',(-1.67141396560548E-19,-3.04518315320468E-15,
-1.));
#1539=DIRECTION('ref_axis',(1.,0.,0.));
#1540=DIRECTION('',(0.,0.,1.));
#1541=DIRECTION('center_axis',(0.,-1.,0.));
#1542=DIRECTION('ref_axis',(1.,0.,0.));
#1543=DIRECTION('',(-1.2125894375622E-7,0.,-0.999999999999993));
#1544=DIRECTION('',(-1.,0.,-3.42157827536636E-17));
#1545=DIRECTION('',(-1.,0.,1.67141396560548E-19));
#1546=DIRECTION('center_axis',(0.,0.,1.));
#1547=DIRECTION('ref_axis',(-1.,0.,0.));
#1548=DIRECTION('center_axis',(-1.67141396560548E-19,-3.04518315320468E-15,
-1.));
#1549=DIRECTION('ref_axis',(-1.,0.,0.));
#1550=DIRECTION('',(0.,0.,1.));
#1551=DIRECTION('center_axis',(3.42157827536636E-17,-3.04518316393975E-15,
-1.));
#1552=DIRECTION('ref_axis',(-1.,0.,0.));
#1553=DIRECTION('center_axis',(0.,1.,-1.94289029309402E-16));
#1554=DIRECTION('ref_axis',(1.,0.,-4.38818922223695E-33));
#1555=DIRECTION('center_axis',(-2.25858826812544E-17,-1.,1.9203857723246E-16));
#1556=DIRECTION('ref_axis',(1.,0.,-4.38818922223695E-33));
#1557=DIRECTION('',(0.,1.,-1.94289029309402E-16));
#1558=DIRECTION('center_axis',(0.,0.996194698091746,0.0871557427476578));
#1559=DIRECTION('ref_axis',(-4.37149083741579E-33,0.0871557427476578,-0.996194698091746));
#1560=DIRECTION('center_axis',(0.,1.,-2.96059473233375E-16));
#1561=DIRECTION('ref_axis',(1.,0.,-6.68676452912297E-33));
#1562=DIRECTION('center_axis',(-2.25858826812544E-17,-1.,1.9203857723246E-16));
#1563=DIRECTION('ref_axis',(1.,0.,-6.68676452912297E-33));
#1564=DIRECTION('',(0.,1.,-2.96059473233375E-16));
#1565=DIRECTION('center_axis',(-1.63921733186548E-38,0.996194698091746,
0.0871557427476582));
#1566=DIRECTION('ref_axis',(-6.66131937130025E-33,0.0871557427476582,-0.996194698091746));
#1567=DIRECTION('center_axis',(-1.63921733186548E-38,0.996194698091746,
0.0871557427476582));
#1568=DIRECTION('ref_axis',(-2.7211852319277E-8,-0.0871557427476582,0.996194698091745));
#1569=DIRECTION('',(-3.12220990394875E-7,-0.999999999999951,3.04518315325672E-15));
#1570=DIRECTION('center_axis',(-2.25858826812544E-17,-1.,1.9203857723246E-16));
#1571=DIRECTION('ref_axis',(1.,-2.25858688407399E-17,6.8778080427064E-32));
#1572=DIRECTION('',(-3.12220990394875E-7,-0.999999999999951,3.04518315325672E-15));
#1573=DIRECTION('',(-3.12220990394875E-7,-0.999999999999951,3.04518315325672E-15));
#1574=DIRECTION('',(-3.12220990394875E-7,-0.999999999999951,3.04518315325672E-15));
#1575=DIRECTION('center_axis',(-3.42157827536636E-17,3.04518316393975E-15,
1.));
#1576=DIRECTION('ref_axis',(-1.,-1.33748988845591E-17,-3.42157827536636E-17));
#1577=DIRECTION('',(-3.6925569400356E-22,1.,-3.04518316393975E-15));
#1578=DIRECTION('',(1.,0.,3.42157827536636E-17));
#1579=DIRECTION('',(-3.6925569400356E-22,1.,-3.04518316393975E-15));
#1580=DIRECTION('',(1.,-2.25858826812543E-17,3.42157827536637E-17));
#1581=DIRECTION('',(-3.12220990394875E-7,-0.999999999999951,3.04518315325672E-15));
#1582=DIRECTION('',(-3.12220990394875E-7,-0.999999999999951,3.04518315325672E-15));
#1583=DIRECTION('',(1.,1.33748988845591E-17,3.42157827536636E-17));
#1584=DIRECTION('',(0.,-1.,3.04518316393975E-15));
#1585=DIRECTION('',(-1.,2.49086979994498E-17,-3.42157827536637E-17));
#1586=DIRECTION('',(0.,1.,-3.04518316393975E-15));
#1587=DIRECTION('',(1.,1.33748988845591E-17,3.42157827536636E-17));
#1588=DIRECTION('center_axis',(-2.25858826812544E-17,-1.,1.9203857723246E-16));
#1589=DIRECTION('ref_axis',(1.,-2.25858826812544E-17,2.43862663356125E-49));
#1590=DIRECTION('',(-1.2125894375622E-7,-1.92038574493718E-16,-0.999999999999993));
#1591=DIRECTION('',(-1.,2.25858826812544E-17,7.2882432196824E-18));
#1592=DIRECTION('',(2.73157971743892E-8,1.92038576615508E-16,1.));
#1593=DIRECTION('center_axis',(-2.25858826812544E-17,-1.,1.9203857723246E-16));
#1594=DIRECTION('ref_axis',(1.,-2.25858688407399E-17,4.03689376153301E-15));
#1595=DIRECTION('center_axis',(0.,1.,0.));
#1596=DIRECTION('ref_axis',(-1.,0.,0.));
#1597=DIRECTION('',(1.2125894375622E-7,0.,0.999999999999993));
#1598=DIRECTION('',(1.,0.,-1.67141396560548E-19));
#1599=DIRECTION('center_axis',(1.,0.,0.));
#1600=DIRECTION('ref_axis',(0.,-0.0871557427476578,0.996194698091746));
#1601=DIRECTION('',(0.,1.,-3.04518315320468E-15));
#1602=DIRECTION('',(0.,-0.0871557427476578,0.996194698091746));
#1603=DIRECTION('',(0.,-0.0871557427476577,0.996194698091746));
#1604=DIRECTION('center_axis',(2.18318109238323E-17,0.996194698091746,0.0871557427476577));
#1605=DIRECTION('ref_axis',(1.,-2.17487342920632E-17,-1.90276769659303E-18));
#1606=DIRECTION('',(1.,-2.19005819174334E-17,-1.67141396560481E-19));
#1607=DIRECTION('',(0.,0.087155742747658,-0.996194698091746));
#1608=DIRECTION('center_axis',(-1.,0.,0.));
#1609=DIRECTION('ref_axis',(0.,0.087155742747658,-0.996194698091746));
#1610=DIRECTION('',(0.,-1.,3.04518315320468E-15));
#1611=DIRECTION('',(0.,0.0871557427476577,-0.996194698091746));
#1612=DIRECTION('center_axis',(-0.999999999999951,3.12220990394875E-7,2.73157971743878E-8));
#1613=DIRECTION('ref_axis',(0.,0.0871557427476577,-0.996194698091746));
#1614=DIRECTION('',(-3.12220990394875E-7,-0.999999999999951,2.53765262771464E-15));
#1615=DIRECTION('',(0.,0.0871557427476577,-0.996194698091746));
#1616=DIRECTION('',(3.12220990394875E-7,0.999999999999951,-2.53765262771465E-15));
#1617=DIRECTION('',(0.,-0.0871557427476577,0.996194698091746));
#1618=DIRECTION('',(-3.12220990394875E-7,-0.999999999999951,3.04518315325672E-15));
#1619=DIRECTION('',(-3.12220990394875E-7,-0.999999999999951,3.04518315325672E-15));
#1620=DIRECTION('',(-3.12220990394875E-7,-0.999999999999951,3.04518315325672E-15));
#1621=DIRECTION('',(0.,-0.0871557427476577,0.996194698091746));
#1622=DIRECTION('center_axis',(4.44181492161314E-16,0.996194698091746,0.0871557427476577));
#1623=DIRECTION('ref_axis',(1.,-4.42491247481581E-16,-3.87129678640823E-17));
#1624=DIRECTION('',(-3.30872245021227E-24,-0.0871557427476577,0.996194698091746));
#1625=DIRECTION('',(1.,-6.45082082178377E-17,7.37332193887307E-16));
#1626=DIRECTION('',(-1.,-1.5799009755687E-15,-1.38223424855808E-16));
#1627=DIRECTION('center_axis',(-1.38223424855812E-16,2.53765267087102E-15,
1.));
#1628=DIRECTION('ref_axis',(-1.,-1.5799009755687E-15,-1.38223424855808E-16));
#1629=DIRECTION('',(-1.,1.40180405906595E-17,-1.38223424855812E-16));
#1630=DIRECTION('',(3.12220990394875E-7,0.999999999999951,-2.53765262771464E-15));
#1631=DIRECTION('center_axis',(7.37332193887306E-16,-2.53765285792536E-15,
-1.));
#1632=DIRECTION('ref_axis',(1.,-6.45082082178377E-17,7.37332193887307E-16));
#1633=DIRECTION('',(1.,-6.64332660998861E-17,7.37332193887307E-16));
#1634=DIRECTION('',(-3.12220990394875E-7,-0.999999999999951,2.53765262771465E-15));
#1635=DIRECTION('center_axis',(1.91773245561645E-18,0.996194698091746,0.0871557427476577));
#1636=DIRECTION('ref_axis',(1.,-1.91043490464358E-18,-1.67141396560542E-19));
#1637=DIRECTION('',(1.,-1.92505788204851E-18,5.69931622503068E-33));
#1638=DIRECTION('',(3.30872245021227E-24,-0.0871557427476577,0.996194698091746));
#1639=DIRECTION('center_axis',(-7.28824321968247E-18,-3.04518315098132E-15,
-1.));
#1640=DIRECTION('ref_axis',(1.,-8.33050011962138E-17,-7.28824321968222E-18));
#1641=DIRECTION('',(3.69255692432235E-22,-1.,3.04518315098132E-15));
#1642=DIRECTION('',(-1.,8.33050011962138E-17,7.28824321968222E-18));
#1643=DIRECTION('',(-3.12220994455206E-7,-0.999999999999951,3.04518315325672E-15));
#1644=DIRECTION('',(1.,2.17248963544955E-17,-7.28824321968254E-18));
#1645=DIRECTION('',(3.12220994455206E-7,0.999999999999951,-3.04518315325672E-15));
#1646=DIRECTION('',(-1.,8.33050011962138E-17,7.28824321968222E-18));
#1647=DIRECTION('',(-3.12220990394875E-7,-0.999999999999951,3.04518315325672E-15));
#1648=DIRECTION('center_axis',(-2.10070143138041E-17,0.996194698091746,
0.0871557427476577));
#1649=DIRECTION('ref_axis',(1.,2.0927076282149E-17,1.83088193543027E-18));
#1650=DIRECTION('',(-1.,-5.93688845924877E-17,4.37560997664469E-16));
#1651=DIRECTION('',(9.36816991940769E-38,-0.0871557427476578,0.996194698091746));
#1652=DIRECTION('',(-9.36816991940769E-38,0.087155742747658,-0.996194698091746));
#1653=DIRECTION('center_axis',(0.999999999999951,-3.12220994455206E-7,-2.73157975296208E-8));
#1654=DIRECTION('ref_axis',(0.,-0.0871557427476578,0.996194698091746));
#1655=DIRECTION('',(-3.12220994455206E-7,-0.999999999999951,3.04518315325672E-15));
#1656=DIRECTION('',(3.6395946952335E-23,-0.0871557427476577,0.996194698091746));
#1657=DIRECTION('center_axis',(-0.999999999999951,3.12220994455206E-7,2.73157975296209E-8));
#1658=DIRECTION('ref_axis',(0.,0.087155742747658,-0.996194698091746));
#1659=DIRECTION('',(3.12220994455206E-7,0.999999999999951,-3.04518315325672E-15));
#1660=DIRECTION('',(-8.27180612553068E-23,0.0871557427476577,-0.996194698091746));
#1661=DIRECTION('center_axis',(0.,1.,0.));
#1662=DIRECTION('ref_axis',(1.,0.,0.));
#1663=DIRECTION('center_axis',(-2.25858826812544E-17,-1.,1.9203857723246E-16));
#1664=DIRECTION('ref_axis',(1.,0.,0.));
#1665=DIRECTION('',(0.,1.,0.));
#1666=DIRECTION('center_axis',(2.25858826812544E-17,1.,-1.9203857723246E-16));
#1667=DIRECTION('ref_axis',(1.,-2.25858826812544E-17,0.));
#1668=DIRECTION('center_axis',(-2.25858826812544E-17,-1.,1.9203857723246E-16));
#1669=DIRECTION('ref_axis',(1.,0.,0.));
#1670=DIRECTION('center_axis',(1.16319348692787E-14,1.,-1.9203857723246E-16));
#1671=DIRECTION('ref_axis',(1.,0.,0.));
#1672=DIRECTION('center_axis',(0.,1.,-1.58603289232165E-16));
#1673=DIRECTION('ref_axis',(1.,0.,-3.58219528345873E-33));
#1674=DIRECTION('center_axis',(-2.25858826812544E-17,-1.,1.9203857723246E-16));
#1675=DIRECTION('ref_axis',(1.,0.,-3.58219528345873E-33));
#1676=DIRECTION('',(0.,1.,-1.58603289232165E-16));
#1677=DIRECTION('center_axis',(2.25858826812544E-17,1.,-1.9203857723246E-16));
#1678=DIRECTION('ref_axis',(1.,-2.25858826812544E-17,0.));
#1679=DIRECTION('center_axis',(-2.25858826812544E-17,-1.,1.9203857723246E-16));
#1680=DIRECTION('ref_axis',(1.,0.,-3.58219528345873E-33));
#1681=DIRECTION('center_axis',(1.16319348692787E-14,1.,-1.9203857723246E-16));
#1682=DIRECTION('ref_axis',(1.,0.,-3.58219528345873E-33));
#1683=DIRECTION('center_axis',(-2.25858826812544E-17,-1.,1.9203857723246E-16));
#1684=DIRECTION('ref_axis',(1.,-2.25858826812544E-17,0.));
#1685=DIRECTION('center_axis',(-2.25858826812544E-17,-1.,1.9203857723246E-16));
#1686=DIRECTION('ref_axis',(1.,-2.25858826812544E-17,0.));
#1687=DIRECTION('center_axis',(-2.25858826812544E-17,-1.,1.9203857723246E-16));
#1688=DIRECTION('ref_axis',(1.,-2.25858826812544E-17,0.));
#1689=DIRECTION('center_axis',(-2.25858826812544E-17,-1.,1.9203857723246E-16));
#1690=DIRECTION('ref_axis',(1.,-2.25858826812544E-17,0.));
#1691=DIRECTION('center_axis',(1.91773245561645E-18,0.996194698091746,0.0871557427476577));
#1692=DIRECTION('ref_axis',(1.,-1.91043490464358E-18,-1.67141396560542E-19));
#1693=DIRECTION('',(-1.,1.92505788204851E-18,0.));
#1694=DIRECTION('',(3.30872245021227E-24,-0.0871557427476577,0.996194698091746));
#1695=DIRECTION('center_axis',(1.91773245561645E-18,0.996194698091746,0.0871557427476577));
#1696=DIRECTION('ref_axis',(1.,-1.91043490464358E-18,-1.67141396560542E-19));
#1697=DIRECTION('',(0.,0.0871557427476577,-0.996194698091746));
#1698=DIRECTION('',(1.,-1.91043490464358E-18,-1.67141396560542E-19));
#1699=DIRECTION('center_axis',(0.,0.996194698091746,0.0871557427476578));
#1700=DIRECTION('ref_axis',(-2.72118563408091E-8,-0.0871557427476578,0.996194698091745));
#1701=DIRECTION('center_axis',(0.999999999999951,-3.12220990394875E-7,-2.73157971743878E-8));
#1702=DIRECTION('ref_axis',(0.,-0.0871557427476577,0.996194698091746));
#1703=DIRECTION('',(-1.68744844960826E-22,-0.0871557427476582,0.996194698091746));
#1704=DIRECTION('',(-3.12220990394875E-7,-0.999999999999951,3.04518315325672E-15));
#1705=DIRECTION('',(2.73157971743892E-8,1.92038259496886E-16,1.));
#1706=DIRECTION('',(-3.6395946952335E-23,-0.0871557427476578,0.996194698091746));
#1707=DIRECTION('',(3.12220990394875E-7,0.999999999999951,0.));
#1708=DIRECTION('',(-3.12220990394875E-7,-0.999999999999951,2.96059473233375E-15));
#1709=DIRECTION('center_axis',(0.,0.996194698091746,0.0871557427476578));
#1710=DIRECTION('ref_axis',(1.,0.,0.));
#1711=DIRECTION('',(1.,1.46229774049387E-20,-1.67141396560548E-19));
#1712=DIRECTION('',(0.,0.0871557427476578,-0.996194698091746));
#1713=DIRECTION('',(-1.,0.,0.));
#1714=DIRECTION('center_axis',(-1.,0.,0.));
#1715=DIRECTION('ref_axis',(0.,0.0871557427476578,-0.996194698091746));
#1716=DIRECTION('',(0.,-1.,3.04518315320468E-15));
#1717=DIRECTION('center_axis',(0.,0.,1.));
#1718=DIRECTION('ref_axis',(-1.,0.,0.));
#1719=DIRECTION('center_axis',(1.91773245561645E-18,0.996194698091746,0.0871557427476577));
#1720=DIRECTION('ref_axis',(1.,-1.91043490464358E-18,-1.67141396560542E-19));
#1721=DIRECTION('',(-3.6395946952335E-23,0.0871557427476577,-0.996194698091746));
#1722=DIRECTION('',(-1.,-3.63565690146856E-17,4.37560997664469E-16));
#1723=DIRECTION('',(-3.12220990394875E-7,-0.999999999999951,3.04518315325672E-15));
#1724=DIRECTION('center_axis',(0.,-2.96059473233389E-15,-1.));
#1725=DIRECTION('ref_axis',(1.,0.,0.));
#1726=DIRECTION('',(1.,0.,-1.88079096131566E-37));
#1727=DIRECTION('center_axis',(-1.63921733186548E-38,0.996194698091746,
0.0871557427476582));
#1728=DIRECTION('ref_axis',(1.,0.,-1.88079096131566E-37));
#1729=DIRECTION('',(1.87363398388154E-37,0.0871557427476578,-0.996194698091746));
#1730=DIRECTION('',(-1.,-3.82816268967344E-17,4.37560997664469E-16));
#1731=DIRECTION('center_axis',(-0.999999999999951,3.12220992763438E-7,2.73157973816103E-8));
#1732=DIRECTION('ref_axis',(0.,0.0871557427476578,-0.996194698091746));
#1733=DIRECTION('',(3.12220992763438E-7,0.999999999999951,-3.04518315325672E-15));
#1734=DIRECTION('center_axis',(-1.67141396560548E-19,-3.04518315320468E-15,
-1.));
#1735=DIRECTION('ref_axis',(1.,-1.91043490464358E-18,-1.67141396560542E-19));
#1736=DIRECTION('',(3.69255692701837E-22,-1.,3.04518315320468E-15));
#1737=DIRECTION('',(1.,-1.91043490464358E-18,-1.67141396560542E-19));
#1738=DIRECTION('',(1.,-1.16319348692787E-14,-1.67141396525126E-19));
#1739=DIRECTION('',(3.69255692701837E-22,-1.,3.04518315320468E-15));
#1740=DIRECTION('center_axis',(1.16319348692787E-14,1.,-1.9203857723246E-16));
#1741=DIRECTION('ref_axis',(1.,-1.16319348692787E-14,-2.9153885585929E-17));
#1742=DIRECTION('',(1.2125894375622E-7,1.92037166756322E-16,0.999999999999993));
#1743=DIRECTION('',(-1.,1.16319348692787E-14,4.37560997664433E-16));
#1744=DIRECTION('center_axis',(4.37560997664469E-16,3.04518301664114E-15,
1.));
#1745=DIRECTION('ref_axis',(-1.,-1.68321112001125E-16,4.37560997664469E-16));
#1746=DIRECTION('',(-3.69255676142286E-22,1.,-3.04518301664114E-15));
#1747=DIRECTION('',(-1.,-3.63565690146856E-17,4.37560997664469E-16));
#1748=DIRECTION('center_axis',(1.91773245561645E-18,0.996194698091746,0.0871557427476577));
#1749=DIRECTION('ref_axis',(1.,-1.91043490464358E-18,-1.67141396560542E-19));
#1750=DIRECTION('',(-1.20797516866151E-7,0.0871557427476571,-0.996194698091738));
#1751=DIRECTION('center_axis',(1.91773245561645E-18,0.996194698091746,0.0871557427476577));
#1752=DIRECTION('ref_axis',(1.,-1.91043490464358E-18,-1.67141396560542E-19));
#1753=DIRECTION('',(-1.20797516866151E-7,0.0871557427476571,-0.996194698091738));
#1754=DIRECTION('center_axis',(1.,0.,0.));
#1755=DIRECTION('ref_axis',(0.,0.,-1.));
#1756=DIRECTION('center_axis',(1.,0.,0.));
#1757=DIRECTION('ref_axis',(0.,0.,-1.));
#1758=DIRECTION('center_axis',(1.,0.,0.));
#1759=DIRECTION('ref_axis',(0.,0.,-1.));
#1760=DIRECTION('center_axis',(0.999999999999993,0.,-1.2125894375622E-7));
#1761=DIRECTION('ref_axis',(-1.2125894375622E-7,0.,-0.999999999999993));
#1762=DIRECTION('',(1.,0.,0.));
#1763=DIRECTION('center_axis',(1.,0.,0.));
#1764=DIRECTION('ref_axis',(0.,0.,-1.));
#1765=DIRECTION('center_axis',(1.,0.,0.));
#1766=DIRECTION('ref_axis',(0.,0.,-1.));
#1767=DIRECTION('center_axis',(1.,0.,0.));
#1768=DIRECTION('ref_axis',(0.,0.,-1.));
#1769=DIRECTION('center_axis',(0.999999999999993,0.,-1.2125894375622E-7));
#1770=DIRECTION('ref_axis',(-1.2125894375622E-7,0.,-0.999999999999993));
#1771=DIRECTION('',(1.,0.,0.));
#1772=DIRECTION('center_axis',(1.,0.,0.));
#1773=DIRECTION('ref_axis',(0.,0.,-1.));
#1774=DIRECTION('center_axis',(1.,0.,0.));
#1775=DIRECTION('ref_axis',(0.,0.,-1.));
#1776=DIRECTION('center_axis',(1.,0.,0.));
#1777=DIRECTION('ref_axis',(0.,0.,-1.));
#1778=DIRECTION('center_axis',(0.999999999999993,0.,-1.2125894375622E-7));
#1779=DIRECTION('ref_axis',(-1.2125894375622E-7,0.,-0.999999999999993));
#1780=DIRECTION('',(1.,0.,0.));
#1781=DIRECTION('center_axis',(1.,0.,0.));
#1782=DIRECTION('ref_axis',(0.,0.,-1.));
#1783=DIRECTION('center_axis',(1.,0.,0.));
#1784=DIRECTION('ref_axis',(0.,0.,-1.));
#1785=DIRECTION('center_axis',(1.,0.,0.));
#1786=DIRECTION('ref_axis',(0.,0.,-1.));
#1787=DIRECTION('center_axis',(0.999999999999993,0.,-1.2125894375622E-7));
#1788=DIRECTION('ref_axis',(-1.2125894375622E-7,0.,-0.999999999999993));
#1789=DIRECTION('',(1.,0.,0.));
#1790=DIRECTION('center_axis',(-0.999999999999993,0.,1.2125894375622E-7));
#1791=DIRECTION('ref_axis',(1.2125894375622E-7,0.,0.999999999999993));
#1792=DIRECTION('center_axis',(-0.999999999999993,0.,1.2125894375622E-7));
#1793=DIRECTION('ref_axis',(1.2125894375622E-7,0.,0.999999999999993));
#1794=CARTESIAN_POINT('',(0.,0.,0.));
#1795=CARTESIAN_POINT('Origin',(286.634508265984,-21.8325235913571,126.476872710354));
#1796=CARTESIAN_POINT('',(286.634508265984,-21.8325235913571,126.476872710354));
#1797=CARTESIAN_POINT('',(309.134508265984,-21.8325235913571,126.476872710354));
#1798=CARTESIAN_POINT('',(131.699480115558,-21.8325235913589,126.476872710354));
#1799=CARTESIAN_POINT('',(286.634508265984,-20.8325235913572,126.476872710354));
#1800=CARTESIAN_POINT('',(286.634508265984,-21.8325235913571,126.476872710354));
#1801=CARTESIAN_POINT('',(309.134508265984,-20.8325235913572,126.476872710354));
#1802=CARTESIAN_POINT('',(286.634508265984,-20.8325235913572,126.476872710354));
#1803=CARTESIAN_POINT('',(309.134508265984,-21.8325235913571,126.476872710354));
#1804=CARTESIAN_POINT('Origin',(286.634508265984,-21.8325235913571,124.226872710354));
#1805=CARTESIAN_POINT('',(284.384508265984,-21.8325235913571,124.226872710354));
#1806=CARTESIAN_POINT('Origin',(286.634508265984,-21.8325235913571,124.226872710354));
#1807=CARTESIAN_POINT('',(284.384508265984,-20.8325235913572,124.226872710354));
#1808=CARTESIAN_POINT('',(284.384508265984,-21.8325235913571,124.226872710354));
#1809=CARTESIAN_POINT('Origin',(286.634508265984,-20.8325235913572,124.226872710354));
#1810=CARTESIAN_POINT('Origin',(284.384508265984,-21.8325235913572,103.726872710354));
#1811=CARTESIAN_POINT('',(284.384508265984,-21.8325235913572,103.726872710354));
#1812=CARTESIAN_POINT('',(284.384508265984,-21.8325235913607,115.950105322591));
#1813=CARTESIAN_POINT('',(284.384508265984,-20.8325235913572,103.726872710354));
#1814=CARTESIAN_POINT('',(284.384508265984,-21.8325235913572,103.726872710354));
#1815=CARTESIAN_POINT('',(284.384508265984,-20.8325235913572,103.726872710354));
#1816=CARTESIAN_POINT('Origin',(286.634508265984,-21.8325235913572,103.726872710354));
#1817=CARTESIAN_POINT('',(286.634508265984,-21.8325235913572,101.476872710354));
#1818=CARTESIAN_POINT('Origin',(286.634508265984,-21.8325235913571,103.726872710354));
#1819=CARTESIAN_POINT('',(286.634508265984,-20.8325235913572,101.476872710354));
#1820=CARTESIAN_POINT('',(286.634508265984,-21.8325235913572,101.476872710354));
#1821=CARTESIAN_POINT('Origin',(286.634508265984,-20.8325235913572,103.726872710354));
#1822=CARTESIAN_POINT('Origin',(309.634508265984,-21.8325235913572,101.476872710354));
#1823=CARTESIAN_POINT('',(309.634508265984,-21.8325235913572,101.476872710354));
#1824=CARTESIAN_POINT('',(143.199480115558,-21.8325235913591,101.476872710354));
#1825=CARTESIAN_POINT('',(309.634508265984,-20.8325235913572,101.476872710354));
#1826=CARTESIAN_POINT('',(309.634508265984,-21.8325235913572,101.476872710354));
#1827=CARTESIAN_POINT('',(309.634508265984,-20.8325235913572,101.476872710354));
#1828=CARTESIAN_POINT('Origin',(309.634508265984,-21.8325235913572,103.726872710354));
#1829=CARTESIAN_POINT('',(311.884508265984,-21.8325235913572,103.726872710354));
#1830=CARTESIAN_POINT('Origin',(309.634508265984,-21.8325235913571,103.726872710354));
#1831=CARTESIAN_POINT('',(311.884508265984,-20.8325235913572,103.726872710354));
#1832=CARTESIAN_POINT('',(311.884508265984,-21.8325235913572,103.726872710354));
#1833=CARTESIAN_POINT('Origin',(309.634508265984,-20.8325235913572,103.726872710354));
#1834=CARTESIAN_POINT('Origin',(311.884508265984,-21.8325235913571,123.726872710354));
#1835=CARTESIAN_POINT('',(311.884508265984,-21.8325235913571,123.726872710354));
#1836=CARTESIAN_POINT('',(311.884508265984,-21.832523591361,125.950105322591));
#1837=CARTESIAN_POINT('',(311.884508265984,-20.8325235913572,123.726872710354));
#1838=CARTESIAN_POINT('',(311.884508265984,-21.8325235913571,123.726872710354));
#1839=CARTESIAN_POINT('',(311.884508265984,-20.8325235913572,123.726872710354));
#1840=CARTESIAN_POINT('Origin',(286.634508265984,-21.8325235913572,18.2292478822933));
#1841=CARTESIAN_POINT('',(286.634508265984,-21.8325235913572,18.2292478822933));
#1842=CARTESIAN_POINT('',(309.634508265984,-21.8325235913572,18.2292478822933));
#1843=CARTESIAN_POINT('',(131.699480115558,-21.832523591359,18.2292478822932));
#1844=CARTESIAN_POINT('',(286.634508265984,-20.8325235913572,18.2292478822933));
#1845=CARTESIAN_POINT('',(286.634508265984,-21.8325235913572,18.2292478822933));
#1846=CARTESIAN_POINT('',(309.634508265984,-20.8325235913572,18.2292478822933));
#1847=CARTESIAN_POINT('',(309.634508265984,-20.8325235913572,18.2292478822933));
#1848=CARTESIAN_POINT('',(309.634508265984,-21.8325235913572,18.2292478822933));
#1849=CARTESIAN_POINT('Origin',(286.634508265984,-21.8325235913572,15.9792478822933));
#1850=CARTESIAN_POINT('',(284.384508265984,-21.8325235913572,15.9792478822933));
#1851=CARTESIAN_POINT('Origin',(286.634508265984,-21.8325235913571,15.9792478822933));
#1852=CARTESIAN_POINT('',(284.384508265984,-20.8325235913572,15.9792478822933));
#1853=CARTESIAN_POINT('',(284.384508265984,-21.8325235913572,15.9792478822933));
#1854=CARTESIAN_POINT('Origin',(286.634508265984,-20.8325235913572,15.9792478822933));
#1855=CARTESIAN_POINT('Origin',(284.384508265984,-21.8325235913572,-4.52075211770668));
#1856=CARTESIAN_POINT('',(284.384508265984,-21.8325235913572,-4.52075211770668));
#1857=CARTESIAN_POINT('',(284.384508265984,-21.8325235913607,61.8262929085606));
#1858=CARTESIAN_POINT('',(284.384508265984,-20.8325235913572,-4.52075211770668));
#1859=CARTESIAN_POINT('',(284.384508265984,-21.8325235913572,-4.52075211770668));
#1860=CARTESIAN_POINT('',(284.384508265984,-20.8325235913572,15.9792478822933));
#1861=CARTESIAN_POINT('Origin',(286.634508265984,-21.8325235913572,-4.52075211770664));
#1862=CARTESIAN_POINT('',(286.634508265984,-21.8325235913572,-6.77075211770669));
#1863=CARTESIAN_POINT('Origin',(286.634508265984,-21.8325235913571,-4.52075211770664));
#1864=CARTESIAN_POINT('',(286.634508265984,-20.8325235913572,-6.77075211770669));
#1865=CARTESIAN_POINT('',(286.634508265984,-21.8325235913572,-6.77075211770669));
#1866=CARTESIAN_POINT('Origin',(286.634508265984,-20.8325235913572,-4.52075211770664));
#1867=CARTESIAN_POINT('Origin',(309.134508265984,-21.8325235913572,-6.77075211770669));
#1868=CARTESIAN_POINT('',(309.134508265984,-21.8325235913572,-6.77075211770669));
#1869=CARTESIAN_POINT('',(142.949480115558,-21.8325235913591,-6.77075211770673));
#1870=CARTESIAN_POINT('',(309.134508265984,-20.8325235913572,-6.77075211770669));
#1871=CARTESIAN_POINT('',(309.134508265984,-21.8325235913572,-6.77075211770669));
#1872=CARTESIAN_POINT('',(286.634508265984,-20.8325235913572,-6.77075211770669));
#1873=CARTESIAN_POINT('Origin',(311.884508265984,-21.8325235913572,15.9792478822933));
#1874=CARTESIAN_POINT('',(311.884508265984,-21.8325235913572,15.9792478822933));
#1875=CARTESIAN_POINT('',(311.884508265984,-21.8325235913572,-4.02075211770668));
#1876=CARTESIAN_POINT('',(311.884508265984,-21.8325235913611,72.0762929085606));
#1877=CARTESIAN_POINT('',(311.884508265984,-20.8325235913572,15.9792478822933));
#1878=CARTESIAN_POINT('',(311.884508265984,-21.8325235913572,15.9792478822933));
#1879=CARTESIAN_POINT('',(311.884508265984,-20.8325235913572,-4.02075211770668));
#1880=CARTESIAN_POINT('',(311.884508265984,-20.8325235913572,-4.02075211770668));
#1881=CARTESIAN_POINT('',(311.884508265984,-21.8325235913572,-4.02075211770668));
#1882=CARTESIAN_POINT('Origin',(309.634508265984,-21.8325235913572,15.9792478822933));
#1883=CARTESIAN_POINT('Origin',(309.634508265984,-21.8325235913571,15.9792478822933));
#1884=CARTESIAN_POINT('Origin',(309.634508265984,-20.8325235913572,15.9792478822933));
#1885=CARTESIAN_POINT('Origin',(157.899983431111,-9.58252359135722,-8.4672173421811));
#1886=CARTESIAN_POINT('',(157.899983431111,-8.58252359135722,-2.49004915363058));
#1887=CARTESIAN_POINT('',(158.899983431111,-9.58252359135722,-2.49004915363057));
#1888=CARTESIAN_POINT('Origin',(157.899983431111,-9.58252359135722,-2.49004915363062));
#1889=CARTESIAN_POINT('',(157.899983431111,-8.58252359135721,-7.46721734218105));
#1890=CARTESIAN_POINT('',(157.899983431111,-8.58252359135722,-8.4672173421811));
#1891=CARTESIAN_POINT('',(158.899983431111,-9.58252359135722,-7.46721734218104));
#1892=CARTESIAN_POINT('Origin',(157.899983431111,-9.58252359135722,-7.4672173421811));
#1893=CARTESIAN_POINT('',(158.899983431111,-9.58252359135722,-8.4672173421811));
#1894=CARTESIAN_POINT('Origin',(158.899983431111,-14.5825235913572,-8.4672173421811));
#1895=CARTESIAN_POINT('',(158.899983431111,-14.5825235913572,-2.49004915363056));
#1896=CARTESIAN_POINT('',(158.899983431111,-3.74174103728734,-2.49004915363059));
#1897=CARTESIAN_POINT('',(158.899983431111,-14.5825235913572,-7.46721734218103));
#1898=CARTESIAN_POINT('',(158.899983431111,-3.48027380904437,-7.46721734218106));
#1899=CARTESIAN_POINT('',(158.899983431111,-14.5825235913572,-8.4672173421811));
#1900=CARTESIAN_POINT('Origin',(157.899983431111,-14.5825235913572,-8.4672173421811));
#1901=CARTESIAN_POINT('',(157.899983431111,-15.5825235913572,-2.49004915363056));
#1902=CARTESIAN_POINT('Origin',(157.899983431111,-14.5825235913572,-2.49004915363062));
#1903=CARTESIAN_POINT('',(157.899983431111,-15.5825235913572,-7.46721734218102));
#1904=CARTESIAN_POINT('Origin',(157.899983431111,-14.5825235913572,-7.4672173421811));
#1905=CARTESIAN_POINT('',(157.899983431111,-15.5825235913572,-8.4672173421811));
#1906=CARTESIAN_POINT('Origin',(146.899983431111,-15.5825235913572,-8.4672173421811));
#1907=CARTESIAN_POINT('',(152.399984155896,-15.5825235913572,-2.49004915363056));
#1908=CARTESIAN_POINT('',(152.39998355237,-15.5825235913572,-7.46721734218103));
#1909=CARTESIAN_POINT('',(152.399987573333,-15.5825235913572,25.6929211437606));
#1910=CARTESIAN_POINT('',(224.749991715555,-15.5825235913572,-2.49004915363055));
#1911=CARTESIAN_POINT('',(70.7999917155553,-15.5825235913572,-7.46721734218103));
#1912=CARTESIAN_POINT('Origin',(160.899983431111,-12.0825235913572,-8.4672173421811));
#1913=CARTESIAN_POINT('',(162.299983431111,-12.0825235913572,-7.4672173421811));
#1914=CARTESIAN_POINT('Origin',(160.899983431111,-12.0825235913572,-7.4672173421811));
#1915=CARTESIAN_POINT('',(162.299983431111,-12.0825235913572,-2.49004915363062));
#1916=CARTESIAN_POINT('',(162.299983431111,-12.0825235913572,-8.4672173421811));
#1917=CARTESIAN_POINT('Origin',(160.899983431111,-12.0825235913572,-2.49004915363062));
#1918=CARTESIAN_POINT('Origin',(309.134508265984,-21.8325235913572,-4.02075211770668));
#1919=CARTESIAN_POINT('',(307.634508265984,-17.8325235913572,-4.02075211770668));
#1920=CARTESIAN_POINT('Origin',(309.134508265984,-17.8325235913572,-4.02075211770668));
#1921=CARTESIAN_POINT('',(307.634508265984,1.2329606733647,-4.02075211770669));
#1922=CARTESIAN_POINT('',(307.634508265984,-21.8325235913572,-4.02075211770668));
#1923=CARTESIAN_POINT('Origin',(309.134508265984,1.2329606733647,-4.02075211770669));
#1924=CARTESIAN_POINT('Origin',(309.134508265984,-21.8325235913571,123.726872710354));
#1925=CARTESIAN_POINT('',(307.634508265984,-17.8325235913571,123.726872710354));
#1926=CARTESIAN_POINT('Origin',(309.134508265984,-17.8325235913571,123.726872710354));
#1927=CARTESIAN_POINT('',(307.634508265984,-9.94350829145309,123.726872710354));
#1928=CARTESIAN_POINT('',(307.634508265984,-21.8325235913571,123.726872710354));
#1929=CARTESIAN_POINT('Origin',(309.134508265984,-9.94350829145309,123.726872710354));
#1930=CARTESIAN_POINT('Ctrl Pts',(307.599998126674,-9.37381042113261,117.215196255819));
#1931=CARTESIAN_POINT('Ctrl Pts',(307.599998126674,-9.37381042113259,122.196169610736));
#1932=CARTESIAN_POINT('Ctrl Pts',(302.599998262734,-9.37380886002769,122.196169746278));
#1933=CARTESIAN_POINT('Ctrl Pts',(307.599995017354,-19.3325251524606,117.215196255819));
#1934=CARTESIAN_POINT('Ctrl Pts',(307.599995017354,-19.3325251524606,122.196169610736));
#1935=CARTESIAN_POINT('Ctrl Pts',(302.599995153414,-19.3325235913556,122.196169746278));
#1936=CARTESIAN_POINT('',(302.599998126674,-9.8095891348709,122.196169746278));
#1937=CARTESIAN_POINT('',(307.599998126674,-9.37381042113261,117.215196255819));
#1938=CARTESIAN_POINT('Origin',(302.599998126674,-9.37381042113261,117.215196255819));
#1939=CARTESIAN_POINT('',(307.6,-19.3325235913571,117.215196255819));
#1940=CARTESIAN_POINT('',(307.6,-3.3738104211329,117.215196255819));
#1941=CARTESIAN_POINT('',(302.6,-19.3325235913571,122.196169746277));
#1942=CARTESIAN_POINT('Origin',(302.599995017355,-19.3325235913572,117.215196255819));
#1943=CARTESIAN_POINT('',(302.6,-3.80958913487119,122.196169746277));
#1944=CARTESIAN_POINT('Ctrl Pts',(310.099998099358,1.53448737262984,-7.46721734218109));
#1945=CARTESIAN_POINT('Ctrl Pts',(310.661850712792,1.53448719720766,-7.46721736347193));
#1946=CARTESIAN_POINT('Ctrl Pts',(311.973702330269,1.53448678762005,-7.01029137011737));
#1947=CARTESIAN_POINT('Ctrl Pts',(312.599998202804,1.53448659207734,-5.72340635003104));
#1948=CARTESIAN_POINT('Ctrl Pts',(312.5999981946,1.53448659207735,-4.98053587154404));
#1949=CARTESIAN_POINT('Ctrl Pts',(310.099990803687,-21.8325235913611,-7.46721734218102));
#1950=CARTESIAN_POINT('Ctrl Pts',(310.66184341712,-21.8325237667833,-7.46721736347186));
#1951=CARTESIAN_POINT('Ctrl Pts',(311.973695034598,-21.8325241763709,-7.0102913701173));
#1952=CARTESIAN_POINT('Ctrl Pts',(312.599990907132,-21.8325243719136,-5.72340635003097));
#1953=CARTESIAN_POINT('Ctrl Pts',(312.599990898928,-21.8325243719136,-4.98053587154397));
#1954=CARTESIAN_POINT('',(310.099998099358,1.53448730974254,-7.46721734218109));
#1955=CARTESIAN_POINT('',(312.599998126674,1.31693087126184,-4.98053587154417));
#1956=CARTESIAN_POINT('Ctrl Pts',(310.099998099358,1.53448730974254,-7.46721734218109));
#1957=CARTESIAN_POINT('Ctrl Pts',(310.186829769347,1.53448731003041,-7.46721734547149));
#1958=CARTESIAN_POINT('Ctrl Pts',(310.273536950676,1.53409363061592,-7.46254461564426));
#1959=CARTESIAN_POINT('Ctrl Pts',(310.359775866748,1.53330988563478,-7.45337558948455));
#1960=CARTESIAN_POINT('Ctrl Pts',(310.447357279719,1.53251393995289,-7.44406382742609));
#1961=CARTESIAN_POINT('Ctrl Pts',(310.534456651143,1.53131568973337,-7.43011451197987));
#1962=CARTESIAN_POINT('Ctrl Pts',(310.62070938713,1.5297189205402,-7.41165948673519));
#1963=CARTESIAN_POINT('Ctrl Pts',(310.644465500853,1.52927913123836,-7.40657652126813));
#1964=CARTESIAN_POINT('Ctrl Pts',(310.668157318478,1.52880911083067,-7.40115146234667));
#1965=CARTESIAN_POINT('Ctrl Pts',(310.69177701759,1.5283089384102,-7.39538640208923));
#1966=CARTESIAN_POINT('Ctrl Pts',(310.777553467433,1.52649253023608,-7.37445021659123));
#1967=CARTESIAN_POINT('Ctrl Pts',(310.862112130188,1.52428416237751,-7.34909925131024));
#1968=CARTESIAN_POINT('Ctrl Pts',(310.94509139411,1.52169500102798,-7.31948437461494));
#1969=CARTESIAN_POINT('Ctrl Pts',(311.027770082094,1.51911521840235,-7.28997677194157));
#1970=CARTESIAN_POINT('Ctrl Pts',(311.108881694709,1.51615739598697,-7.25623574903721));
#1971=CARTESIAN_POINT('Ctrl Pts',(311.18805096689,1.51283257907789,-7.21836246812258));
#1972=CARTESIAN_POINT('Ctrl Pts',(311.208877116467,1.51195795774618,-7.20839957985077));
#1973=CARTESIAN_POINT('Ctrl Pts',(311.229568721134,1.51105794047934,-7.19815049669082));
#1974=CARTESIAN_POINT('Ctrl Pts',(311.250118625453,1.51013272834148,-7.1876165495558));
#1975=CARTESIAN_POINT('Ctrl Pts',(311.328778332712,1.50659125608992,-7.14729533029011));
#1976=CARTESIAN_POINT('Ctrl Pts',(311.405039036316,1.5026953981849,-7.10297034543167));
#1977=CARTESIAN_POINT('Ctrl Pts',(311.478540094922,1.49846518415523,-7.05478814564873));
#1978=CARTESIAN_POINT('Ctrl Pts',(311.541239499523,1.49485663883593,-7.0136867615861));
#1979=CARTESIAN_POINT('Ctrl Pts',(311.601930898948,1.49100478969627,-6.96977760850651));
#1980=CARTESIAN_POINT('Ctrl Pts',(311.660376539361,1.48692206986274,-6.92312505813566));
#1981=CARTESIAN_POINT('Ctrl Pts',(311.729162440464,1.4821170311855,-6.86821869226592));
#1982=CARTESIAN_POINT('Ctrl Pts',(311.794838936043,1.47699220357731,-6.80951274089282));
#1983=CARTESIAN_POINT('Ctrl Pts',(311.857258439377,1.47156785549453,-6.74734009381995));
#1984=CARTESIAN_POINT('Ctrl Pts',(311.908295703886,1.46713264096859,-6.69650467116538));
#1985=CARTESIAN_POINT('Ctrl Pts',(311.95715494474,1.46249718190617,-6.64335062193332));
#1986=CARTESIAN_POINT('Ctrl Pts',(312.003734423083,1.45767255785857,-6.58804491001535));
#1987=CARTESIAN_POINT('Ctrl Pts',(312.060609762645,1.45178150581755,-6.52051450270061));
#1988=CARTESIAN_POINT('Ctrl Pts',(312.11380757987,1.44563771752567,-6.45010941652808));
#1989=CARTESIAN_POINT('Ctrl Pts',(312.163209525154,1.43926936219551,-6.37719400852355));
#1990=CARTESIAN_POINT('Ctrl Pts',(312.213014586247,1.43284904160992,-6.30368361678998));
#1991=CARTESIAN_POINT('Ctrl Pts',(312.258962046382,1.42620047413617,-6.22762096824941));
#1992=CARTESIAN_POINT('Ctrl Pts',(312.30088932231,1.41935252421729,-6.14934615883352));
#1993=CARTESIAN_POINT('Ctrl Pts',(312.342491841463,1.41255761657426,-6.07167764386798));
#1994=CARTESIAN_POINT('Ctrl Pts',(312.380136583163,1.40556640324344,-5.99183025893279));
#1995=CARTESIAN_POINT('Ctrl Pts',(312.413618083589,1.39840708313693,-5.9101160790187));
#1996=CARTESIAN_POINT('Ctrl Pts',(312.423742774881,1.39624212920656,-5.88540599030345));
#1997=CARTESIAN_POINT('Ctrl Pts',(312.433486417922,1.39406180297192,-5.86052510202537));
#1998=CARTESIAN_POINT('Ctrl Pts',(312.442842401725,1.39186688419698,-5.8354818553244));
#1999=CARTESIAN_POINT('Ctrl Pts',(312.474061555726,1.38454285406905,-5.75191726266947));
#2000=CARTESIAN_POINT('Ctrl Pts',(312.500819834158,1.37709148120466,-5.66694296681008));
#2001=CARTESIAN_POINT('Ctrl Pts',(312.522965105411,1.36954590086247,-5.5809053136429));
#2002=CARTESIAN_POINT('Ctrl Pts',(312.544916362515,1.36206642715473,-5.49562143413251));
#2003=CARTESIAN_POINT('Ctrl Pts',(312.562335420488,1.35449438943679,-5.40929189897228));
#2004=CARTESIAN_POINT('Ctrl Pts',(312.575026152069,1.34686205969842,-5.32223734441575));
#2005=CARTESIAN_POINT('Ctrl Pts',(312.587372640944,1.33943676088029,-5.2375441900029));
#2006=CARTESIAN_POINT('Ctrl Pts',(312.595243996423,1.33195439658411,-5.15216406289652));
#2007=CARTESIAN_POINT('Ctrl Pts',(312.598410704241,1.32444468322382,-5.06638808811274));
#2008=CARTESIAN_POINT('Ctrl Pts',(312.599465724009,1.32194274856146,-5.03781098081002));
#2009=CARTESIAN_POINT('Ctrl Pts',(312.599998127773,1.31943777827733,-5.00918994984946));
#2010=CARTESIAN_POINT('Ctrl Pts',(312.599998126674,1.31693087126182,-4.98053587154404));
#2011=CARTESIAN_POINT('',(312.599990898928,-21.8325235913611,-4.9805358715441));
#2012=CARTESIAN_POINT('',(312.6,7.31693118587265,-4.98053587154419));
#2013=CARTESIAN_POINT('',(310.099990803687,-21.832523591361,-7.46721734218102));
#2014=CARTESIAN_POINT('Ctrl Pts',(310.099990803687,-21.832523591361,-7.46721734218102));
#2015=CARTESIAN_POINT('Ctrl Pts',(310.661843417121,-21.8325237667832,-7.46721736347183));
#2016=CARTESIAN_POINT('Ctrl Pts',(311.224065538897,-21.8325239423208,-7.27139193774845));
#2017=CARTESIAN_POINT('Ctrl Pts',(311.66036925854,-21.832524078544,-6.92312505813558));
#2018=CARTESIAN_POINT('Ctrl Pts',(312.242107551398,-21.8325242601749,-6.45876921865176));
#2019=CARTESIAN_POINT('Ctrl Pts',(312.599990907132,-21.8325243719135,-5.72340635003105));
#2020=CARTESIAN_POINT('Ctrl Pts',(312.599990898928,-21.8325243719135,-4.9805358715441));
#2021=CARTESIAN_POINT('',(310.1,7.62197597326847,-7.46721734218111));
#2022=CARTESIAN_POINT('Origin',(302.6,7.09904151678252,-2.49004915363062));
#2023=CARTESIAN_POINT('',(152.399984155896,-8.58252359135721,-2.49004915363058));
#2024=CARTESIAN_POINT('',(152.399984155896,7.09904151678251,-2.49004915363063));
#2025=CARTESIAN_POINT('',(152.399984155896,-0.0398993686962712,-2.49004915363061));
#2026=CARTESIAN_POINT('',(230.249991715555,-8.58252359135721,-2.49004915363057));
#2027=CARTESIAN_POINT('',(152.399984155896,-19.3325235913572,-2.49004915363054));
#2028=CARTESIAN_POINT('',(152.399984155896,-0.0398993686962712,-2.49004915363061));
#2029=CARTESIAN_POINT('',(302.6,-19.3325235913572,-2.49004915363063));
#2030=CARTESIAN_POINT('',(227.5,-19.3325235913572,-2.49004915363054));
#2031=CARTESIAN_POINT('',(302.6,1.09904151678252,-2.49004915363062));
#2032=CARTESIAN_POINT('',(302.6,7.09904151678252,-2.49004915363062));
#2033=CARTESIAN_POINT('',(302.6,7.09904151678252,-2.49004915363062));
#2034=CARTESIAN_POINT('',(302.6,7.09904151678252,-2.49004915363062));
#2035=CARTESIAN_POINT('',(268.875,7.09904151678252,-2.49004915363062));
#2036=CARTESIAN_POINT('',(302.6,7.09904151678252,-2.49004915363062));
#2037=CARTESIAN_POINT('',(268.875,0.0990415167825143,-2.49004915363062));
#2038=CARTESIAN_POINT('',(268.875,7.31693087365167,-2.49004915363062));
#2039=CARTESIAN_POINT('',(190.825,0.0990415167825143,-2.49004915363062));
#2040=CARTESIAN_POINT('',(266.225,0.0990415167825131,-2.4900491536306));
#2041=CARTESIAN_POINT('',(190.825,7.09904151678252,-2.49004915363062));
#2042=CARTESIAN_POINT('',(190.825,7.09904151678252,-2.49004915363062));
#2043=CARTESIAN_POINT('',(302.6,7.09904151678252,-2.49004915363062));
#2044=CARTESIAN_POINT('Origin',(152.4,-19.3325235913572,59.8530602963234));
#2045=CARTESIAN_POINT('',(152.399999275215,-19.3325235913571,122.196169746278));
#2046=CARTESIAN_POINT('',(152.399991715555,-19.3325235913572,59.8530602964755));
#2047=CARTESIAN_POINT('',(77.3,-19.3325235913571,122.196169746278));
#2048=CARTESIAN_POINT('',(307.6,-19.3325235913572,2.49092433682811));
#2049=CARTESIAN_POINT('',(307.599994233909,-19.3325235913572,88.5341261563654));
#2050=CARTESIAN_POINT('Origin',(302.59999188357,-19.3325235913572,2.49092433682818));
#2051=CARTESIAN_POINT('Origin',(157.899983431111,-8.58252359135722,-8.4672173421811));
#2052=CARTESIAN_POINT('',(152.39998355237,-8.58252359135722,-7.46721734218105));
#2053=CARTESIAN_POINT('',(152.399987573333,-8.58252359135722,25.6929218106848));
#2054=CARTESIAN_POINT('',(76.2999917155553,-8.58252359135722,-7.46721734218105));
#2055=CARTESIAN_POINT('Origin',(268.875,7.5348202305208,-7.47102264408935));
#2056=CARTESIAN_POINT('',(268.875,0.534487309742536,-7.46721734218108));
#2057=CARTESIAN_POINT('',(268.875,7.53448730974254,-7.4672173421811));
#2058=CARTESIAN_POINT('',(268.875,7.57839810189464,-7.4672173421811));
#2059=CARTESIAN_POINT('',(268.875,0.621975973268462,-8.4672173421811));
#2060=CARTESIAN_POINT('',(268.875,4.58977321073823,26.191018826117));
#2061=CARTESIAN_POINT('Origin',(229.85,0.31693087365166,-4.98053589885999));
#2062=CARTESIAN_POINT('',(190.825,0.534487309742536,-7.46721734218107));
#2063=CARTESIAN_POINT('',(112.275,0.534487309742539,-7.46721734218107));
#2064=CARTESIAN_POINT('',(190.825,0.0990415167825143,-2.49004915363062));
#2065=CARTESIAN_POINT('Origin',(190.825,7.09904151678252,-2.49004915363062));
#2066=CARTESIAN_POINT('',(190.825,7.53448730974254,-7.46721734218109));
#2067=CARTESIAN_POINT('',(190.825,7.36050874502548,-7.46721734218109));
#2068=CARTESIAN_POINT('',(190.825,4.37188385386909,28.6815055713464));
#2069=CARTESIAN_POINT('Origin',(307.6,-3.3738104211329,117.215196255819));
#2070=CARTESIAN_POINT('',(307.6,-1.73473773408477,98.4805097148309));
#2071=CARTESIAN_POINT('',(307.599997814453,-8.73473773408444,98.4805097148309));
#2072=CARTESIAN_POINT('',(307.599999744124,-2.5542732970563,98.4805097148309));
#2073=CARTESIAN_POINT('',(307.599997814453,-1.93223201262974,20.7275135287701));
#2074=CARTESIAN_POINT('',(307.599997814453,-7.82706121501619,88.1057196278925));
#2075=CARTESIAN_POINT('',(307.6,5.06776798736992,20.7275135287701));
#2076=CARTESIAN_POINT('',(307.599998682181,0.846978783118799,20.7275135287701));
#2077=CARTESIAN_POINT('',(307.6,6.66326280304423,2.49092433682812));
#2078=CARTESIAN_POINT('',(307.6,-3.3738104211329,117.215196255819));
#2079=CARTESIAN_POINT('',(307.6,0.663262803044227,2.49092433682812));
#2080=CARTESIAN_POINT('',(307.6,6.66326280304423,2.49092433682812));
#2081=CARTESIAN_POINT('',(307.6,6.66326280304423,2.49092433682812));
#2082=CARTESIAN_POINT('',(307.6,-3.3738104211329,117.215196255819));
#2083=CARTESIAN_POINT('',(307.6,-3.3738104211329,117.215196255819));
#2084=CARTESIAN_POINT('',(307.6,-3.3738104211329,117.215196255819));
#2085=CARTESIAN_POINT('Origin',(310.099997814453,-5.33348487335708,59.6040116218005));
#2086=CARTESIAN_POINT('',(312.599997814453,-1.93223201262974,20.7275135287701));
#2087=CARTESIAN_POINT('',(312.599997814453,-8.73473773408443,98.4805097148309));
#2088=CARTESIAN_POINT('',(312.599997814453,-2.48169056762391,27.0078535505532));
#2089=CARTESIAN_POINT('',(307.599997814453,-1.93223201262974,20.7275135287701));
#2090=CARTESIAN_POINT('',(313.599997814453,-8.73473773408443,98.4805097148309));
#2091=CARTESIAN_POINT('Origin',(312.6,-1.73473773408477,98.4805097148309));
#2092=CARTESIAN_POINT('',(312.6,-1.73473773408477,98.4805097148309));
#2093=CARTESIAN_POINT('',(232.5,-1.73473773408476,98.4805097148309));
#2094=CARTESIAN_POINT('',(312.600001413061,2.79109672589363,98.4805097148309));
#2095=CARTESIAN_POINT('Origin',(307.6,5.06776798736992,20.7275135287701));
#2096=CARTESIAN_POINT('',(312.6,5.06776798736992,20.7275135287701));
#2097=CARTESIAN_POINT('',(230.,5.06776798736992,20.7275135287701));
#2098=CARTESIAN_POINT('',(312.600000351118,6.19234880606873,20.7275135287701));
#2099=CARTESIAN_POINT('Origin',(152.4,1.64472619095566,59.8530602963234));
#2100=CARTESIAN_POINT('',(312.6,-3.3738104211329,117.215196255819));
#2101=CARTESIAN_POINT('',(230.,-3.3738104211329,117.215196255819));
#2102=CARTESIAN_POINT('',(312.6,4.48082853230366,27.4362621987317));
#2103=CARTESIAN_POINT('Origin',(2.19999999999998,-3.80958913487119,122.196169746277));
#2104=CARTESIAN_POINT('',(152.399999275215,-3.8095891348712,122.196169746277));
#2105=CARTESIAN_POINT('',(152.399999275215,-5.49421469452293,122.196169746278));
#2106=CARTESIAN_POINT('',(190.825,-3.80958913487119,122.196169746278));
#2107=CARTESIAN_POINT('',(2.19999999999998,-3.80958913487119,122.196169746277));
#2108=CARTESIAN_POINT('',(190.824997814453,-10.8095891348709,122.196169746278));
#2109=CARTESIAN_POINT('',(190.824999931961,-4.02750793808286,122.196169746277));
#2110=CARTESIAN_POINT('',(268.874997814453,-10.8095891348709,122.196169746278));
#2111=CARTESIAN_POINT('',(116.024998907227,-10.8095891348709,122.196169746278));
#2112=CARTESIAN_POINT('',(268.875,-3.80958913487119,122.196169746278));
#2113=CARTESIAN_POINT('',(268.874999999987,-3.80963076563804,122.196169746277));
#2114=CARTESIAN_POINT('',(302.6,-3.80958913487119,122.196169746277));
#2115=CARTESIAN_POINT('',(2.19999999999998,-3.80958913487119,122.196169746277));
#2116=CARTESIAN_POINT('',(302.6,-3.80958913487119,122.196169746277));
#2117=CARTESIAN_POINT('Origin',(229.849997814453,-11.02747849174,124.686656491507));
#2118=CARTESIAN_POINT('',(268.874997814453,-11.2450349278309,127.173337934828));
#2119=CARTESIAN_POINT('',(190.824997814453,-11.2450349278309,127.173337934828));
#2120=CARTESIAN_POINT('',(269.974998907227,-11.2450349278309,127.173337934828));
#2121=CARTESIAN_POINT('',(268.874997814453,-11.3325235913568,128.173337934828));
#2122=CARTESIAN_POINT('',(190.824997814453,-10.8095891348709,122.196169746278));
#2123=CARTESIAN_POINT('Origin',(268.875,-3.80958913487119,122.196169746278));
#2124=CARTESIAN_POINT('',(268.875,-4.2450349278312,127.173337934828));
#2125=CARTESIAN_POINT('',(268.875000054322,-4.07104992745889,127.173337934828));
#2126=CARTESIAN_POINT('',(268.875,-1.08243147195776,91.0246150213005));
#2127=CARTESIAN_POINT('Origin',(190.825,-4.24536784860948,127.177143236736));
#2128=CARTESIAN_POINT('',(190.825,-4.24503492783121,127.173337934828));
#2129=CARTESIAN_POINT('',(190.824999986296,-4.28892709990372,127.173337934828));
#2130=CARTESIAN_POINT('',(190.825,-1.30032082882691,93.5151017665298));
#2131=CARTESIAN_POINT('Origin',(309.134508265984,-21.8325235913571,123.726872710354));
#2132=CARTESIAN_POINT('',(306.384508265984,-20.8325235913572,123.726872710354));
#2133=CARTESIAN_POINT('Origin',(309.134508265984,-20.8325235913572,123.726872710354));
#2134=CARTESIAN_POINT('',(306.384508265984,-17.8325235913571,123.726872710354));
#2135=CARTESIAN_POINT('',(306.384508265984,-21.8325235913571,123.726872710354));
#2136=CARTESIAN_POINT('Origin',(309.134508265984,-17.8325235913571,123.726872710354));
#2137=CARTESIAN_POINT('Origin',(309.134508265984,-20.8325235913572,123.726872710354));
#2138=CARTESIAN_POINT('Origin',(309.134508265984,-21.8325235913571,123.726872710354));
#2139=CARTESIAN_POINT('Origin',(309.134508265984,-21.8325235913572,-4.02075211770668));
#2140=CARTESIAN_POINT('',(306.384508265984,-20.8325235913572,-4.02075211770668));
#2141=CARTESIAN_POINT('Origin',(309.134508265984,-20.8325235913572,-4.02075211770668));
#2142=CARTESIAN_POINT('',(306.384508265984,-17.8325235913572,-4.02075211770668));
#2143=CARTESIAN_POINT('',(306.384508265984,-21.8325235913572,-4.02075211770668));
#2144=CARTESIAN_POINT('Origin',(309.134508265984,-17.8325235913572,-4.02075211770668));
#2145=CARTESIAN_POINT('Origin',(309.134508265984,-20.8325235913572,-4.02075211770668));
#2146=CARTESIAN_POINT('Origin',(309.134508265984,-21.8325235913572,-4.02075211770668));
#2147=CARTESIAN_POINT('Origin',(298.134508265984,-20.8325235913572,113.976872710354));
#2148=CARTESIAN_POINT('Origin',(298.134508265984,-20.8325235913572,5.72924788229332));
#2149=CARTESIAN_POINT('Origin',(309.134508265984,-17.8325235913572,-4.02075211770668));
#2150=CARTESIAN_POINT('Origin',(309.134508265984,-17.8325235913571,123.726872710354));
#2151=CARTESIAN_POINT('Origin',(152.4,1.64472619095566,59.8530602963234));
#2152=CARTESIAN_POINT('',(312.6,6.66326280304423,2.49092433682812));
#2153=CARTESIAN_POINT('',(233.,6.66326280304423,2.49092433682812));
#2154=CARTESIAN_POINT('',(312.6,4.48082853230366,27.4362621987317));
#2155=CARTESIAN_POINT('Origin',(152.4,1.64472619095566,59.8530602963234));
#2156=CARTESIAN_POINT('',(302.6,7.53448730974254,-7.46721734218109));
#2157=CARTESIAN_POINT('',(302.6,4.37188385386909,28.6815055713464));
#2158=CARTESIAN_POINT('',(73.55,7.53448730974254,-7.46721734218109));
#2159=CARTESIAN_POINT('Ctrl Pts',(302.599998126674,1.09904224868698,-2.4900491536306));
#2160=CARTESIAN_POINT('Ctrl Pts',(307.599998262733,1.09904068758198,-2.49004928917213));
#2161=CARTESIAN_POINT('Ctrl Pts',(307.599998262733,1.099040687582,2.49092433682813));
#2162=CARTESIAN_POINT('Ctrl Pts',(302.599991747511,-19.3325235913546,-2.49004915363054));
#2163=CARTESIAN_POINT('Ctrl Pts',(307.599991883569,-19.3325251524596,-2.49004928917207));
#2164=CARTESIAN_POINT('Ctrl Pts',(307.599991883569,-19.3325251524596,2.4909243368282));
#2165=CARTESIAN_POINT('Origin',(302.599998126674,0.663262803044226,2.49092433682811));
#2166=CARTESIAN_POINT('Origin',(312.6,7.31693118587265,-4.98053587154418));
#2167=CARTESIAN_POINT('',(312.599998126674,-9.37381042113261,117.215196255819));
#2168=CARTESIAN_POINT('',(312.599998126674,-10.0274784941299,124.686656518823));
#2169=CARTESIAN_POINT('',(312.599998126674,-4.24532969581467,58.5963933317313));
#2170=CARTESIAN_POINT('',(312.599994440891,-21.8325235913611,124.686656518823));
#2171=CARTESIAN_POINT('',(312.6,-4.02747817951934,124.686656518823));
#2172=CARTESIAN_POINT('',(312.599992717531,-21.8325235913611,61.5963964448342));
#2173=CARTESIAN_POINT('',(312.599998126674,0.663262803044227,2.49092433682812));
#2174=CARTESIAN_POINT('',(312.599998126674,1.25256350138569,-4.24481346726863));
#2175=CARTESIAN_POINT('',(312.600000102045,6.9900971505689,2.49092433682812));
#2176=CARTESIAN_POINT('',(312.600001668937,1.97155960181706,117.215196255819));
#2177=CARTESIAN_POINT('Origin',(308.1,1.14261938815635,-2.9881465026765));
#2178=CARTESIAN_POINT('',(302.6,1.53448730974254,-7.46721734218108));
#2179=CARTESIAN_POINT('',(151.4,1.53448730974254,-7.46721734218108));
#2180=CARTESIAN_POINT('',(302.6,1.09904151678252,-2.49004915363062));
#2181=CARTESIAN_POINT('',(307.6,0.663262803044227,2.49092433682812));
#2182=CARTESIAN_POINT('Origin',(302.6,7.09904151678252,-2.49004915363062));
#2183=CARTESIAN_POINT('',(302.6,7.36050874502548,-7.46721734218109));
#2184=CARTESIAN_POINT('Origin',(313.6,6.66326280304423,2.49092433682812));
#2185=CARTESIAN_POINT('Origin',(152.4,1.64472619095566,59.8530602963234));
#2186=CARTESIAN_POINT('',(302.6,-4.2450349278312,127.173337934828));
#2187=CARTESIAN_POINT('',(302.6,-1.34389870020074,94.0131991155757));
#2188=CARTESIAN_POINT('',(231.25,-4.2450349278312,127.173337934828));
#2189=CARTESIAN_POINT('Ctrl Pts',(312.599998126674,-10.0274784941299,124.686656518823));
#2190=CARTESIAN_POINT('Ctrl Pts',(312.599998120521,-10.0274784941299,125.243809342899));
#2191=CARTESIAN_POINT('Ctrl Pts',(312.144568481999,-10.0274783519352,126.545544589389));
#2192=CARTESIAN_POINT('Ctrl Pts',(310.849134993051,-10.0274779474736,127.17333790644));
#2193=CARTESIAN_POINT('Ctrl Pts',(310.099998221916,-10.0274777135774,127.173337934828));
#2194=CARTESIAN_POINT('Ctrl Pts',(312.599994440891,-21.8325243719135,124.686656518823));
#2195=CARTESIAN_POINT('Ctrl Pts',(312.599994434738,-21.8325243719135,125.243809342899));
#2196=CARTESIAN_POINT('Ctrl Pts',(312.144564796216,-21.8325242297188,126.545544589389));
#2197=CARTESIAN_POINT('Ctrl Pts',(310.849131307268,-21.8325238252573,127.17333790644));
#2198=CARTESIAN_POINT('Ctrl Pts',(310.099994536133,-21.8325235913611,127.173337934828));
#2199=CARTESIAN_POINT('',(310.09999815399,-10.2450349278309,127.173337934828));
#2200=CARTESIAN_POINT('Ctrl Pts',(312.599998126674,-10.0274784941299,124.686656518823));
#2201=CARTESIAN_POINT('Ctrl Pts',(312.599998123296,-10.0351838061362,124.774728638064));
#2202=CARTESIAN_POINT('Ctrl Pts',(312.595125427437,-10.0428786914554,124.862700159669));
#2203=CARTESIAN_POINT('Ctrl Pts',(312.585553600542,-10.050530763877,124.950202000792));
#2204=CARTESIAN_POINT('Ctrl Pts',(312.577004116716,-10.0573655374384,125.028357987476));
#2205=CARTESIAN_POINT('Ctrl Pts',(312.564704803392,-10.0641661551775,125.106139808387));
#2206=CARTESIAN_POINT('Ctrl Pts',(312.548744384478,-10.070909539235,125.183281155565));
#2207=CARTESIAN_POINT('Ctrl Pts',(312.530775082169,-10.0785016900035,125.270132020542));
#2208=CARTESIAN_POINT('Ctrl Pts',(312.508214782488,-10.0860006473615,125.355935554221));
#2209=CARTESIAN_POINT('Ctrl Pts',(312.481216361743,-10.0933748456822,125.440318010061));
#2210=CARTESIAN_POINT('Ctrl Pts',(312.457368066506,-10.099888636261,125.51485487793));
#2211=CARTESIAN_POINT('Ctrl Pts',(312.430055981457,-10.1063050826638,125.58828332829));
#2212=CARTESIAN_POINT('Ctrl Pts',(312.399353083801,-10.1126024292658,125.660336037816));
#2213=CARTESIAN_POINT('Ctrl Pts',(312.364633332601,-10.1197236563795,125.741815387946));
#2214=CARTESIAN_POINT('Ctrl Pts',(312.325715522463,-10.126664212899,125.821213775071));
#2215=CARTESIAN_POINT('Ctrl Pts',(312.282759978408,-10.1333970879375,125.898173840973));
#2216=CARTESIAN_POINT('Ctrl Pts',(312.240048797421,-10.1400916613773,125.974696100805));
#2217=CARTESIAN_POINT('Ctrl Pts',(312.193345328383,-10.1465809095083,126.048808576516));
#2218=CARTESIAN_POINT('Ctrl Pts',(312.142759445106,-10.1528382797851,126.120142335424));
#2219=CARTESIAN_POINT('Ctrl Pts',(312.114803080099,-10.1562964249456,126.159565045322));
#2220=CARTESIAN_POINT('Ctrl Pts',(312.08566012041,-10.1596837491146,126.198138681662));
#2221=CARTESIAN_POINT('Ctrl Pts',(312.055343395112,-10.1629957704098,126.235797158973));
#2222=CARTESIAN_POINT('Ctrl Pts',(312.000062605637,-10.1690350490641,126.304465207245));
#2223=CARTESIAN_POINT('Ctrl Pts',(311.940880905015,-10.174823950134,126.370092803314));
#2224=CARTESIAN_POINT('Ctrl Pts',(311.878127869936,-10.1803353007807,126.432510864421));
#2225=CARTESIAN_POINT('Ctrl Pts',(311.870989721032,-10.1809622161407,126.439610910083));
#2226=CARTESIAN_POINT('Ctrl Pts',(311.863805328465,-10.1815855402673,126.446669383793));
#2227=CARTESIAN_POINT('Ctrl Pts',(311.856575152485,-10.1822052331671,126.453686002263));
#2228=CARTESIAN_POINT('Ctrl Pts',(311.794064586088,-10.1875629664047,126.514350195776));
#2229=CARTESIAN_POINT('Ctrl Pts',(311.728452466951,-10.1926216911836,126.571580674992));
#2230=CARTESIAN_POINT('Ctrl Pts',(311.660109803901,-10.1973642608023,126.625277381825));
#2231=CARTESIAN_POINT('Ctrl Pts',(311.590775010903,-10.2021756782701,126.679753603365));
#2232=CARTESIAN_POINT('Ctrl Pts',(311.518629081596,-10.2066616947056,126.73059320477));
#2233=CARTESIAN_POINT('Ctrl Pts',(311.44401903349,-10.2108044057459,126.777655223189));
#2234=CARTESIAN_POINT('Ctrl Pts',(311.369297167367,-10.2149533254637,126.824787773415));
#2235=CARTESIAN_POINT('Ctrl Pts',(311.292102962252,-10.218757909992,126.868131856802));
#2236=CARTESIAN_POINT('Ctrl Pts',(311.212756741993,-10.2222001743384,126.907502539136));
#2237=CARTESIAN_POINT('Ctrl Pts',(311.158907176502,-10.2245363214007,126.934222074482));
#2238=CARTESIAN_POINT('Ctrl Pts',(311.104065842143,-10.2267055884036,126.959110613571));
#2239=CARTESIAN_POINT('Ctrl Pts',(311.048328413047,-10.2287023535102,126.982097378752));
#2240=CARTESIAN_POINT('Ctrl Pts',(310.966220201314,-10.2316438385196,127.01595976195));
#2241=CARTESIAN_POINT('Ctrl Pts',(310.882588971106,-10.2341957200713,127.045523687536));
#2242=CARTESIAN_POINT('Ctrl Pts',(310.797774319152,-10.2363517146401,127.070652808205));
#2243=CARTESIAN_POINT('Ctrl Pts',(310.713439541717,-10.238495510764,127.095639750319));
#2244=CARTESIAN_POINT('Ctrl Pts',(310.627933838435,-10.2402478870255,127.11624229784));
#2245=CARTESIAN_POINT('Ctrl Pts',(310.541569704085,-10.2416026659453,127.132279972853));
#2246=CARTESIAN_POINT('Ctrl Pts',(310.457552579088,-10.2429206277439,127.147881812162));
#2247=CARTESIAN_POINT('Ctrl Pts',(310.372722264066,-10.2438623085716,127.159163684011));
#2248=CARTESIAN_POINT('Ctrl Pts',(310.287358256652,-10.2444220210167,127.165911706042));
#2249=CARTESIAN_POINT('Ctrl Pts',(310.22515224394,-10.2448298917404,127.170829089339));
#2250=CARTESIAN_POINT('Ctrl Pts',(310.162662619569,-10.2450349276232,127.173337932453));
#2251=CARTESIAN_POINT('Ctrl Pts',(310.09999815399,-10.2450349278309,127.173337934828));
#2252=CARTESIAN_POINT('',(310.099994536133,-21.832523591361,127.173337934828));
#2253=CARTESIAN_POINT('',(310.1,-4.33252359135708,127.173337934828));
#2254=CARTESIAN_POINT('Ctrl Pts',(312.599994440891,-21.8325235913611,124.686656518823));
#2255=CARTESIAN_POINT('Ctrl Pts',(312.599994434738,-21.832523591361,125.243809342899));
#2256=CARTESIAN_POINT('Ctrl Pts',(312.404810303943,-21.8325235304205,125.801695877109));
#2257=CARTESIAN_POINT('Ctrl Pts',(312.055339751641,-21.8325234213084,126.235797158973));
#2258=CARTESIAN_POINT('Ctrl Pts',(311.589379015238,-21.8325232758257,126.814598868125));
#2259=CARTESIAN_POINT('Ctrl Pts',(310.849131307268,-21.8325230447048,127.17333790644));
#2260=CARTESIAN_POINT('Ctrl Pts',(310.099994536133,-21.8325228108086,127.173337934828));
#2261=CARTESIAN_POINT('Origin',(307.6,-3.3738104211329,117.215196255819));
#2262=CARTESIAN_POINT('',(307.599998126674,-9.37381042113261,117.215196255819));
#2263=CARTESIAN_POINT('Origin',(308.099998126674,-9.85316700624473,122.694267095323));
#2264=CARTESIAN_POINT('',(302.599998126674,-10.2450349278309,127.173337934828));
#2265=CARTESIAN_POINT('',(302.599998126674,-9.8095891348709,122.196169746278));
#2266=CARTESIAN_POINT('',(309.099999063337,-10.2450349278309,127.173337934828));
#2267=CARTESIAN_POINT('Origin',(302.6,-4.33252359135714,128.173337934828));
#2268=CARTESIAN_POINT('',(302.599999972685,-4.33252242052838,127.173337934828));
#2269=CARTESIAN_POINT('Origin',(-5.30000000000001,7.62197597326847,-7.4672173421811));
#2270=CARTESIAN_POINT('',(152.39998355237,7.53448730974254,-7.46721734218109));
#2271=CARTESIAN_POINT('',(152.39998355237,0.221567859546697,-7.46721734218107));
#2272=CARTESIAN_POINT('',(73.55,7.53448730974254,-7.46721734218109));
#2273=CARTESIAN_POINT('',(152.39998355237,-21.8325235913592,-7.46721734218101));
#2274=CARTESIAN_POINT('',(-14.2677740174343,-21.8325235913573,-7.46721734218101));
#2275=CARTESIAN_POINT('',(152.39998355237,0.221567859546697,-7.46721734218107));
#2276=CARTESIAN_POINT('Origin',(-23.2355480348683,-21.8325235913571,128.173337934828));
#2277=CARTESIAN_POINT('',(152.399999878741,-21.8325235913592,127.173337934828));
#2278=CARTESIAN_POINT('',(152.399995857776,-21.8325235913592,94.0131884670367));
#2279=CARTESIAN_POINT('',(143.432225982566,-21.8325235913591,127.173337934828));
#2280=CARTESIAN_POINT('Origin',(310.1,-4.33252359135708,127.173337934828));
#2281=CARTESIAN_POINT('',(152.399999878741,-4.24503492783121,127.173337934828));
#2282=CARTESIAN_POINT('',(152.399999878741,-5.75568192276587,127.173337934828));
#2283=CARTESIAN_POINT('',(231.25,-4.2450349278312,127.173337934828));
#2284=CARTESIAN_POINT('Origin',(152.4,1.64472619095566,59.8530602963234));
#2285=CARTESIAN_POINT('',(152.399991762003,1.61121374075556,60.2361093549044));
#2286=CARTESIAN_POINT('Origin',(152.4,1.64472619095566,59.8530602963234));
#2287=CARTESIAN_POINT('',(152.399991762003,1.61121374075556,60.2361093549044));
#2288=CARTESIAN_POINT('Origin',(157.399984457836,-19.3325235913572,-4.97863324790578));
#2289=CARTESIAN_POINT('',(157.399984457836,-19.3325235913572,-3.97863324790578));
#2290=CARTESIAN_POINT('Origin',(157.399984457836,-19.3325235913572,-4.97863324790578));
#2291=CARTESIAN_POINT('Origin',(152.399984457836,-19.3325235913572,-4.97863324790578));
#2292=CARTESIAN_POINT('',(152.399983975392,-19.3325235913572,-3.97863324790578));
#2293=CARTESIAN_POINT('Origin',(152.399983854133,-19.3325235913572,-4.97863324790578));
#2294=CARTESIAN_POINT('',(152.399984457836,-19.3325235913572,-3.97863324790578));
#2295=CARTESIAN_POINT('Origin',(157.399984457836,4.50834213811464,-4.97863324790578));
#2296=CARTESIAN_POINT('',(157.399984457836,4.50834213811464,-3.97863324790578));
#2297=CARTESIAN_POINT('Origin',(157.399984457836,4.50834213811464,-4.97863324790578));
#2298=CARTESIAN_POINT('Origin',(152.399984457836,4.50834213811464,-4.97863324790578));
#2299=CARTESIAN_POINT('',(152.399983975392,4.50834213811464,-3.97863324790578));
#2300=CARTESIAN_POINT('Origin',(152.399983854133,4.50834213811464,-4.97863324790578));
#2301=CARTESIAN_POINT('',(152.399984457836,4.50834213811464,-3.97863324790578));
#2302=CARTESIAN_POINT('Origin',(157.399984457836,-6.81298713104177,124.684753840553));
#2303=CARTESIAN_POINT('',(157.399984457836,-6.81298713104177,125.684753840553));
#2304=CARTESIAN_POINT('Origin',(157.399984457836,-6.81298713104177,124.684753840553));
#2305=CARTESIAN_POINT('Origin',(152.399984457836,-6.81298713104177,124.684753840553));
#2306=CARTESIAN_POINT('',(152.399999698237,-6.81298713104177,125.684753840553));
#2307=CARTESIAN_POINT('Origin',(152.399999576978,-6.81298713104177,124.684753840553));
#2308=CARTESIAN_POINT('',(152.399984457836,-6.81298713104177,125.684753840553));
#2309=CARTESIAN_POINT('Origin',(157.399984457836,-19.3151141720166,124.684753840553));
#2310=CARTESIAN_POINT('',(157.399984457836,-19.3151141720166,125.684753840553));
#2311=CARTESIAN_POINT('Origin',(157.399984457836,-19.3151141720166,124.684753840553));
#2312=CARTESIAN_POINT('Origin',(152.399984457836,-19.3151141720166,124.684753840553));
#2313=CARTESIAN_POINT('',(152.399999698237,-19.3151141720166,125.684753840553));
#2314=CARTESIAN_POINT('Origin',(152.399999576978,-19.3151141720166,124.684753840553));
#2315=CARTESIAN_POINT('',(152.399984457836,-19.3151141720166,125.684753840553));
#2316=CARTESIAN_POINT('Origin',(152.399991715555,-7.17884025417487,59.8530602966266));
#2317=CARTESIAN_POINT('Origin',(152.399991715555,-7.17884025417487,59.8530602966266));
#2318=UNCERTAINTY_MEASURE_WITH_UNIT(LENGTH_MEASURE(0.01),#2322,
'DISTANCE_ACCURACY_VALUE',
'Maximum model space distance between geometric entities at asserted c
onnectivities');
#2319=UNCERTAINTY_MEASURE_WITH_UNIT(LENGTH_MEASURE(0.01),#2322,
'DISTANCE_ACCURACY_VALUE',
'Maximum model space distance between geometric entities at asserted c
onnectivities');
#2320=(
GEOMETRIC_REPRESENTATION_CONTEXT(3)
GLOBAL_UNCERTAINTY_ASSIGNED_CONTEXT((#2318))
GLOBAL_UNIT_ASSIGNED_CONTEXT((#2322,#2323,#2324))
REPRESENTATION_CONTEXT('','3D')
);
#2321=(
GEOMETRIC_REPRESENTATION_CONTEXT(3)
GLOBAL_UNCERTAINTY_ASSIGNED_CONTEXT((#2319))
GLOBAL_UNIT_ASSIGNED_CONTEXT((#2322,#2323,#2324))
REPRESENTATION_CONTEXT('','3D')
);
#2322=(
LENGTH_UNIT()
NAMED_UNIT(*)
SI_UNIT(.MILLI.,.METRE.)
);
#2323=(
NAMED_UNIT(*)
PLANE_ANGLE_UNIT()
SI_UNIT($,.RADIAN.)
);
#2324=(
NAMED_UNIT(*)
SI_UNIT($,.STERADIAN.)
SOLID_ANGLE_UNIT()
);
#2325=SHAPE_DEFINITION_REPRESENTATION(#2326,#2327);
#2326=PRODUCT_DEFINITION_SHAPE('',$,#2329);
#2327=SHAPE_REPRESENTATION('',(#1325),#2320);
#2328=PRODUCT_DEFINITION_CONTEXT('part definition',#2333,'design');
#2329=PRODUCT_DEFINITION('Bottom Case','Bottom Case v20',#2330,#2328);
#2330=PRODUCT_DEFINITION_FORMATION('',$,#2335);
#2331=PRODUCT_RELATED_PRODUCT_CATEGORY('Bottom Case v20',
'Bottom Case v20',(#2335));
#2332=APPLICATION_PROTOCOL_DEFINITION('international standard',
'automotive_design',2009,#2333);
#2333=APPLICATION_CONTEXT(
'Core Data for Automotive Mechanical Design Process');
#2334=PRODUCT_CONTEXT('part definition',#2333,'mechanical');
#2335=PRODUCT('Bottom Case','Bottom Case v20',$,(#2334));
#2336=PRESENTATION_STYLE_ASSIGNMENT((#2337));
#2337=SURFACE_STYLE_USAGE(.BOTH.,#2338);
#2338=SURFACE_SIDE_STYLE('',(#2339));
#2339=SURFACE_STYLE_FILL_AREA(#2340);
#2340=FILL_AREA_STYLE('Steel - Satin',(#2341));
#2341=FILL_AREA_STYLE_COLOUR('Steel - Satin',#2342);
#2342=COLOUR_RGB('Steel - Satin',0.627450980392157,0.627450980392157,0.627450980392157);
ENDSEC;
END-ISO-10303-21;
