ISO-10303-21;
HEADER;
/* Generated by software containing ST-Developer
 * from STEP Tools, Inc. (www.steptools.com) 
 */

FILE_DESCRIPTION(
/* description */ (''),
/* implementation_level */ '2;1');

FILE_NAME(
/* name */ 'Top Case.step',
/* time_stamp */ '2026-03-10T17:39:18Z',
/* author */ (''),
/* organization */ (''),
/* preprocessor_version */ 'ST-DEVELOPER v20.1',
/* originating_system */ 'Autodesk Translation Framework v14.21.0.0',
/* authorisation */ '');

FILE_SCHEMA (('AUTOMOTIVE_DESIGN { 1 0 10303 214 3 1 1 }'));
ENDSEC;

DATA;
#10=MECHANICAL_DESIGN_GEOMETRIC_PRESENTATION_REPRESENTATION('',(#13,#14),
#7808);
#11=SHAPE_REPRESENTATION_RELATIONSHIP('SRR','None',#7814,#12);
#12=ADVANCED_BREP_SHAPE_REPRESENTATION('',(#15,#16),#7807);
#13=STYLED_ITEM('',(#7823),#15);
#14=STYLED_ITEM('',(#7823),#16);
#15=MANIFOLD_SOLID_BREP('Body5',#3835);
#16=MANIFOLD_SOLID_BREP('Body6',#3836);
#17=CONICAL_SURFACE('',#3925,1.,0.785398163397457);
#18=CONICAL_SURFACE('',#3936,0.999999999999998,0.785398163397455);
#19=CONICAL_SURFACE('',#3939,0.999999999999997,0.785398163397453);
#20=CONICAL_SURFACE('',#3951,0.999999999999999,0.785398163397458);
#21=CONICAL_SURFACE('',#3954,0.999999999999995,0.785398163397452);
#22=CONICAL_SURFACE('',#3960,0.999999999999997,0.785398163397459);
#23=CONICAL_SURFACE('',#4025,1.,0.785398163397462);
#24=CONICAL_SURFACE('',#4036,1.,0.785398163397459);
#25=CONICAL_SURFACE('',#4044,0.999999999999998,0.785398163397455);
#26=CONICAL_SURFACE('',#4047,1.,0.785398163397457);
#27=CONICAL_SURFACE('',#4058,0.999999999999998,0.785398163397453);
#28=CONICAL_SURFACE('',#4061,0.999999999999999,0.785398163397456);
#29=(
BOUNDED_CURVE()
B_SPLINE_CURVE(3,(#5615,#5616,#5617,#5618,#5619,#5620,#5621,#5622,#5623,
#5624,#5625,#5626,#5627,#5628,#5629,#5630,#5631,#5632,#5633,#5634,#5635,
#5636,#5637,#5638,#5639),.UNSPECIFIED.,.F.,.F.)
B_SPLINE_CURVE_WITH_KNOTS((4,2,2,2,2,3,2,2,2,2,2,4),(1.7324379490009E-16,
0.0214703757230216,0.0516896177986359,0.125148489443754,0.259045845240101,
0.417578994214808,0.577136186719135,0.650805330835986,0.742981659711218,
0.789069824148834,0.812113906367642,0.83515798858645),.UNSPECIFIED.)
CURVE()
GEOMETRIC_REPRESENTATION_ITEM()
RATIONAL_B_SPLINE_CURVE((1.,1.,1.,1.,1.,1.,1.,1.,1.,1.,1.,1.,1.,1.,1.,1.,
1.,1.,1.,1.,1.,1.,1.,1.,1.))
REPRESENTATION_ITEM('')
);
#30=(
BOUNDED_CURVE()
B_SPLINE_CURVE(3,(#5961,#5962,#5963,#5964,#5965,#5966,#5967,#5968,#5969,
#5970,#5971,#5972,#5973,#5974,#5975,#5976,#5977,#5978,#5979,#5980,#5981,
#5982,#5983,#5984,#5985),.UNSPECIFIED.,.F.,.F.)
B_SPLINE_CURVE_WITH_KNOTS((4,2,2,2,2,2,3,2,2,2,2,4),(-0.83515798858645,
-0.812113906367642,-0.789069824148834,-0.742981659711218,-0.650805330835986,
-0.577136186719135,-0.417578994214808,-0.259045845240101,-0.125148489443754,
-0.0516896177986359,-0.0214703757230216,3.79578742050412E-16),
 .UNSPECIFIED.)
CURVE()
GEOMETRIC_REPRESENTATION_ITEM()
RATIONAL_B_SPLINE_CURVE((1.,1.,1.,1.,1.,1.,1.,1.,1.,1.,1.,1.,1.,1.,1.,1.,
1.,1.,1.,1.,1.,1.,1.,1.,1.))
REPRESENTATION_ITEM('')
);
#31=(
BOUNDED_CURVE()
B_SPLINE_CURVE(3,(#6674,#6675,#6676,#6677,#6678,#6679,#6680,#6681,#6682,
#6683,#6684,#6685,#6686),.UNSPECIFIED.,.F.,.F.)
B_SPLINE_CURVE_WITH_KNOTS((4,2,2,3,2,4),(0.485353153023478,0.499854092108568,
0.64015586266777,0.939728094479577,1.39838418585305,1.8794561885085),
 .UNSPECIFIED.)
CURVE()
GEOMETRIC_REPRESENTATION_ITEM()
RATIONAL_B_SPLINE_CURVE((1.,1.,1.,1.,1.,1.,1.,1.,1.,1.,1.,1.,1.))
REPRESENTATION_ITEM('')
);
#32=(
BOUNDED_CURVE()
B_SPLINE_CURVE(3,(#6864,#6865,#6866,#6867,#6868,#6869,#6870,#6871,#6872),
 .UNSPECIFIED.,.F.,.F.)
B_SPLINE_CURVE_WITH_KNOTS((4,3,2,4),(-0.421259380644439,-0.417306342708504,
-0.249412331359481,-4.71399776920978E-9),.UNSPECIFIED.)
CURVE()
GEOMETRIC_REPRESENTATION_ITEM()
RATIONAL_B_SPLINE_CURVE((1.,1.,1.,1.,1.,1.,1.,1.,1.))
REPRESENTATION_ITEM('')
);
#33=(
BOUNDED_CURVE()
B_SPLINE_CURVE(3,(#6881,#6882,#6883,#6884),.UNSPECIFIED.,.F.,.F.)
B_SPLINE_CURVE_WITH_KNOTS((4,4),(-0.843376324996503,-0.834612685334865),
 .UNSPECIFIED.)
CURVE()
GEOMETRIC_REPRESENTATION_ITEM()
RATIONAL_B_SPLINE_CURVE((1.,1.,1.,1.))
REPRESENTATION_ITEM('')
);
#34=(
BOUNDED_CURVE()
B_SPLINE_CURVE(3,(#6906,#6907,#6908,#6909,#6910,#6911,#6912,#6913,#6914,
#6915,#6916,#6917,#6918),.UNSPECIFIED.,.F.,.F.)
B_SPLINE_CURVE_WITH_KNOTS((4,2,3,2,2,4),(-1.8794561885085,-1.39838418585305,
-0.939728094479577,-0.64015586266777,-0.499854092108568,-0.485353153023474),
 .UNSPECIFIED.)
CURVE()
GEOMETRIC_REPRESENTATION_ITEM()
RATIONAL_B_SPLINE_CURVE((1.,1.,1.,1.,1.,1.,1.,1.,1.,1.,1.,1.,1.))
REPRESENTATION_ITEM('')
);
#35=(
BOUNDED_SURFACE()
B_SPLINE_SURFACE(1,2,((#5311,#5312,#5313),(#5314,#5315,#5316)),
 .UNSPECIFIED.,.F.,.F.,.F.)
B_SPLINE_SURFACE_WITH_KNOTS((2,2),(3,3),(0.00524931981155343,1.28699872096369),
(0.0602656639439833,1.51076026834962),.UNSPECIFIED.)
GEOMETRIC_REPRESENTATION_ITEM()
RATIONAL_B_SPLINE_SURFACE(((1.,0.748335404223593,1.),(1.,0.748335404223593,
1.)))
REPRESENTATION_ITEM('')
SURFACE()
);
#36=(
BOUNDED_SURFACE()
B_SPLINE_SURFACE(1,2,((#5334,#5335,#5336),(#5337,#5338,#5339)),
 .UNSPECIFIED.,.F.,.F.,.F.)
B_SPLINE_SURFACE_WITH_KNOTS((2,2),(3,3),(-0.0869987209636928,1.19475068018845),
(1.63083238524018,3.08132698964581),.UNSPECIFIED.)
GEOMETRIC_REPRESENTATION_ITEM()
RATIONAL_B_SPLINE_SURFACE(((1.,0.748335404223594,1.),(1.,0.748335404223594,
1.)))
REPRESENTATION_ITEM('')
SURFACE()
);
#37=(
BOUNDED_SURFACE()
B_SPLINE_SURFACE(1,2,((#7783,#7784,#7785),(#7786,#7787,#7788)),
 .UNSPECIFIED.,.F.,.F.,.F.)
B_SPLINE_SURFACE_WITH_KNOTS((2,2),(3,3),(0.00524931981155565,1.28699872096369),
(1.63083238524018,3.08132698964581),.UNSPECIFIED.)
GEOMETRIC_REPRESENTATION_ITEM()
RATIONAL_B_SPLINE_SURFACE(((1.,0.748335404223593,1.),(1.,0.748335404223593,
1.)))
REPRESENTATION_ITEM('')
SURFACE()
);
#38=(
BOUNDED_SURFACE()
B_SPLINE_SURFACE(1,2,((#7793,#7794,#7795),(#7796,#7797,#7798)),
 .UNSPECIFIED.,.F.,.F.,.F.)
B_SPLINE_SURFACE_WITH_KNOTS((2,2),(3,3),(-0.0869987209636923,1.19475068018844),
(0.0602656639439819,1.51076026834962),.UNSPECIFIED.)
GEOMETRIC_REPRESENTATION_ITEM()
RATIONAL_B_SPLINE_SURFACE(((1.,0.748335404223593,1.),(1.,0.748335404223593,
1.)))
REPRESENTATION_ITEM('')
SURFACE()
);
#39=ELLIPSE('',#3879,2.00763967508668,1.99999999999999);
#40=ELLIPSE('',#3885,2.00763967508672,2.00000000000002);
#41=ELLIPSE('',#3897,0.501909918771674,0.5);
#42=ELLIPSE('',#3898,0.501909918771674,0.5);
#43=ELLIPSE('',#3902,0.501909918771674,0.5);
#44=ELLIPSE('',#3903,0.501909918771674,0.5);
#45=ELLIPSE('',#3909,0.501909918771674,0.5);
#46=ELLIPSE('',#3917,0.501909918771674,0.5);
#47=ELLIPSE('',#4034,0.501909918771674,0.5);
#48=ELLIPSE('',#4074,0.501909918771674,0.5);
#49=ELLIPSE('',#4076,0.501909918771674,0.5);
#50=ELLIPSE('',#4078,0.501909918771674,0.5);
#51=ELLIPSE('',#4080,0.501909918771674,0.5);
#52=ELLIPSE('',#4082,0.501909918771674,0.5);
#53=ELLIPSE('',#4091,2.00763967508669,2.);
#54=ELLIPSE('',#4095,2.00763967508669,2.);
#55=FACE_BOUND('',#546,.T.);
#56=FACE_BOUND('',#547,.T.);
#57=FACE_BOUND('',#548,.T.);
#58=FACE_BOUND('',#565,.T.);
#59=FACE_BOUND('',#570,.T.);
#60=FACE_BOUND('',#635,.T.);
#61=FACE_BOUND('',#636,.T.);
#62=FACE_BOUND('',#650,.T.);
#63=FACE_BOUND('',#651,.T.);
#64=FACE_BOUND('',#652,.T.);
#65=FACE_BOUND('',#654,.T.);
#66=FACE_BOUND('',#658,.T.);
#67=FACE_BOUND('',#659,.T.);
#68=FACE_BOUND('',#660,.T.);
#69=FACE_BOUND('',#669,.T.);
#70=FACE_BOUND('',#670,.T.);
#71=FACE_BOUND('',#671,.T.);
#72=FACE_BOUND('',#687,.T.);
#73=FACE_BOUND('',#694,.T.);
#74=FACE_BOUND('',#695,.T.);
#75=FACE_BOUND('',#769,.T.);
#76=FACE_BOUND('',#776,.T.);
#77=B_SPLINE_SURFACE_WITH_KNOTS('',3,1,((#5122,#5123),(#5124,#5125),(#5126,
#5127),(#5128,#5129),(#5130,#5131),(#5132,#5133),(#5134,#5135),(#5136,#5137),
(#5138,#5139),(#5140,#5141),(#5142,#5143),(#5144,#5145),(#5146,#5147),(#5148,
#5149),(#5150,#5151),(#5152,#5153)),.UNSPECIFIED.,.F.,.F.,.F.,(4,3,3,3,
3,4),(2,2),(1.89244414234145E-8,0.0981361727259712,0.195962048386467,0.293238941109558,
0.390047072716716,0.392927668072923),(0.,5.3),.UNSPECIFIED.);
#78=B_SPLINE_SURFACE_WITH_KNOTS('',3,1,((#5180,#5181),(#5182,#5183),(#5184,
#5185),(#5186,#5187),(#5188,#5189),(#5190,#5191),(#5192,#5193),(#5194,#5195),
(#5196,#5197),(#5198,#5199),(#5200,#5201),(#5202,#5203),(#5204,#5205),(#5206,
#5207),(#5208,#5209),(#5210,#5211)),.UNSPECIFIED.,.F.,.F.,.F.,(4,3,3,3,
3,4),(2,2),(0.392927647554579,0.486735600557425,0.583720352103105,0.681247519500745,
0.733426619488329,0.785641274064451),(0.,5.3),.UNSPECIFIED.);
#79=B_SPLINE_SURFACE_WITH_KNOTS('',3,1,((#5505,#5506),(#5507,#5508),(#5509,
#5510),(#5511,#5512),(#5513,#5514),(#5515,#5516),(#5517,#5518),(#5519,#5520),
(#5521,#5522),(#5523,#5524),(#5525,#5526),(#5527,#5528),(#5529,#5530),(#5531,
#5532),(#5533,#5534),(#5535,#5536)),.UNSPECIFIED.,.F.,.F.,.F.,(4,3,3,3,
3,4),(2,2),(-0.785641274064451,-0.733426619488329,-0.681247519500745,-0.583720352103105,
-0.486735600557425,-0.392927647554579),(0.,5.3),.UNSPECIFIED.);
#80=B_SPLINE_SURFACE_WITH_KNOTS('',3,1,((#5580,#5581),(#5582,#5583),(#5584,
#5585),(#5586,#5587),(#5588,#5589),(#5590,#5591),(#5592,#5593),(#5594,#5595),
(#5596,#5597),(#5598,#5599),(#5600,#5601),(#5602,#5603),(#5604,#5605),(#5606,
#5607),(#5608,#5609),(#5610,#5611)),.UNSPECIFIED.,.F.,.F.,.F.,(4,3,3,3,
3,4),(2,2),(-0.392927668072923,-0.390047072716716,-0.293238941109558,-0.195962048386467,
-0.0981361727259712,-2.29280561982934E-8),(0.,5.3),.UNSPECIFIED.);
#81=B_SPLINE_SURFACE_WITH_KNOTS('',3,3,((#5646,#5647,#5648,#5649),(#5650,
#5651,#5652,#5653),(#5654,#5655,#5656,#5657),(#5658,#5659,#5660,#5661)),
 .UNSPECIFIED.,.F.,.F.,.F.,(4,4),(4,4),(0.,1.),(-0.835218236098624,-0.826467385394007),
 .UNSPECIFIED.);
#82=B_SPLINE_SURFACE_WITH_KNOTS('',3,3,((#5674,#5675,#5676,#5677,#5678,
#5679,#5680,#5681,#5682,#5683,#5684,#5685,#5686,#5687,#5688,#5689,#5690,
#5691,#5692,#5693,#5694,#5695,#5696,#5697,#5698,#5699,#5700,#5701,#5702,
#5703,#5704,#5705),(#5706,#5707,#5708,#5709,#5710,#5711,#5712,#5713,#5714,
#5715,#5716,#5717,#5718,#5719,#5720,#5721,#5722,#5723,#5724,#5725,#5726,
#5727,#5728,#5729,#5730,#5731,#5732,#5733,#5734,#5735,#5736,#5737),(#5738,
#5739,#5740,#5741,#5742,#5743,#5744,#5745,#5746,#5747,#5748,#5749,#5750,
#5751,#5752,#5753,#5754,#5755,#5756,#5757,#5758,#5759,#5760,#5761,#5762,
#5763,#5764,#5765,#5766,#5767,#5768,#5769),(#5770,#5771,#5772,#5773,#5774,
#5775,#5776,#5777,#5778,#5779,#5780,#5781,#5782,#5783,#5784,#5785,#5786,
#5787,#5788,#5789,#5790,#5791,#5792,#5793,#5794,#5795,#5796,#5797,#5798,
#5799,#5800,#5801)),.UNSPECIFIED.,.F.,.F.,.F.,(4,4),(4,2,2,2,2,2,2,2,2,
2,2,2,2,1,1,1,1,4),(0.,1.),(-0.826467385394008,-0.727992917280235,-0.635074527327822,
-0.626987637130192,-0.620780216824581,-0.428317522987117,-0.422080902185634,
-0.413527029999205,-0.2212893233498,-0.217807202610531,-0.206718232839462,
-0.110633965103149,-0.108850624374878,-0.0652926830202868,-0.0435137123429914,
-0.021734741665696,-0.0108452563270483,4.42290115993706E-5),
 .UNSPECIFIED.);
#83=B_SPLINE_SURFACE_WITH_KNOTS('',3,3,((#5834,#5835,#5836,#5837,#5838,
#5839,#5840,#5841,#5842,#5843,#5844,#5845,#5846,#5847,#5848,#5849,#5850,
#5851,#5852,#5853,#5854,#5855,#5856,#5857,#5858,#5859,#5860,#5861,#5862,
#5863),(#5864,#5865,#5866,#5867,#5868,#5869,#5870,#5871,#5872,#5873,#5874,
#5875,#5876,#5877,#5878,#5879,#5880,#5881,#5882,#5883,#5884,#5885,#5886,
#5887,#5888,#5889,#5890,#5891,#5892,#5893),(#5894,#5895,#5896,#5897,#5898,
#5899,#5900,#5901,#5902,#5903,#5904,#5905,#5906,#5907,#5908,#5909,#5910,
#5911,#5912,#5913,#5914,#5915,#5916,#5917,#5918,#5919,#5920,#5921,#5922,
#5923),(#5924,#5925,#5926,#5927,#5928,#5929,#5930,#5931,#5932,#5933,#5934,
#5935,#5936,#5937,#5938,#5939,#5940,#5941,#5942,#5943,#5944,#5945,#5946,
#5947,#5948,#5949,#5950,#5951,#5952,#5953)),.UNSPECIFIED.,.F.,.F.,.F.,(4,
4),(4,1,1,1,2,2,2,1,2,2,2,2,2,2,2,2,4),(0.,1.),(-0.83515798858645,-0.816722722811403,
-0.798287457036357,-0.761416925486264,-0.650805330835986,-0.627755226273947,
-0.624376075132918,-0.529336926892159,-0.465977494731653,-0.420353063094085,
-0.414112045204267,-0.259071429782669,-0.213096475035932,-0.204966032874036,
-0.0517430583883902,-0.00622235931844514,-6.0632992879203E-5),
 .UNSPECIFIED.);
#84=B_SPLINE_SURFACE_WITH_KNOTS('',3,3,((#5990,#5991,#5992,#5993,#5994,
#5995),(#5996,#5997,#5998,#5999,#6000,#6001),(#6002,#6003,#6004,#6005,#6006,
#6007),(#6008,#6009,#6010,#6011,#6012,#6013)),.UNSPECIFIED.,.F.,.F.,.F.,
(4,4),(4,2,4),(0.,1.),(0.,0.00258715886932173,0.00874886635259275),
 .UNSPECIFIED.);
#85=B_SPLINE_SURFACE_WITH_KNOTS('',3,3,((#6028,#6029,#6030,#6031),(#6032,
#6033,#6034,#6035),(#6036,#6037,#6038,#6039),(#6040,#6041,#6042,#6043)),
 .UNSPECIFIED.,.F.,.F.,.F.,(4,4),(4,4),(0.,1.),(0.0501909918771668,0.0589398582297599),
 .UNSPECIFIED.);
#86=B_SPLINE_SURFACE_WITH_KNOTS('',3,3,((#6066,#6067,#6068,#6069,#6070),
(#6071,#6072,#6073,#6074,#6075),(#6076,#6077,#6078,#6079,#6080),(#6081,
#6082,#6083,#6084,#6085)),.UNSPECIFIED.,.F.,.F.,.F.,(4,4),(4,1,4),(0.,1.),
(-1.57079632679489,-0.897597901025647,8.88178419700125E-15),
 .UNSPECIFIED.);
#87=B_SPLINE_SURFACE_WITH_KNOTS('',3,3,((#6113,#6114,#6115,#6116),(#6117,
#6118,#6119,#6120),(#6121,#6122,#6123,#6124),(#6125,#6126,#6127,#6128)),
 .UNSPECIFIED.,.F.,.F.,.F.,(4,4),(4,4),(0.,1.),(-0.0589398582297599,-0.0501909918771668),
 .UNSPECIFIED.);
#88=B_SPLINE_SURFACE_WITH_KNOTS('',3,3,((#6137,#6138,#6139,#6140),(#6141,
#6142,#6143,#6144),(#6145,#6146,#6147,#6148),(#6149,#6150,#6151,#6152)),
 .UNSPECIFIED.,.F.,.F.,.F.,(4,4),(4,4),(0.,1.),(0.0501909918771668,0.0589398582297599),
 .UNSPECIFIED.);
#89=B_SPLINE_SURFACE_WITH_KNOTS('',3,3,((#6180,#6181,#6182,#6183,#6184),
(#6185,#6186,#6187,#6188,#6189),(#6190,#6191,#6192,#6193,#6194),(#6195,
#6196,#6197,#6198,#6199)),.UNSPECIFIED.,.F.,.F.,.F.,(4,4),(4,1,4),(0.,1.),
(-8.88178419700125E-15,0.897597901025647,1.57079632679489),
 .UNSPECIFIED.);
#90=B_SPLINE_SURFACE_WITH_KNOTS('',3,3,((#6207,#6208,#6209,#6210,#6211),
(#6212,#6213,#6214,#6215,#6216),(#6217,#6218,#6219,#6220,#6221),(#6222,
#6223,#6224,#6225,#6226)),.UNSPECIFIED.,.F.,.F.,.F.,(4,4),(4,1,4),(0.,1.),
(-1.57079632679491,-0.897597901025664,-5.32907051820075E-15),
 .UNSPECIFIED.);
#91=B_SPLINE_SURFACE_WITH_KNOTS('',3,3,((#6256,#6257,#6258,#6259),(#6260,
#6261,#6262,#6263),(#6264,#6265,#6266,#6267),(#6268,#6269,#6270,#6271)),
 .UNSPECIFIED.,.F.,.F.,.F.,(4,4),(4,4),(0.,1.),(-0.0589398582297599,-0.0501909918771668),
 .UNSPECIFIED.);
#92=B_SPLINE_SURFACE_WITH_KNOTS('',3,3,((#6280,#6281,#6282,#6283),(#6284,
#6285,#6286,#6287),(#6288,#6289,#6290,#6291),(#6292,#6293,#6294,#6295)),
 .UNSPECIFIED.,.F.,.F.,.F.,(4,4),(4,4),(0.,1.),(0.0501909918771673,0.0589398582297605),
 .UNSPECIFIED.);
#93=B_SPLINE_SURFACE_WITH_KNOTS('',3,3,((#6323,#6324,#6325,#6326,#6327),
(#6328,#6329,#6330,#6331,#6332),(#6333,#6334,#6335,#6336,#6337),(#6338,
#6339,#6340,#6341,#6342)),.UNSPECIFIED.,.F.,.F.,.F.,(4,4),(4,1,4),(0.,1.),
(5.77315972805081E-15,0.673198425769247,1.5707963267949),.UNSPECIFIED.);
#94=B_SPLINE_SURFACE_WITH_KNOTS('',3,3,((#6350,#6351,#6352,#6353,#6354),
(#6355,#6356,#6357,#6358,#6359),(#6360,#6361,#6362,#6363,#6364),(#6365,
#6366,#6367,#6368,#6369)),.UNSPECIFIED.,.F.,.F.,.F.,(4,4),(4,1,4),(0.,1.),
(-1.57079632679489,-0.897597901025649,3.5527136788005E-15),
 .UNSPECIFIED.);
#95=B_SPLINE_SURFACE_WITH_KNOTS('',3,3,((#6403,#6404,#6405,#6406),(#6407,
#6408,#6409,#6410),(#6411,#6412,#6413,#6414),(#6415,#6416,#6417,#6418)),
 .UNSPECIFIED.,.F.,.F.,.F.,(4,4),(4,4),(0.,1.),(1.398204602572,1.57079632679489),
 .UNSPECIFIED.);
#96=B_SPLINE_SURFACE_WITH_KNOTS('',3,3,((#6421,#6422,#6423,#6424,#6425),
(#6426,#6427,#6428,#6429,#6430),(#6431,#6432,#6433,#6434,#6435),(#6436,
#6437,#6438,#6439,#6440)),.UNSPECIFIED.,.F.,.F.,.F.,(4,4),(4,1,4),(0.,1.),
(1.52655665885959E-15,0.599230544258513,1.39820460326986),.UNSPECIFIED.);
#97=B_SPLINE_SURFACE_WITH_KNOTS('',3,1,((#6570,#6571),(#6572,#6573),(#6574,
#6575),(#6576,#6577),(#6578,#6579),(#6580,#6581),(#6582,#6583)),
 .UNSPECIFIED.,.F.,.F.,.F.,(4,3,4),(2,2),(1.57079636483359,2.36500064240528,
3.14159264258805),(0.,5.3),.UNSPECIFIED.);
#98=B_SPLINE_SURFACE_WITH_KNOTS('',3,1,((#6645,#6646),(#6647,#6648),(#6649,
#6650),(#6651,#6652),(#6653,#6654),(#6655,#6656),(#6657,#6658),(#6659,#6660),
(#6661,#6662),(#6663,#6664),(#6665,#6666),(#6667,#6668),(#6669,#6670)),
 .UNSPECIFIED.,.F.,.F.,.F.,(4,3,3,3,4),(2,2),(-1.10017394920323E-8,0.349472008887013,
0.636659393951178,1.55161001516464,1.57079634477675),(0.,5.3),
 .UNSPECIFIED.);
#99=B_SPLINE_SURFACE_WITH_KNOTS('',3,3,((#6999,#7000,#7001,#7002,#7003),
(#7004,#7005,#7006,#7007,#7008),(#7009,#7010,#7011,#7012,#7013),(#7014,
#7015,#7016,#7017,#7018)),.UNSPECIFIED.,.F.,.F.,.F.,(4,4),(4,1,4),(0.,1.),
(-1.39820460326985,-0.599230544258512,-5.65324963502812E-15),
 .UNSPECIFIED.);
#100=B_SPLINE_SURFACE_WITH_KNOTS('',3,3,((#7030,#7031,#7032,#7033),(#7034,
#7035,#7036,#7037),(#7038,#7039,#7040,#7041),(#7042,#7043,#7044,#7045)),
 .UNSPECIFIED.,.F.,.F.,.F.,(4,4),(4,4),(0.,1.),(-1.57079632679489,-1.39820460257202),
 .UNSPECIFIED.);
#101=B_SPLINE_SURFACE_WITH_KNOTS('',3,3,((#7086,#7087,#7088,#7089,#7090),
(#7091,#7092,#7093,#7094,#7095),(#7096,#7097,#7098,#7099,#7100),(#7101,
#7102,#7103,#7104,#7105)),.UNSPECIFIED.,.F.,.F.,.F.,(4,4),(4,1,4),(0.,1.),
(3.5527136788005E-15,0.673198425769245,1.5707963267949),.UNSPECIFIED.);
#102=B_SPLINE_SURFACE_WITH_KNOTS('',3,3,((#7121,#7122,#7123,#7124),(#7125,
#7126,#7127,#7128),(#7129,#7130,#7131,#7132),(#7133,#7134,#7135,#7136)),
 .UNSPECIFIED.,.F.,.F.,.F.,(4,4),(4,4),(0.,1.),(-0.0589398582297599,-0.0501909918771674),
 .UNSPECIFIED.);
#103=B_SPLINE_SURFACE_WITH_KNOTS('',3,3,((#7152,#7153,#7154,#7155,#7156),
(#7157,#7158,#7159,#7160,#7161),(#7162,#7163,#7164,#7165,#7166),(#7167,
#7168,#7169,#7170,#7171)),.UNSPECIFIED.,.F.,.F.,.F.,(4,4),(4,1,4),(0.,1.),
(-1.5707963267949,-0.89759790102566,-4.37150315946155E-15),
 .UNSPECIFIED.);
#104=B_SPLINE_SURFACE_WITH_KNOTS('',3,3,((#7179,#7180,#7181,#7182,#7183),
(#7184,#7185,#7186,#7187,#7188),(#7189,#7190,#7191,#7192,#7193),(#7194,
#7195,#7196,#7197,#7198)),.UNSPECIFIED.,.F.,.F.,.F.,(4,4),(4,1,4),(0.,1.),
(3.99680288865056E-15,0.673198425769245,1.5707963267949),.UNSPECIFIED.);
#105=B_SPLINE_SURFACE_WITH_KNOTS('',3,3,((#7225,#7226,#7227,#7228),(#7229,
#7230,#7231,#7232),(#7233,#7234,#7235,#7236),(#7237,#7238,#7239,#7240)),
 .UNSPECIFIED.,.F.,.F.,.F.,(4,4),(4,4),(0.,1.),(0.0501909918771673,0.0589398582297599),
 .UNSPECIFIED.);
#106=B_SPLINE_SURFACE_WITH_KNOTS('',3,3,((#7245,#7246,#7247,#7248),(#7249,
#7250,#7251,#7252),(#7253,#7254,#7255,#7256),(#7257,#7258,#7259,#7260)),
 .UNSPECIFIED.,.F.,.F.,.F.,(4,4),(4,4),(0.,1.),(-0.0589398582297599,-0.0501909918771672),
 .UNSPECIFIED.);
#107=B_SPLINE_SURFACE_WITH_KNOTS('',3,3,((#7284,#7285,#7286,#7287,#7288),
(#7289,#7290,#7291,#7292,#7293),(#7294,#7295,#7296,#7297,#7298),(#7299,
#7300,#7301,#7302,#7303)),.UNSPECIFIED.,.F.,.F.,.F.,(4,4),(4,1,4),(0.,1.),
(-1.5707963267949,-0.897597901025657,-1.59594559789866E-15),
 .UNSPECIFIED.);
#108=B_SPLINE_SURFACE_WITH_KNOTS('',3,3,((#7311,#7312,#7313,#7314,#7315),
(#7316,#7317,#7318,#7319,#7320),(#7321,#7322,#7323,#7324,#7325),(#7326,
#7327,#7328,#7329,#7330)),.UNSPECIFIED.,.F.,.F.,.F.,(4,4),(4,1,4),(0.,1.),
(-7.105427357601E-15,0.67319842576924,1.5707963267949),.UNSPECIFIED.);
#109=B_SPLINE_SURFACE_WITH_KNOTS('',3,3,((#7357,#7358,#7359,#7360),(#7361,
#7362,#7363,#7364),(#7365,#7366,#7367,#7368),(#7369,#7370,#7371,#7372)),
 .UNSPECIFIED.,.F.,.F.,.F.,(4,4),(4,4),(0.,1.),(0.0501909918771672,0.0589398582297599),
 .UNSPECIFIED.);
#110=B_SPLINE_SURFACE_WITH_KNOTS('',3,3,((#7377,#7378,#7379,#7380),(#7381,
#7382,#7383,#7384),(#7385,#7386,#7387,#7388),(#7389,#7390,#7391,#7392)),
 .UNSPECIFIED.,.F.,.F.,.F.,(4,4),(4,4),(0.,1.),(11.8614753645142,11.8702242308668),
 .UNSPECIFIED.);
#111=B_SPLINE_SURFACE_WITH_KNOTS('',3,3,((#7413,#7414,#7415,#7416),(#7417,
#7418,#7419,#7420),(#7421,#7422,#7423,#7424),(#7425,#7426,#7427,#7428)),
 .UNSPECIFIED.,.F.,.F.,.F.,(4,4),(4,4),(0.,1.),(-0.218415085592464,-0.00880414579319784),
 .UNSPECIFIED.);
#112=B_SPLINE_SURFACE_WITH_KNOTS('',3,3,((#7434,#7435,#7436,#7437,#7438,
#7439,#7440,#7441),(#7442,#7443,#7444,#7445,#7446,#7447,#7448,#7449),(#7450,
#7451,#7452,#7453,#7454,#7455,#7456,#7457),(#7458,#7459,#7460,#7461,#7462,
#7463,#7464,#7465)),.UNSPECIFIED.,.F.,.F.,.F.,(4,4),(4,2,2,4),(0.,1.),(-0.485353153023474,
-0.253800652553392,-0.230229228574318,-0.218415085592464),.UNSPECIFIED.);
#113=B_SPLINE_SURFACE_WITH_KNOTS('',3,3,((#7470,#7471,#7472,#7473),(#7474,
#7475,#7476,#7477),(#7478,#7479,#7480,#7481),(#7482,#7483,#7484,#7485)),
 .UNSPECIFIED.,.F.,.F.,.F.,(4,4),(4,4),(0.,1.),(-0.421259380644439,-3.37203345827482E-10),
 .UNSPECIFIED.);
#114=B_SPLINE_SURFACE_WITH_KNOTS('',3,3,((#7491,#7492,#7493,#7494,#7495,
#7496),(#7497,#7498,#7499,#7500,#7501,#7502),(#7503,#7504,#7505,#7506,#7507,
#7508),(#7509,#7510,#7511,#7512,#7513,#7514)),.UNSPECIFIED.,.F.,.F.,.F.,
(4,4),(4,2,4),(0.,1.),(-0.834612685334865,-0.427571547190223,-0.421259380644439),
 .UNSPECIFIED.);
#115=B_SPLINE_SURFACE_WITH_KNOTS('',3,3,((#7520,#7521,#7522,#7523),(#7524,
#7525,#7526,#7527),(#7528,#7529,#7530,#7531),(#7532,#7533,#7534,#7535)),
 .UNSPECIFIED.,.F.,.F.,.F.,(4,4),(4,4),(0.,1.),(-0.843376324996503,-0.834612685334865),
 .UNSPECIFIED.);
#116=B_SPLINE_SURFACE_WITH_KNOTS('',3,3,((#7537,#7538,#7539,#7540,#7541,
#7542,#7543,#7544,#7545,#7546,#7547,#7548,#7549,#7550,#7551,#7552,#7553,
#7554,#7555,#7556,#7557,#7558),(#7559,#7560,#7561,#7562,#7563,#7564,#7565,
#7566,#7567,#7568,#7569,#7570,#7571,#7572,#7573,#7574,#7575,#7576,#7577,
#7578,#7579,#7580),(#7581,#7582,#7583,#7584,#7585,#7586,#7587,#7588,#7589,
#7590,#7591,#7592,#7593,#7594,#7595,#7596,#7597,#7598,#7599,#7600,#7601,
#7602),(#7603,#7604,#7605,#7606,#7607,#7608,#7609,#7610,#7611,#7612,#7613,
#7614,#7615,#7616,#7617,#7618,#7619,#7620,#7621,#7622,#7623,#7624)),
 .UNSPECIFIED.,.F.,.F.,.F.,(4,4),(4,1,2,2,1,1,1,2,1,1,1,1,1,1,2,4),(0.,
1.),(-1.8794561885085,-1.86199442371004,-1.85035324717774,-1.84987454221368,
-1.7306135796028,-1.61135261699191,-1.37283069177014,-1.25356972915925,
-1.10228918304937,-0.951008636939487,-0.875368363884545,-0.837548227357074,
-0.799728090829603,-0.64844754471972,-0.497166998609837,-0.482637196718154),
 .UNSPECIFIED.);
#117=B_SPLINE_SURFACE_WITH_KNOTS('',3,3,((#7627,#7628,#7629,#7630),(#7631,
#7632,#7633,#7634),(#7635,#7636,#7637,#7638),(#7639,#7640,#7641,#7642)),
 .UNSPECIFIED.,.F.,.F.,.F.,(4,4),(4,4),(0.,1.),(-0.00880414579319676,3.82135979045024E-9),
 .UNSPECIFIED.);
#118=B_SPLINE_SURFACE_WITH_KNOTS('',3,1,((#7704,#7705),(#7706,#7707),(#7708,
#7709),(#7710,#7711),(#7712,#7713),(#7714,#7715),(#7716,#7717),(#7718,#7719),
(#7720,#7721),(#7722,#7723)),.UNSPECIFIED.,.F.,.F.,.F.,(4,3,3,4),(2,2),
(-1.57079636077036,-1.55161001516464,-0.349472008887013,1.10017394920323E-8),
(0.,5.3),.UNSPECIFIED.);
#119=B_SPLINE_SURFACE_WITH_KNOTS('',3,1,((#7734,#7735),(#7736,#7737),(#7738,
#7739),(#7740,#7741)),.UNSPECIFIED.,.F.,.F.,.F.,(4,4),(2,2),(-3.14159264258805,
-1.57079636483359),(0.,5.3),.UNSPECIFIED.);
#120=B_SPLINE_CURVE_WITH_KNOTS('',3,(#5049,#5050,#5051,#5052,#5053,#5054,
#5055,#5056,#5057,#5058,#5059,#5060,#5061,#5062,#5063,#5064),
 .UNSPECIFIED.,.F.,.F.,(4,3,3,3,3,4),(-0.439943179326139,-0.334853449038638,
-0.226204863756891,-0.116948629189965,-0.0584942298686908,0.),
 .UNSPECIFIED.);
#121=B_SPLINE_CURVE_WITH_KNOTS('',3,(#5067,#5068,#5069,#5070,#5071,#5072,
#5073,#5074,#5075,#5076,#5077,#5078,#5079,#5080,#5081,#5082),
 .UNSPECIFIED.,.F.,.F.,(4,3,3,3,3,4),(-0.439880024753857,-0.330017219585996,
-0.220501768839882,-0.111600901029377,-0.00322480833135582,0.),
 .UNSPECIFIED.);
#122=B_SPLINE_CURVE_WITH_KNOTS('',3,(#5086,#5087,#5088,#5089,#5090,#5091,
#5092,#5093,#5094,#5095,#5096,#5097,#5098,#5099,#5100,#5101),
 .UNSPECIFIED.,.F.,.F.,(4,3,3,3,3,4),(-0.833809117740435,-0.82769637229683,
-0.622265413689414,-0.415839724124947,-0.208249069497959,-1.11022302462516E-16),
 .UNSPECIFIED.);
#123=B_SPLINE_CURVE_WITH_KNOTS('',3,(#5105,#5106,#5107,#5108,#5109,#5110,
#5111,#5112,#5113,#5114,#5115,#5116,#5117,#5118,#5119,#5120),
 .UNSPECIFIED.,.F.,.F.,(4,3,3,3,3,4),(-0.833367493144449,-0.722564116708992,
-0.611836189752037,-0.404876294497148,-0.199067445980332,-1.11022302462516E-16),
 .UNSPECIFIED.);
#124=B_SPLINE_CURVE_WITH_KNOTS('',3,(#5156,#5157,#5158,#5159,#5160,#5161,
#5162,#5163,#5164,#5165,#5166,#5167),.UNSPECIFIED.,.F.,.F.,(4,2,2,2,2,4),
(0.,0.109184660753473,0.218404785140795,0.327535396027133,0.384133776110182,
0.440763076110273),.UNSPECIFIED.);
#125=B_SPLINE_CURVE_WITH_KNOTS('',3,(#5214,#5215,#5216,#5217,#5218,#5219,
#5220,#5221,#5222,#5223,#5224,#5225),.UNSPECIFIED.,.F.,.F.,(4,2,2,2,2,4),
(0.,0.108837337843599,0.217664902600791,0.326598935455957,0.383658782992596,
0.440695055674686),.UNSPECIFIED.);
#126=B_SPLINE_CURVE_WITH_KNOTS('',3,(#5392,#5393,#5394,#5395),
 .UNSPECIFIED.,.F.,.F.,(4,4),(-0.0589398582297599,-0.0501909918771668),
 .UNSPECIFIED.);
#127=B_SPLINE_CURVE_WITH_KNOTS('',3,(#5399,#5400,#5401,#5402,#5403),
 .UNSPECIFIED.,.F.,.F.,(4,1,4),(-1.57079632679489,-0.897597901025647,8.88178419700125E-15),
 .UNSPECIFIED.);
#128=B_SPLINE_CURVE_WITH_KNOTS('',3,(#5407,#5408,#5409,#5410),
 .UNSPECIFIED.,.F.,.F.,(4,4),(-0.0589398582297599,-0.0501909918771668),
 .UNSPECIFIED.);
#129=B_SPLINE_CURVE_WITH_KNOTS('',3,(#5414,#5415,#5416,#5417,#5418),
 .UNSPECIFIED.,.F.,.F.,(4,1,4),(-1.5707963267949,-0.673198425769247,-5.77315972805081E-15),
 .UNSPECIFIED.);
#130=B_SPLINE_CURVE_WITH_KNOTS('',3,(#5436,#5437,#5438,#5439,#5440),
 .UNSPECIFIED.,.F.,.F.,(4,1,4),(-3.5527136788005E-15,0.897597901025649,
1.57079632679489),.UNSPECIFIED.);
#131=B_SPLINE_CURVE_WITH_KNOTS('',3,(#5445,#5446,#5447,#5448),
 .UNSPECIFIED.,.F.,.F.,(4,4),(0.0501909918771673,0.0589398582297605),
 .UNSPECIFIED.);
#132=B_SPLINE_CURVE_WITH_KNOTS('',3,(#5451,#5452,#5453,#5454,#5455),
 .UNSPECIFIED.,.F.,.F.,(4,1,4),(5.32907051820075E-15,0.897597901025664,
1.57079632679491),.UNSPECIFIED.);
#133=B_SPLINE_CURVE_WITH_KNOTS('',3,(#5458,#5459,#5460,#5461),
 .UNSPECIFIED.,.F.,.F.,(4,4),(0.0501909918771668,0.0589398582297599),
 .UNSPECIFIED.);
#134=B_SPLINE_CURVE_WITH_KNOTS('',3,(#5464,#5465,#5466,#5467,#5468),
 .UNSPECIFIED.,.F.,.F.,(4,1,4),(-8.88178419700125E-15,0.897597901025647,
1.57079632679489),.UNSPECIFIED.);
#135=B_SPLINE_CURVE_WITH_KNOTS('',3,(#5471,#5472,#5473,#5474),
 .UNSPECIFIED.,.F.,.F.,(4,4),(0.0501909918771668,0.0589398582297599),
 .UNSPECIFIED.);
#136=B_SPLINE_CURVE_WITH_KNOTS('',3,(#5491,#5492,#5493,#5494),
 .UNSPECIFIED.,.F.,.F.,(4,4),(-1.57079632679489,-1.398204602572),
 .UNSPECIFIED.);
#137=B_SPLINE_CURVE_WITH_KNOTS('',3,(#5497,#5498,#5499,#5500,#5501),
 .UNSPECIFIED.,.F.,.F.,(4,1,4),(-1.39820460257201,-0.599230544258513,-1.52655665885959E-15),
 .UNSPECIFIED.);
#138=B_SPLINE_CURVE_WITH_KNOTS('',3,(#5539,#5540,#5541,#5542,#5543,#5544,
#5545,#5546,#5547,#5548,#5549,#5550,#5551,#5552,#5553,#5554,#5555,#5556,
#5557,#5558,#5559,#5560,#5561,#5562,#5563,#5564,#5565,#5566,#5567,#5568,
#5569,#5570),.UNSPECIFIED.,.F.,.F.,(4,1,1,1,1,2,2,2,2,2,2,2,2,2,2,2,2,4),
(-4.42288458379526E-5,0.0108452563270483,0.021734741665696,0.0435137123429914,
0.0652926830202868,0.108850624374878,0.110633965103149,0.206718232839462,
0.217807202610531,0.2212893233498,0.413527029999205,0.422080902185634,0.428317522987117,
0.620780216824581,0.626987637130192,0.635074527327822,0.727992917280235,
0.826467385394008),.UNSPECIFIED.);
#139=B_SPLINE_CURVE_WITH_KNOTS('',3,(#5576,#5577,#5578,#5579),
 .UNSPECIFIED.,.F.,.F.,(4,4),(0.826467385394007,0.835218236098624),
 .UNSPECIFIED.);
#140=B_SPLINE_CURVE_WITH_KNOTS('',3,(#5640,#5641,#5642,#5643,#5644,#5645),
 .UNSPECIFIED.,.F.,.F.,(4,2,4),(-0.00874886635259275,-0.00258715886932173,
0.),.UNSPECIFIED.);
#141=B_SPLINE_CURVE_WITH_KNOTS('',3,(#5666,#5667,#5668,#5669),
 .UNSPECIFIED.,.F.,.F.,(4,4),(-0.835218236098624,-0.826467385394007),
 .UNSPECIFIED.);
#142=B_SPLINE_CURVE_WITH_KNOTS('',3,(#5802,#5803,#5804,#5805,#5806,#5807,
#5808,#5809,#5810,#5811,#5812,#5813,#5814,#5815,#5816,#5817,#5818,#5819,
#5820,#5821,#5822,#5823,#5824,#5825,#5826,#5827,#5828,#5829,#5830,#5831,
#5832,#5833),.UNSPECIFIED.,.F.,.F.,(4,2,2,2,2,2,2,2,2,2,2,2,2,1,1,1,1,4),
(-0.826467385394008,-0.727992917280235,-0.635074527327822,-0.626987637130192,
-0.620780216824581,-0.428317522987117,-0.422080902185634,-0.413527029999205,
-0.2212893233498,-0.217807202610531,-0.206718232839462,-0.110633965103149,
-0.108850624374878,-0.0652926830202868,-0.0435137123429914,-0.021734741665696,
-0.0108452563270483,4.42288458384114E-5),.UNSPECIFIED.);
#143=B_SPLINE_CURVE_WITH_KNOTS('',3,(#5955,#5956,#5957,#5958),
 .UNSPECIFIED.,.F.,.F.,(4,4),(-1.,0.),.UNSPECIFIED.);
#144=B_SPLINE_CURVE_WITH_KNOTS('',3,(#6014,#6015,#6016,#6017,#6018,#6019),
 .UNSPECIFIED.,.F.,.F.,(4,2,4),(0.,0.00258715886932173,0.00874886635259275),
 .UNSPECIFIED.);
#145=B_SPLINE_CURVE_WITH_KNOTS('',3,(#6047,#6048,#6049,#6050),
 .UNSPECIFIED.,.F.,.F.,(4,4),(-0.0589398582297599,-0.0501909918771668),
 .UNSPECIFIED.);
#146=B_SPLINE_CURVE_WITH_KNOTS('',3,(#6088,#6089,#6090,#6091,#6092),
 .UNSPECIFIED.,.F.,.F.,(4,1,4),(-1.57079632679489,-0.897597901025647,8.88178419700125E-15),
 .UNSPECIFIED.);
#147=B_SPLINE_CURVE_WITH_KNOTS('',3,(#6132,#6133,#6134,#6135),
 .UNSPECIFIED.,.F.,.F.,(4,4),(0.0501909918771668,0.0589398582297599),
 .UNSPECIFIED.);
#148=B_SPLINE_CURVE_WITH_KNOTS('',3,(#6156,#6157,#6158,#6159),
 .UNSPECIFIED.,.F.,.F.,(4,4),(-0.0589398582297599,-0.0501909918771668),
 .UNSPECIFIED.);
#149=B_SPLINE_CURVE_WITH_KNOTS('',3,(#6202,#6203,#6204,#6205,#6206),
 .UNSPECIFIED.,.F.,.F.,(4,1,4),(-8.88178419700125E-15,0.897597901025647,
1.57079632679489),.UNSPECIFIED.);
#150=B_SPLINE_CURVE_WITH_KNOTS('',3,(#6229,#6230,#6231,#6232,#6233),
 .UNSPECIFIED.,.F.,.F.,(4,1,4),(-1.57079632679491,-0.897597901025664,-5.32907051820075E-15),
 .UNSPECIFIED.);
#151=B_SPLINE_CURVE_WITH_KNOTS('',3,(#6275,#6276,#6277,#6278),
 .UNSPECIFIED.,.F.,.F.,(4,4),(0.0501909918771668,0.0589398582297599),
 .UNSPECIFIED.);
#152=B_SPLINE_CURVE_WITH_KNOTS('',3,(#6299,#6300,#6301,#6302),
 .UNSPECIFIED.,.F.,.F.,(4,4),(-0.0589398582297605,-0.0501909918771673),
 .UNSPECIFIED.);
#153=B_SPLINE_CURVE_WITH_KNOTS('',3,(#6345,#6346,#6347,#6348,#6349),
 .UNSPECIFIED.,.F.,.F.,(4,1,4),(5.77315972805081E-15,0.673198425769247,
1.5707963267949),.UNSPECIFIED.);
#154=B_SPLINE_CURVE_WITH_KNOTS('',3,(#6372,#6373,#6374,#6375,#6376),
 .UNSPECIFIED.,.F.,.F.,(4,1,4),(-1.57079632679489,-0.897597901025649,3.5527136788005E-15),
 .UNSPECIFIED.);
#155=B_SPLINE_CURVE_WITH_KNOTS('',3,(#6392,#6393,#6394,#6395),
 .UNSPECIFIED.,.F.,.F.,(4,4),(1.398204602572,1.57079632679489),
 .UNSPECIFIED.);
#156=B_SPLINE_CURVE_WITH_KNOTS('',3,(#6397,#6398,#6399,#6400,#6401),
 .UNSPECIFIED.,.F.,.F.,(4,1,4),(1.52655665885959E-15,0.599230544258513,
1.39820460257201),.UNSPECIFIED.);
#157=B_SPLINE_CURVE_WITH_KNOTS('',3,(#6527,#6528,#6529,#6530,#6531,#6532,
#6533,#6534,#6535,#6536,#6537,#6538,#6539),.UNSPECIFIED.,.F.,.F.,(4,3,3,
3,4),(-0.473768145568199,-0.368363832538322,-0.281745198396534,-0.00578679200976662,
0.),.UNSPECIFIED.);
#158=B_SPLINE_CURVE_WITH_KNOTS('',3,(#6542,#6543,#6544,#6545,#6546,#6547,
#6548),.UNSPECIFIED.,.F.,.F.,(4,3,4),(-0.831877249956916,-0.411274986196246,
1.11022302462516E-16),.UNSPECIFIED.);
#159=B_SPLINE_CURVE_WITH_KNOTS('',3,(#6552,#6553,#6554,#6555),
 .UNSPECIFIED.,.F.,.F.,(4,4),(-0.437365253414992,0.),.UNSPECIFIED.);
#160=B_SPLINE_CURVE_WITH_KNOTS('',3,(#6559,#6560,#6561,#6562,#6563,#6564,
#6565,#6566,#6567,#6568),.UNSPECIFIED.,.F.,.F.,(4,3,3,4),(-0.455094174849247,
-0.449535469546178,-0.101249712172906,0.),.UNSPECIFIED.);
#161=B_SPLINE_CURVE_WITH_KNOTS('',3,(#6587,#6588,#6589,#6590),
 .UNSPECIFIED.,.F.,.F.,(4,4),(0.834612685334865,0.843376324996503),
 .UNSPECIFIED.);
#162=B_SPLINE_CURVE_WITH_KNOTS('',3,(#6592,#6593,#6594,#6595,#6596,#6597,
#6598,#6599,#6600,#6601,#6602,#6603,#6604,#6605,#6606,#6607,#6608,#6609,
#6610,#6611,#6612,#6613,#6614,#6615,#6616,#6617,#6618,#6619,#6620,#6621,
#6622,#6623,#6624,#6625,#6626,#6627,#6628,#6629,#6630,#6631),
 .UNSPECIFIED.,.F.,.F.,(4,3,3,3,3,3,3,3,3,3,3,3,3,4),(0.421259380644439,
0.427571528881219,0.432010041599989,0.486379035219463,0.520280212914828,
0.565681282520458,0.610260380819946,0.653787242524118,0.66571083254099,
0.721720580276043,0.769513149828991,0.782548452636273,0.812962388816388,
0.834612685334865),.UNSPECIFIED.);
#163=B_SPLINE_CURVE_WITH_KNOTS('',3,(#6632,#6633,#6634,#6635),
 .UNSPECIFIED.,.F.,.F.,(4,4),(3.37203345827482E-10,0.421259380644439),
 .UNSPECIFIED.);
#164=B_SPLINE_CURVE_WITH_KNOTS('',3,(#6640,#6641,#6642,#6643),
 .UNSPECIFIED.,.F.,.F.,(4,4),(3.82135738569629E-9,0.00880414579319676),
 .UNSPECIFIED.);
#165=B_SPLINE_CURVE_WITH_KNOTS('',3,(#6688,#6689,#6690,#6691,#6692,#6693,
#6694,#6695),.UNSPECIFIED.,.F.,.F.,(4,2,2,4),(0.218415085592464,0.230229228574318,
0.253800652553392,0.485353153023474),.UNSPECIFIED.);
#166=B_SPLINE_CURVE_WITH_KNOTS('',3,(#6696,#6697,#6698,#6699,#6700,#6701,
#6702,#6703,#6704,#6705,#6706,#6707,#6708,#6709,#6710,#6711),
 .UNSPECIFIED.,.F.,.F.,(4,3,3,3,3,4),(0.00880414579319784,0.0561985735143941,
0.0843213463871079,0.132859911956164,0.185575047527327,0.218415085592465),
 .UNSPECIFIED.);
#167=B_SPLINE_CURVE_WITH_KNOTS('',3,(#6832,#6833,#6834,#6835,#6836),
 .UNSPECIFIED.,.F.,.F.,(4,1,4),(-1.39820460257203,-0.599230544258512,-5.65324963502812E-15),
 .UNSPECIFIED.);
#168=B_SPLINE_CURVE_WITH_KNOTS('',3,(#6838,#6839,#6840,#6841),
 .UNSPECIFIED.,.F.,.F.,(4,4),(-1.57079632679489,-1.39820460257202),
 .UNSPECIFIED.);
#169=B_SPLINE_CURVE_WITH_KNOTS('',3,(#6852,#6853,#6854,#6855),
 .UNSPECIFIED.,.F.,.F.,(4,4),(0.0501909918771674,0.0589398582297599),
 .UNSPECIFIED.);
#170=B_SPLINE_CURVE_WITH_KNOTS('',3,(#6856,#6857,#6858,#6859,#6860),
 .UNSPECIFIED.,.F.,.F.,(4,1,4),(3.5527136788005E-15,0.673198425769245,1.5707963267949),
 .UNSPECIFIED.);
#171=B_SPLINE_CURVE_WITH_KNOTS('',3,(#6874,#6875,#6876,#6877,#6878,#6879),
 .UNSPECIFIED.,.F.,.F.,(4,2,4),(-0.834612685334865,-0.427571547190223,-0.421259380644439),
 .UNSPECIFIED.);
#172=B_SPLINE_CURVE_WITH_KNOTS('',3,(#6888,#6889,#6890,#6891),
 .UNSPECIFIED.,.F.,.F.,(4,4),(-0.00880414579319676,3.82135979045024E-9),
 .UNSPECIFIED.);
#173=B_SPLINE_CURVE_WITH_KNOTS('',3,(#6893,#6894,#6895,#6896),
 .UNSPECIFIED.,.F.,.F.,(4,4),(-0.218415085592464,-0.00880414579319784),
 .UNSPECIFIED.);
#174=B_SPLINE_CURVE_WITH_KNOTS('',3,(#6898,#6899,#6900,#6901,#6902,#6903,
#6904,#6905),.UNSPECIFIED.,.F.,.F.,(4,2,2,4),(-0.485353153023474,-0.253800652553392,
-0.230229228574318,-0.218415085592464),.UNSPECIFIED.);
#175=B_SPLINE_CURVE_WITH_KNOTS('',3,(#6931,#6932,#6933,#6934),
 .UNSPECIFIED.,.F.,.F.,(4,4),(0.0501909918771672,0.0589398582297599),
 .UNSPECIFIED.);
#176=B_SPLINE_CURVE_WITH_KNOTS('',3,(#6936,#6937,#6938,#6939,#6940),
 .UNSPECIFIED.,.F.,.F.,(4,1,4),(3.99680288865056E-15,0.673198425769245,
1.5707963267949),.UNSPECIFIED.);
#177=B_SPLINE_CURVE_WITH_KNOTS('',3,(#6944,#6945,#6946,#6947,#6948),
 .UNSPECIFIED.,.F.,.F.,(4,1,4),(-1.5707963267949,-0.89759790102566,-4.37150315946155E-15),
 .UNSPECIFIED.);
#178=B_SPLINE_CURVE_WITH_KNOTS('',3,(#6949,#6950,#6951,#6952),
 .UNSPECIFIED.,.F.,.F.,(4,4),(-0.0589398582297599,-0.0501909918771673),
 .UNSPECIFIED.);
#179=B_SPLINE_CURVE_WITH_KNOTS('',3,(#6965,#6966,#6967,#6968),
 .UNSPECIFIED.,.F.,.F.,(4,4),(-11.8702242308668,-11.8614753645142),
 .UNSPECIFIED.);
#180=B_SPLINE_CURVE_WITH_KNOTS('',3,(#6970,#6971,#6972,#6973,#6974),
 .UNSPECIFIED.,.F.,.F.,(4,1,4),(-7.105427357601E-15,0.67319842576924,1.5707963267949),
 .UNSPECIFIED.);
#181=B_SPLINE_CURVE_WITH_KNOTS('',3,(#6978,#6979,#6980,#6981,#6982),
 .UNSPECIFIED.,.F.,.F.,(4,1,4),(-1.5707963267949,-0.897597901025657,-1.59594559789866E-15),
 .UNSPECIFIED.);
#182=B_SPLINE_CURVE_WITH_KNOTS('',3,(#6983,#6984,#6985,#6986),
 .UNSPECIFIED.,.F.,.F.,(4,4),(-0.0589398582297599,-0.0501909918771672),
 .UNSPECIFIED.);
#183=B_SPLINE_CURVE_WITH_KNOTS('',3,(#7023,#7024,#7025,#7026,#7027),
 .UNSPECIFIED.,.F.,.F.,(4,1,4),(5.65324963502812E-15,0.599230544258512,
1.39820460257203),.UNSPECIFIED.);
#184=B_SPLINE_CURVE_WITH_KNOTS('',3,(#7046,#7047,#7048,#7049),
 .UNSPECIFIED.,.F.,.F.,(4,4),(1.39820460257202,1.57079632679489),
 .UNSPECIFIED.);
#185=B_SPLINE_CURVE_WITH_KNOTS('',3,(#7108,#7109,#7110,#7111,#7112),
 .UNSPECIFIED.,.F.,.F.,(4,1,4),(-1.5707963267949,-0.673198425769245,-3.5527136788005E-15),
 .UNSPECIFIED.);
#186=B_SPLINE_CURVE_WITH_KNOTS('',3,(#7137,#7138,#7139,#7140),
 .UNSPECIFIED.,.F.,.F.,(4,4),(-0.0589398582297599,-0.0501909918771674),
 .UNSPECIFIED.);
#187=B_SPLINE_CURVE_WITH_KNOTS('',3,(#7173,#7174,#7175,#7176,#7177),
 .UNSPECIFIED.,.F.,.F.,(4,1,4),(4.37150315946155E-15,0.89759790102566,1.5707963267949),
 .UNSPECIFIED.);
#188=B_SPLINE_CURVE_WITH_KNOTS('',3,(#7201,#7202,#7203,#7204,#7205),
 .UNSPECIFIED.,.F.,.F.,(4,1,4),(-1.5707963267949,-0.673198425769245,-3.99680288865056E-15),
 .UNSPECIFIED.);
#189=B_SPLINE_CURVE_WITH_KNOTS('',3,(#7241,#7242,#7243,#7244),
 .UNSPECIFIED.,.F.,.F.,(4,4),(0.0501909918771673,0.0589398582297599),
 .UNSPECIFIED.);
#190=B_SPLINE_CURVE_WITH_KNOTS('',3,(#7261,#7262,#7263,#7264),
 .UNSPECIFIED.,.F.,.F.,(4,4),(-0.0589398582297599,-0.0501909918771672),
 .UNSPECIFIED.);
#191=B_SPLINE_CURVE_WITH_KNOTS('',3,(#7305,#7306,#7307,#7308,#7309),
 .UNSPECIFIED.,.F.,.F.,(4,1,4),(1.59594559789866E-15,0.897597901025657,
1.5707963267949),.UNSPECIFIED.);
#192=B_SPLINE_CURVE_WITH_KNOTS('',3,(#7333,#7334,#7335,#7336,#7337),
 .UNSPECIFIED.,.F.,.F.,(4,1,4),(-1.5707963267949,-0.67319842576924,7.105427357601E-15),
 .UNSPECIFIED.);
#193=B_SPLINE_CURVE_WITH_KNOTS('',3,(#7373,#7374,#7375,#7376),
 .UNSPECIFIED.,.F.,.F.,(4,4),(0.0501909918771672,0.0589398582297599),
 .UNSPECIFIED.);
#194=B_SPLINE_CURVE_WITH_KNOTS('',3,(#7393,#7394,#7395,#7396),
 .UNSPECIFIED.,.F.,.F.,(4,4),(11.8614753645142,11.8702242308668),
 .UNSPECIFIED.);
#195=B_SPLINE_CURVE_WITH_KNOTS('',3,(#7429,#7430,#7431,#7432),
 .UNSPECIFIED.,.F.,.F.,(4,4),(-1.,0.),.UNSPECIFIED.);
#196=B_SPLINE_CURVE_WITH_KNOTS('',3,(#7466,#7467,#7468,#7469),
 .UNSPECIFIED.,.F.,.F.,(4,4),(-1.,0.),.UNSPECIFIED.);
#197=B_SPLINE_CURVE_WITH_KNOTS('',3,(#7486,#7487,#7488,#7489),
 .UNSPECIFIED.,.F.,.F.,(4,4),(-1.,0.),.UNSPECIFIED.);
#198=B_SPLINE_CURVE_WITH_KNOTS('',3,(#7515,#7516,#7517,#7518),
 .UNSPECIFIED.,.F.,.F.,(4,4),(-1.,0.),.UNSPECIFIED.);
#199=B_SPLINE_CURVE_WITH_KNOTS('',3,(#7724,#7725,#7726,#7727,#7728,#7729,
#7730,#7731,#7732,#7733),.UNSPECIFIED.,.F.,.F.,(4,2,2,2,4),(0.,0.13540698864225,
0.317058449708142,0.49660499123692,0.675276915142848),.UNSPECIFIED.);
#200=B_SPLINE_CURVE_WITH_KNOTS('',3,(#7742,#7743,#7744,#7745,#7746,#7747,
#7748,#7749,#7750,#7751,#7752,#7753,#7754,#7755,#7756,#7757,#7758,#7759,
#7760,#7761,#7762,#7763,#7764,#7765,#7766,#7767,#7768,#7769,#7770,#7771,
#7772),.UNSPECIFIED.,.F.,.F.,(4,3,3,3,3,3,3,3,3,3,4),(0.,0.0392016945753347,
0.0768875326028629,0.097653421554218,0.205385611665957,0.307287208017677,
0.322289669799532,0.370456476727519,0.3798484046377,0.415557631333988,0.438154384473671),
 .UNSPECIFIED.);
#201=PLANE('',#3841);
#202=PLANE('',#3842);
#203=PLANE('',#3843);
#204=PLANE('',#3844);
#205=PLANE('',#3845);
#206=PLANE('',#3846);
#207=PLANE('',#3847);
#208=PLANE('',#3851);
#209=PLANE('',#3854);
#210=PLANE('',#3858);
#211=PLANE('',#3862);
#212=PLANE('',#3866);
#213=PLANE('',#3870);
#214=PLANE('',#3873);
#215=PLANE('',#3876);
#216=PLANE('',#3877);
#217=PLANE('',#3880);
#218=PLANE('',#3882);
#219=PLANE('',#3883);
#220=PLANE('',#3886);
#221=PLANE('',#3888);
#222=PLANE('',#3889);
#223=PLANE('',#3892);
#224=PLANE('',#3895);
#225=PLANE('',#3900);
#226=PLANE('',#3907);
#227=PLANE('',#3915);
#228=PLANE('',#3918);
#229=PLANE('',#3919);
#230=PLANE('',#3920);
#231=PLANE('',#3921);
#232=PLANE('',#3924);
#233=PLANE('',#3927);
#234=PLANE('',#3928);
#235=PLANE('',#3929);
#236=PLANE('',#3934);
#237=PLANE('',#3935);
#238=PLANE('',#3938);
#239=PLANE('',#3941);
#240=PLANE('',#3942);
#241=PLANE('',#3943);
#242=PLANE('',#3949);
#243=PLANE('',#3950);
#244=PLANE('',#3953);
#245=PLANE('',#3956);
#246=PLANE('',#3957);
#247=PLANE('',#3958);
#248=PLANE('',#3961);
#249=PLANE('',#3962);
#250=PLANE('',#3963);
#251=PLANE('',#3964);
#252=PLANE('',#3965);
#253=PLANE('',#3966);
#254=PLANE('',#3967);
#255=PLANE('',#3968);
#256=PLANE('',#3969);
#257=PLANE('',#3970);
#258=PLANE('',#3971);
#259=PLANE('',#3975);
#260=PLANE('',#3976);
#261=PLANE('',#3980);
#262=PLANE('',#3981);
#263=PLANE('',#3982);
#264=PLANE('',#3983);
#265=PLANE('',#3984);
#266=PLANE('',#3985);
#267=PLANE('',#3989);
#268=PLANE('',#3992);
#269=PLANE('',#3995);
#270=PLANE('',#3998);
#271=PLANE('',#4002);
#272=PLANE('',#4005);
#273=PLANE('',#4008);
#274=PLANE('',#4011);
#275=PLANE('',#4012);
#276=PLANE('',#4013);
#277=PLANE('',#4014);
#278=PLANE('',#4015);
#279=PLANE('',#4016);
#280=PLANE('',#4017);
#281=PLANE('',#4024);
#282=PLANE('',#4027);
#283=PLANE('',#4028);
#284=PLANE('',#4029);
#285=PLANE('',#4032);
#286=PLANE('',#4035);
#287=PLANE('',#4038);
#288=PLANE('',#4039);
#289=PLANE('',#4042);
#290=PLANE('',#4043);
#291=PLANE('',#4046);
#292=PLANE('',#4049);
#293=PLANE('',#4050);
#294=PLANE('',#4055);
#295=PLANE('',#4056);
#296=PLANE('',#4057);
#297=PLANE('',#4060);
#298=PLANE('',#4063);
#299=PLANE('',#4064);
#300=PLANE('',#4069);
#301=PLANE('',#4070);
#302=PLANE('',#4071);
#303=PLANE('',#4072);
#304=PLANE('',#4083);
#305=PLANE('',#4084);
#306=PLANE('',#4085);
#307=PLANE('',#4088);
#308=PLANE('',#4089);
#309=PLANE('',#4093);
#310=PLANE('',#4097);
#311=PLANE('',#4098);
#312=PLANE('',#4099);
#313=PLANE('',#4101);
#314=PLANE('',#4102);
#315=PLANE('',#4104);
#316=PLANE('',#4105);
#317=FACE_OUTER_BOUND('',#536,.T.);
#318=FACE_OUTER_BOUND('',#537,.T.);
#319=FACE_OUTER_BOUND('',#538,.T.);
#320=FACE_OUTER_BOUND('',#539,.T.);
#321=FACE_OUTER_BOUND('',#540,.T.);
#322=FACE_OUTER_BOUND('',#541,.T.);
#323=FACE_OUTER_BOUND('',#542,.T.);
#324=FACE_OUTER_BOUND('',#543,.T.);
#325=FACE_OUTER_BOUND('',#544,.T.);
#326=FACE_OUTER_BOUND('',#545,.T.);
#327=FACE_OUTER_BOUND('',#549,.T.);
#328=FACE_OUTER_BOUND('',#550,.T.);
#329=FACE_OUTER_BOUND('',#551,.T.);
#330=FACE_OUTER_BOUND('',#552,.T.);
#331=FACE_OUTER_BOUND('',#553,.T.);
#332=FACE_OUTER_BOUND('',#554,.T.);
#333=FACE_OUTER_BOUND('',#555,.T.);
#334=FACE_OUTER_BOUND('',#556,.T.);
#335=FACE_OUTER_BOUND('',#557,.T.);
#336=FACE_OUTER_BOUND('',#558,.T.);
#337=FACE_OUTER_BOUND('',#559,.T.);
#338=FACE_OUTER_BOUND('',#560,.T.);
#339=FACE_OUTER_BOUND('',#561,.T.);
#340=FACE_OUTER_BOUND('',#562,.T.);
#341=FACE_OUTER_BOUND('',#563,.T.);
#342=FACE_OUTER_BOUND('',#564,.T.);
#343=FACE_OUTER_BOUND('',#566,.T.);
#344=FACE_OUTER_BOUND('',#567,.T.);
#345=FACE_OUTER_BOUND('',#568,.T.);
#346=FACE_OUTER_BOUND('',#569,.T.);
#347=FACE_OUTER_BOUND('',#571,.T.);
#348=FACE_OUTER_BOUND('',#572,.T.);
#349=FACE_OUTER_BOUND('',#573,.T.);
#350=FACE_OUTER_BOUND('',#574,.T.);
#351=FACE_OUTER_BOUND('',#575,.T.);
#352=FACE_OUTER_BOUND('',#576,.T.);
#353=FACE_OUTER_BOUND('',#577,.T.);
#354=FACE_OUTER_BOUND('',#578,.T.);
#355=FACE_OUTER_BOUND('',#579,.T.);
#356=FACE_OUTER_BOUND('',#580,.T.);
#357=FACE_OUTER_BOUND('',#581,.T.);
#358=FACE_OUTER_BOUND('',#582,.T.);
#359=FACE_OUTER_BOUND('',#583,.T.);
#360=FACE_OUTER_BOUND('',#584,.T.);
#361=FACE_OUTER_BOUND('',#585,.T.);
#362=FACE_OUTER_BOUND('',#586,.T.);
#363=FACE_OUTER_BOUND('',#587,.T.);
#364=FACE_OUTER_BOUND('',#588,.T.);
#365=FACE_OUTER_BOUND('',#589,.T.);
#366=FACE_OUTER_BOUND('',#590,.T.);
#367=FACE_OUTER_BOUND('',#591,.T.);
#368=FACE_OUTER_BOUND('',#592,.T.);
#369=FACE_OUTER_BOUND('',#593,.T.);
#370=FACE_OUTER_BOUND('',#594,.T.);
#371=FACE_OUTER_BOUND('',#595,.T.);
#372=FACE_OUTER_BOUND('',#596,.T.);
#373=FACE_OUTER_BOUND('',#597,.T.);
#374=FACE_OUTER_BOUND('',#598,.T.);
#375=FACE_OUTER_BOUND('',#599,.T.);
#376=FACE_OUTER_BOUND('',#600,.T.);
#377=FACE_OUTER_BOUND('',#601,.T.);
#378=FACE_OUTER_BOUND('',#602,.T.);
#379=FACE_OUTER_BOUND('',#603,.T.);
#380=FACE_OUTER_BOUND('',#604,.T.);
#381=FACE_OUTER_BOUND('',#605,.T.);
#382=FACE_OUTER_BOUND('',#606,.T.);
#383=FACE_OUTER_BOUND('',#607,.T.);
#384=FACE_OUTER_BOUND('',#608,.T.);
#385=FACE_OUTER_BOUND('',#609,.T.);
#386=FACE_OUTER_BOUND('',#610,.T.);
#387=FACE_OUTER_BOUND('',#611,.T.);
#388=FACE_OUTER_BOUND('',#612,.T.);
#389=FACE_OUTER_BOUND('',#613,.T.);
#390=FACE_OUTER_BOUND('',#614,.T.);
#391=FACE_OUTER_BOUND('',#615,.T.);
#392=FACE_OUTER_BOUND('',#616,.T.);
#393=FACE_OUTER_BOUND('',#617,.T.);
#394=FACE_OUTER_BOUND('',#618,.T.);
#395=FACE_OUTER_BOUND('',#619,.T.);
#396=FACE_OUTER_BOUND('',#620,.T.);
#397=FACE_OUTER_BOUND('',#621,.T.);
#398=FACE_OUTER_BOUND('',#622,.T.);
#399=FACE_OUTER_BOUND('',#623,.T.);
#400=FACE_OUTER_BOUND('',#624,.T.);
#401=FACE_OUTER_BOUND('',#625,.T.);
#402=FACE_OUTER_BOUND('',#626,.T.);
#403=FACE_OUTER_BOUND('',#627,.T.);
#404=FACE_OUTER_BOUND('',#628,.T.);
#405=FACE_OUTER_BOUND('',#629,.T.);
#406=FACE_OUTER_BOUND('',#630,.T.);
#407=FACE_OUTER_BOUND('',#631,.T.);
#408=FACE_OUTER_BOUND('',#632,.T.);
#409=FACE_OUTER_BOUND('',#633,.T.);
#410=FACE_OUTER_BOUND('',#634,.T.);
#411=FACE_OUTER_BOUND('',#637,.T.);
#412=FACE_OUTER_BOUND('',#638,.T.);
#413=FACE_OUTER_BOUND('',#639,.T.);
#414=FACE_OUTER_BOUND('',#640,.T.);
#415=FACE_OUTER_BOUND('',#641,.T.);
#416=FACE_OUTER_BOUND('',#642,.T.);
#417=FACE_OUTER_BOUND('',#643,.T.);
#418=FACE_OUTER_BOUND('',#644,.T.);
#419=FACE_OUTER_BOUND('',#645,.T.);
#420=FACE_OUTER_BOUND('',#646,.T.);
#421=FACE_OUTER_BOUND('',#647,.T.);
#422=FACE_OUTER_BOUND('',#648,.T.);
#423=FACE_OUTER_BOUND('',#649,.T.);
#424=FACE_OUTER_BOUND('',#653,.T.);
#425=FACE_OUTER_BOUND('',#655,.T.);
#426=FACE_OUTER_BOUND('',#656,.T.);
#427=FACE_OUTER_BOUND('',#657,.T.);
#428=FACE_OUTER_BOUND('',#661,.T.);
#429=FACE_OUTER_BOUND('',#662,.T.);
#430=FACE_OUTER_BOUND('',#663,.T.);
#431=FACE_OUTER_BOUND('',#664,.T.);
#432=FACE_OUTER_BOUND('',#665,.T.);
#433=FACE_OUTER_BOUND('',#666,.T.);
#434=FACE_OUTER_BOUND('',#667,.T.);
#435=FACE_OUTER_BOUND('',#668,.T.);
#436=FACE_OUTER_BOUND('',#672,.T.);
#437=FACE_OUTER_BOUND('',#673,.T.);
#438=FACE_OUTER_BOUND('',#674,.T.);
#439=FACE_OUTER_BOUND('',#675,.T.);
#440=FACE_OUTER_BOUND('',#676,.T.);
#441=FACE_OUTER_BOUND('',#677,.T.);
#442=FACE_OUTER_BOUND('',#678,.T.);
#443=FACE_OUTER_BOUND('',#679,.T.);
#444=FACE_OUTER_BOUND('',#680,.T.);
#445=FACE_OUTER_BOUND('',#681,.T.);
#446=FACE_OUTER_BOUND('',#682,.T.);
#447=FACE_OUTER_BOUND('',#683,.T.);
#448=FACE_OUTER_BOUND('',#684,.T.);
#449=FACE_OUTER_BOUND('',#685,.T.);
#450=FACE_OUTER_BOUND('',#686,.T.);
#451=FACE_OUTER_BOUND('',#688,.T.);
#452=FACE_OUTER_BOUND('',#689,.T.);
#453=FACE_OUTER_BOUND('',#690,.T.);
#454=FACE_OUTER_BOUND('',#691,.T.);
#455=FACE_OUTER_BOUND('',#692,.T.);
#456=FACE_OUTER_BOUND('',#693,.T.);
#457=FACE_OUTER_BOUND('',#696,.T.);
#458=FACE_OUTER_BOUND('',#697,.T.);
#459=FACE_OUTER_BOUND('',#698,.T.);
#460=FACE_OUTER_BOUND('',#699,.T.);
#461=FACE_OUTER_BOUND('',#700,.T.);
#462=FACE_OUTER_BOUND('',#701,.T.);
#463=FACE_OUTER_BOUND('',#702,.T.);
#464=FACE_OUTER_BOUND('',#703,.T.);
#465=FACE_OUTER_BOUND('',#704,.T.);
#466=FACE_OUTER_BOUND('',#705,.T.);
#467=FACE_OUTER_BOUND('',#706,.T.);
#468=FACE_OUTER_BOUND('',#707,.T.);
#469=FACE_OUTER_BOUND('',#708,.T.);
#470=FACE_OUTER_BOUND('',#709,.T.);
#471=FACE_OUTER_BOUND('',#710,.T.);
#472=FACE_OUTER_BOUND('',#711,.T.);
#473=FACE_OUTER_BOUND('',#712,.T.);
#474=FACE_OUTER_BOUND('',#713,.T.);
#475=FACE_OUTER_BOUND('',#714,.T.);
#476=FACE_OUTER_BOUND('',#715,.T.);
#477=FACE_OUTER_BOUND('',#716,.T.);
#478=FACE_OUTER_BOUND('',#717,.T.);
#479=FACE_OUTER_BOUND('',#718,.T.);
#480=FACE_OUTER_BOUND('',#719,.T.);
#481=FACE_OUTER_BOUND('',#720,.T.);
#482=FACE_OUTER_BOUND('',#721,.T.);
#483=FACE_OUTER_BOUND('',#722,.T.);
#484=FACE_OUTER_BOUND('',#723,.T.);
#485=FACE_OUTER_BOUND('',#724,.T.);
#486=FACE_OUTER_BOUND('',#725,.T.);
#487=FACE_OUTER_BOUND('',#726,.T.);
#488=FACE_OUTER_BOUND('',#727,.T.);
#489=FACE_OUTER_BOUND('',#728,.T.);
#490=FACE_OUTER_BOUND('',#729,.T.);
#491=FACE_OUTER_BOUND('',#730,.T.);
#492=FACE_OUTER_BOUND('',#731,.T.);
#493=FACE_OUTER_BOUND('',#732,.T.);
#494=FACE_OUTER_BOUND('',#733,.T.);
#495=FACE_OUTER_BOUND('',#734,.T.);
#496=FACE_OUTER_BOUND('',#735,.T.);
#497=FACE_OUTER_BOUND('',#736,.T.);
#498=FACE_OUTER_BOUND('',#737,.T.);
#499=FACE_OUTER_BOUND('',#738,.T.);
#500=FACE_OUTER_BOUND('',#739,.T.);
#501=FACE_OUTER_BOUND('',#740,.T.);
#502=FACE_OUTER_BOUND('',#741,.T.);
#503=FACE_OUTER_BOUND('',#742,.T.);
#504=FACE_OUTER_BOUND('',#743,.T.);
#505=FACE_OUTER_BOUND('',#744,.T.);
#506=FACE_OUTER_BOUND('',#745,.T.);
#507=FACE_OUTER_BOUND('',#746,.T.);
#508=FACE_OUTER_BOUND('',#747,.T.);
#509=FACE_OUTER_BOUND('',#748,.T.);
#510=FACE_OUTER_BOUND('',#749,.T.);
#511=FACE_OUTER_BOUND('',#750,.T.);
#512=FACE_OUTER_BOUND('',#751,.T.);
#513=FACE_OUTER_BOUND('',#752,.T.);
#514=FACE_OUTER_BOUND('',#753,.T.);
#515=FACE_OUTER_BOUND('',#754,.T.);
#516=FACE_OUTER_BOUND('',#755,.T.);
#517=FACE_OUTER_BOUND('',#756,.T.);
#518=FACE_OUTER_BOUND('',#757,.T.);
#519=FACE_OUTER_BOUND('',#758,.T.);
#520=FACE_OUTER_BOUND('',#759,.T.);
#521=FACE_OUTER_BOUND('',#760,.T.);
#522=FACE_OUTER_BOUND('',#761,.T.);
#523=FACE_OUTER_BOUND('',#762,.T.);
#524=FACE_OUTER_BOUND('',#763,.T.);
#525=FACE_OUTER_BOUND('',#764,.T.);
#526=FACE_OUTER_BOUND('',#765,.T.);
#527=FACE_OUTER_BOUND('',#766,.T.);
#528=FACE_OUTER_BOUND('',#767,.T.);
#529=FACE_OUTER_BOUND('',#768,.T.);
#530=FACE_OUTER_BOUND('',#770,.T.);
#531=FACE_OUTER_BOUND('',#771,.T.);
#532=FACE_OUTER_BOUND('',#772,.T.);
#533=FACE_OUTER_BOUND('',#773,.T.);
#534=FACE_OUTER_BOUND('',#774,.T.);
#535=FACE_OUTER_BOUND('',#775,.T.);
#536=EDGE_LOOP('',(#2478,#2479,#2480,#2481));
#537=EDGE_LOOP('',(#2482,#2483,#2484,#2485));
#538=EDGE_LOOP('',(#2486,#2487,#2488,#2489,#2490,#2491,#2492,#2493,#2494));
#539=EDGE_LOOP('',(#2495,#2496,#2497,#2498));
#540=EDGE_LOOP('',(#2499,#2500,#2501,#2502,#2503,#2504,#2505,#2506,#2507,
#2508,#2509,#2510));
#541=EDGE_LOOP('',(#2511,#2512,#2513,#2514));
#542=EDGE_LOOP('',(#2515,#2516,#2517,#2518,#2519,#2520,#2521,#2522));
#543=EDGE_LOOP('',(#2523,#2524,#2525,#2526));
#544=EDGE_LOOP('',(#2527,#2528,#2529,#2530,#2531,#2532));
#545=EDGE_LOOP('',(#2533,#2534,#2535,#2536,#2537,#2538,#2539,#2540));
#546=EDGE_LOOP('',(#2541));
#547=EDGE_LOOP('',(#2542));
#548=EDGE_LOOP('',(#2543));
#549=EDGE_LOOP('',(#2544,#2545,#2546,#2547));
#550=EDGE_LOOP('',(#2548,#2549,#2550,#2551));
#551=EDGE_LOOP('',(#2552));
#552=EDGE_LOOP('',(#2553,#2554,#2555,#2556));
#553=EDGE_LOOP('',(#2557));
#554=EDGE_LOOP('',(#2558,#2559,#2560,#2561));
#555=EDGE_LOOP('',(#2562));
#556=EDGE_LOOP('',(#2563,#2564,#2565,#2566));
#557=EDGE_LOOP('',(#2567));
#558=EDGE_LOOP('',(#2568,#2569,#2570,#2571));
#559=EDGE_LOOP('',(#2572));
#560=EDGE_LOOP('',(#2573,#2574,#2575,#2576));
#561=EDGE_LOOP('',(#2577));
#562=EDGE_LOOP('',(#2578,#2579,#2580,#2581));
#563=EDGE_LOOP('',(#2582));
#564=EDGE_LOOP('',(#2583,#2584,#2585,#2586,#2587,#2588));
#565=EDGE_LOOP('',(#2589));
#566=EDGE_LOOP('',(#2590,#2591,#2592,#2593));
#567=EDGE_LOOP('',(#2594,#2595,#2596,#2597));
#568=EDGE_LOOP('',(#2598,#2599,#2600,#2601));
#569=EDGE_LOOP('',(#2602,#2603,#2604,#2605,#2606,#2607));
#570=EDGE_LOOP('',(#2608));
#571=EDGE_LOOP('',(#2609,#2610,#2611,#2612));
#572=EDGE_LOOP('',(#2613,#2614,#2615,#2616));
#573=EDGE_LOOP('',(#2617,#2618,#2619,#2620));
#574=EDGE_LOOP('',(#2621));
#575=EDGE_LOOP('',(#2622,#2623,#2624,#2625));
#576=EDGE_LOOP('',(#2626));
#577=EDGE_LOOP('',(#2627,#2628,#2629,#2630));
#578=EDGE_LOOP('',(#2631,#2632,#2633,#2634,#2635,#2636,#2637,#2638));
#579=EDGE_LOOP('',(#2639,#2640,#2641,#2642,#2643,#2644,#2645,#2646));
#580=EDGE_LOOP('',(#2647,#2648,#2649,#2650,#2651));
#581=EDGE_LOOP('',(#2652,#2653,#2654,#2655,#2656));
#582=EDGE_LOOP('',(#2657,#2658,#2659,#2660,#2661,#2662,#2663,#2664,#2665,
#2666,#2667,#2668));
#583=EDGE_LOOP('',(#2669,#2670,#2671,#2672,#2673));
#584=EDGE_LOOP('',(#2674,#2675,#2676,#2677,#2678));
#585=EDGE_LOOP('',(#2679,#2680,#2681,#2682,#2683));
#586=EDGE_LOOP('',(#2684,#2685,#2686,#2687));
#587=EDGE_LOOP('',(#2688,#2689,#2690,#2691,#2692));
#588=EDGE_LOOP('',(#2693,#2694,#2695,#2696));
#589=EDGE_LOOP('',(#2697,#2698,#2699,#2700));
#590=EDGE_LOOP('',(#2701,#2702,#2703,#2704,#2705));
#591=EDGE_LOOP('',(#2706,#2707,#2708,#2709,#2710));
#592=EDGE_LOOP('',(#2711,#2712,#2713,#2714));
#593=EDGE_LOOP('',(#2715,#2716,#2717,#2718));
#594=EDGE_LOOP('',(#2719,#2720,#2721,#2722));
#595=EDGE_LOOP('',(#2723,#2724,#2725,#2726));
#596=EDGE_LOOP('',(#2727,#2728,#2729,#2730));
#597=EDGE_LOOP('',(#2731,#2732,#2733,#2734));
#598=EDGE_LOOP('',(#2735,#2736,#2737,#2738));
#599=EDGE_LOOP('',(#2739,#2740,#2741,#2742));
#600=EDGE_LOOP('',(#2743,#2744,#2745,#2746));
#601=EDGE_LOOP('',(#2747,#2748,#2749,#2750));
#602=EDGE_LOOP('',(#2751,#2752,#2753,#2754));
#603=EDGE_LOOP('',(#2755,#2756,#2757,#2758));
#604=EDGE_LOOP('',(#2759,#2760,#2761,#2762));
#605=EDGE_LOOP('',(#2763,#2764,#2765,#2766));
#606=EDGE_LOOP('',(#2767,#2768,#2769,#2770));
#607=EDGE_LOOP('',(#2771,#2772,#2773,#2774));
#608=EDGE_LOOP('',(#2775,#2776,#2777,#2778));
#609=EDGE_LOOP('',(#2779,#2780,#2781,#2782));
#610=EDGE_LOOP('',(#2783,#2784,#2785,#2786));
#611=EDGE_LOOP('',(#2787,#2788,#2789,#2790));
#612=EDGE_LOOP('',(#2791,#2792,#2793,#2794));
#613=EDGE_LOOP('',(#2795,#2796,#2797,#2798));
#614=EDGE_LOOP('',(#2799,#2800,#2801,#2802));
#615=EDGE_LOOP('',(#2803,#2804,#2805,#2806));
#616=EDGE_LOOP('',(#2807,#2808,#2809,#2810));
#617=EDGE_LOOP('',(#2811,#2812,#2813,#2814));
#618=EDGE_LOOP('',(#2815,#2816,#2817,#2818));
#619=EDGE_LOOP('',(#2819,#2820,#2821,#2822));
#620=EDGE_LOOP('',(#2823,#2824,#2825,#2826));
#621=EDGE_LOOP('',(#2827,#2828,#2829,#2830));
#622=EDGE_LOOP('',(#2831,#2832,#2833,#2834));
#623=EDGE_LOOP('',(#2835,#2836,#2837,#2838));
#624=EDGE_LOOP('',(#2839,#2840,#2841,#2842));
#625=EDGE_LOOP('',(#2843,#2844,#2845,#2846));
#626=EDGE_LOOP('',(#2847,#2848,#2849,#2850));
#627=EDGE_LOOP('',(#2851,#2852,#2853,#2854));
#628=EDGE_LOOP('',(#2855,#2856,#2857,#2858));
#629=EDGE_LOOP('',(#2859,#2860,#2861,#2862));
#630=EDGE_LOOP('',(#2863,#2864,#2865,#2866));
#631=EDGE_LOOP('',(#2867,#2868,#2869,#2870));
#632=EDGE_LOOP('',(#2871,#2872,#2873,#2874));
#633=EDGE_LOOP('',(#2875,#2876,#2877,#2878));
#634=EDGE_LOOP('',(#2879,#2880,#2881,#2882,#2883,#2884,#2885,#2886,#2887,
#2888,#2889,#2890,#2891,#2892,#2893,#2894,#2895,#2896,#2897,#2898,#2899,
#2900));
#635=EDGE_LOOP('',(#2901,#2902,#2903,#2904,#2905,#2906,#2907,#2908,#2909,
#2910));
#636=EDGE_LOOP('',(#2911,#2912,#2913,#2914,#2915,#2916,#2917,#2918,#2919,
#2920));
#637=EDGE_LOOP('',(#2921,#2922,#2923,#2924));
#638=EDGE_LOOP('',(#2925,#2926,#2927,#2928));
#639=EDGE_LOOP('',(#2929,#2930,#2931,#2932));
#640=EDGE_LOOP('',(#2933,#2934,#2935,#2936));
#641=EDGE_LOOP('',(#2937,#2938,#2939,#2940));
#642=EDGE_LOOP('',(#2941,#2942,#2943,#2944,#2945,#2946,#2947,#2948,#2949,
#2950,#2951,#2952));
#643=EDGE_LOOP('',(#2953,#2954,#2955,#2956,#2957,#2958,#2959,#2960,#2961,
#2962,#2963,#2964,#2965,#2966,#2967,#2968,#2969,#2970,#2971,#2972,#2973,
#2974));
#644=EDGE_LOOP('',(#2975,#2976,#2977,#2978));
#645=EDGE_LOOP('',(#2979,#2980,#2981,#2982));
#646=EDGE_LOOP('',(#2983,#2984,#2985,#2986,#2987,#2988,#2989));
#647=EDGE_LOOP('',(#2990,#2991,#2992,#2993));
#648=EDGE_LOOP('',(#2994,#2995,#2996,#2997));
#649=EDGE_LOOP('',(#2998,#2999,#3000,#3001,#3002,#3003,#3004,#3005));
#650=EDGE_LOOP('',(#3006));
#651=EDGE_LOOP('',(#3007));
#652=EDGE_LOOP('',(#3008));
#653=EDGE_LOOP('',(#3009,#3010,#3011,#3012,#3013,#3014));
#654=EDGE_LOOP('',(#3015));
#655=EDGE_LOOP('',(#3016,#3017,#3018,#3019));
#656=EDGE_LOOP('',(#3020,#3021,#3022,#3023));
#657=EDGE_LOOP('',(#3024,#3025,#3026,#3027,#3028,#3029,#3030,#3031));
#658=EDGE_LOOP('',(#3032));
#659=EDGE_LOOP('',(#3033));
#660=EDGE_LOOP('',(#3034));
#661=EDGE_LOOP('',(#3035,#3036,#3037,#3038,#3039,#3040,#3041));
#662=EDGE_LOOP('',(#3042,#3043,#3044,#3045));
#663=EDGE_LOOP('',(#3046,#3047,#3048,#3049,#3050,#3051,#3052,#3053,#3054,
#3055,#3056,#3057));
#664=EDGE_LOOP('',(#3058,#3059,#3060,#3061,#3062,#3063));
#665=EDGE_LOOP('',(#3064,#3065,#3066,#3067,#3068));
#666=EDGE_LOOP('',(#3069,#3070,#3071,#3072,#3073,#3074));
#667=EDGE_LOOP('',(#3075,#3076,#3077,#3078));
#668=EDGE_LOOP('',(#3079,#3080,#3081,#3082,#3083,#3084,#3085,#3086));
#669=EDGE_LOOP('',(#3087));
#670=EDGE_LOOP('',(#3088));
#671=EDGE_LOOP('',(#3089));
#672=EDGE_LOOP('',(#3090));
#673=EDGE_LOOP('',(#3091,#3092,#3093,#3094));
#674=EDGE_LOOP('',(#3095));
#675=EDGE_LOOP('',(#3096,#3097,#3098,#3099));
#676=EDGE_LOOP('',(#3100));
#677=EDGE_LOOP('',(#3101,#3102,#3103,#3104));
#678=EDGE_LOOP('',(#3105));
#679=EDGE_LOOP('',(#3106,#3107,#3108,#3109));
#680=EDGE_LOOP('',(#3110));
#681=EDGE_LOOP('',(#3111,#3112,#3113,#3114));
#682=EDGE_LOOP('',(#3115));
#683=EDGE_LOOP('',(#3116,#3117,#3118,#3119));
#684=EDGE_LOOP('',(#3120));
#685=EDGE_LOOP('',(#3121,#3122,#3123,#3124));
#686=EDGE_LOOP('',(#3125,#3126,#3127,#3128,#3129,#3130));
#687=EDGE_LOOP('',(#3131));
#688=EDGE_LOOP('',(#3132,#3133,#3134,#3135));
#689=EDGE_LOOP('',(#3136,#3137,#3138,#3139,#3140,#3141,#3142,#3143,#3144));
#690=EDGE_LOOP('',(#3145,#3146,#3147,#3148,#3149,#3150,#3151,#3152,#3153,
#3154,#3155,#3156));
#691=EDGE_LOOP('',(#3157,#3158,#3159,#3160));
#692=EDGE_LOOP('',(#3161,#3162,#3163,#3164));
#693=EDGE_LOOP('',(#3165,#3166,#3167,#3168,#3169,#3170,#3171,#3172,#3173,
#3174,#3175,#3176,#3177,#3178,#3179,#3180,#3181,#3182,#3183,#3184,#3185,
#3186,#3187,#3188,#3189));
#694=EDGE_LOOP('',(#3190,#3191,#3192,#3193,#3194,#3195,#3196,#3197,#3198,
#3199));
#695=EDGE_LOOP('',(#3200,#3201,#3202,#3203,#3204,#3205,#3206,#3207,#3208,
#3209));
#696=EDGE_LOOP('',(#3210,#3211,#3212,#3213));
#697=EDGE_LOOP('',(#3214,#3215,#3216,#3217));
#698=EDGE_LOOP('',(#3218,#3219,#3220,#3221));
#699=EDGE_LOOP('',(#3222,#3223,#3224,#3225));
#700=EDGE_LOOP('',(#3226,#3227,#3228,#3229));
#701=EDGE_LOOP('',(#3230,#3231,#3232,#3233));
#702=EDGE_LOOP('',(#3234,#3235,#3236,#3237));
#703=EDGE_LOOP('',(#3238,#3239,#3240,#3241));
#704=EDGE_LOOP('',(#3242,#3243,#3244,#3245,#3246));
#705=EDGE_LOOP('',(#3247,#3248,#3249,#3250));
#706=EDGE_LOOP('',(#3251,#3252,#3253,#3254,#3255,#3256,#3257,#3258,#3259,
#3260,#3261,#3262));
#707=EDGE_LOOP('',(#3263,#3264,#3265,#3266));
#708=EDGE_LOOP('',(#3267,#3268,#3269,#3270));
#709=EDGE_LOOP('',(#3271,#3272,#3273,#3274));
#710=EDGE_LOOP('',(#3275,#3276,#3277,#3278));
#711=EDGE_LOOP('',(#3279,#3280,#3281,#3282));
#712=EDGE_LOOP('',(#3283,#3284,#3285,#3286));
#713=EDGE_LOOP('',(#3287,#3288,#3289,#3290));
#714=EDGE_LOOP('',(#3291,#3292,#3293,#3294));
#715=EDGE_LOOP('',(#3295,#3296,#3297,#3298));
#716=EDGE_LOOP('',(#3299,#3300,#3301,#3302));
#717=EDGE_LOOP('',(#3303,#3304,#3305,#3306));
#718=EDGE_LOOP('',(#3307,#3308,#3309,#3310));
#719=EDGE_LOOP('',(#3311,#3312,#3313,#3314));
#720=EDGE_LOOP('',(#3315,#3316,#3317,#3318));
#721=EDGE_LOOP('',(#3319,#3320,#3321,#3322));
#722=EDGE_LOOP('',(#3323,#3324,#3325,#3326));
#723=EDGE_LOOP('',(#3327,#3328,#3329,#3330));
#724=EDGE_LOOP('',(#3331,#3332,#3333,#3334));
#725=EDGE_LOOP('',(#3335,#3336,#3337,#3338));
#726=EDGE_LOOP('',(#3339,#3340,#3341,#3342));
#727=EDGE_LOOP('',(#3343,#3344,#3345,#3346));
#728=EDGE_LOOP('',(#3347,#3348,#3349,#3350));
#729=EDGE_LOOP('',(#3351,#3352,#3353,#3354));
#730=EDGE_LOOP('',(#3355,#3356,#3357,#3358));
#731=EDGE_LOOP('',(#3359,#3360,#3361,#3362));
#732=EDGE_LOOP('',(#3363,#3364,#3365,#3366));
#733=EDGE_LOOP('',(#3367,#3368,#3369,#3370));
#734=EDGE_LOOP('',(#3371,#3372,#3373,#3374));
#735=EDGE_LOOP('',(#3375,#3376,#3377,#3378));
#736=EDGE_LOOP('',(#3379,#3380,#3381,#3382));
#737=EDGE_LOOP('',(#3383,#3384,#3385,#3386));
#738=EDGE_LOOP('',(#3387,#3388,#3389,#3390));
#739=EDGE_LOOP('',(#3391,#3392,#3393,#3394));
#740=EDGE_LOOP('',(#3395,#3396,#3397,#3398));
#741=EDGE_LOOP('',(#3399,#3400,#3401,#3402));
#742=EDGE_LOOP('',(#3403,#3404,#3405,#3406));
#743=EDGE_LOOP('',(#3407,#3408,#3409,#3410));
#744=EDGE_LOOP('',(#3411,#3412,#3413,#3414));
#745=EDGE_LOOP('',(#3415,#3416,#3417,#3418));
#746=EDGE_LOOP('',(#3419,#3420,#3421,#3422));
#747=EDGE_LOOP('',(#3423,#3424,#3425,#3426));
#748=EDGE_LOOP('',(#3427,#3428,#3429,#3430));
#749=EDGE_LOOP('',(#3431,#3432,#3433,#3434));
#750=EDGE_LOOP('',(#3435,#3436,#3437,#3438));
#751=EDGE_LOOP('',(#3439,#3440,#3441,#3442,#3443));
#752=EDGE_LOOP('',(#3444,#3445,#3446,#3447,#3448));
#753=EDGE_LOOP('',(#3449,#3450,#3451,#3452,#3453));
#754=EDGE_LOOP('',(#3454,#3455,#3456,#3457,#3458));
#755=EDGE_LOOP('',(#3459,#3460,#3461,#3462,#3463));
#756=EDGE_LOOP('',(#3464,#3465,#3466,#3467,#3468,#3469,#3470,#3471));
#757=EDGE_LOOP('',(#3472,#3473,#3474,#3475,#3476,#3477,#3478,#3479));
#758=EDGE_LOOP('',(#3480,#3481,#3482,#3483,#3484,#3485,#3486,#3487,#3488,
#3489,#3490,#3491,#3492,#3493,#3494,#3495,#3496,#3497,#3498,#3499,#3500,
#3501));
#759=EDGE_LOOP('',(#3502,#3503,#3504,#3505,#3506,#3507,#3508,#3509));
#760=EDGE_LOOP('',(#3510,#3511,#3512,#3513,#3514,#3515));
#761=EDGE_LOOP('',(#3516,#3517,#3518,#3519));
#762=EDGE_LOOP('',(#3520));
#763=EDGE_LOOP('',(#3521,#3522,#3523,#3524));
#764=EDGE_LOOP('',(#3525));
#765=EDGE_LOOP('',(#3526,#3527,#3528,#3529));
#766=EDGE_LOOP('',(#3530,#3531,#3532,#3533));
#767=EDGE_LOOP('',(#3534,#3535,#3536,#3537));
#768=EDGE_LOOP('',(#3538,#3539,#3540,#3541,#3542,#3543));
#769=EDGE_LOOP('',(#3544));
#770=EDGE_LOOP('',(#3545,#3546,#3547,#3548));
#771=EDGE_LOOP('',(#3549,#3550,#3551,#3552));
#772=EDGE_LOOP('',(#3553,#3554,#3555,#3556));
#773=EDGE_LOOP('',(#3557,#3558,#3559,#3560));
#774=EDGE_LOOP('',(#3561,#3562,#3563,#3564));
#775=EDGE_LOOP('',(#3565,#3566,#3567,#3568,#3569,#3570));
#776=EDGE_LOOP('',(#3571));
#777=LINE('',#5014,#1141);
#778=LINE('',#5017,#1142);
#779=LINE('',#5020,#1143);
#780=LINE('',#5022,#1144);
#781=LINE('',#5023,#1145);
#782=LINE('',#5026,#1146);
#783=LINE('',#5028,#1147);
#784=LINE('',#5030,#1148);
#785=LINE('',#5032,#1149);
#786=LINE('',#5034,#1150);
#787=LINE('',#5036,#1151);
#788=LINE('',#5037,#1152);
#789=LINE('',#5040,#1153);
#790=LINE('',#5041,#1154);
#791=LINE('',#5045,#1155);
#792=LINE('',#5047,#1156);
#793=LINE('',#5066,#1157);
#794=LINE('',#5084,#1158);
#795=LINE('',#5103,#1159);
#796=LINE('',#5121,#1160);
#797=LINE('',#5155,#1161);
#798=LINE('',#5170,#1162);
#799=LINE('',#5172,#1163);
#800=LINE('',#5174,#1164);
#801=LINE('',#5176,#1165);
#802=LINE('',#5178,#1166);
#803=LINE('',#5179,#1167);
#804=LINE('',#5213,#1168);
#805=LINE('',#5228,#1169);
#806=LINE('',#5230,#1170);
#807=LINE('',#5232,#1171);
#808=LINE('',#5233,#1172);
#809=LINE('',#5236,#1173);
#810=LINE('',#5238,#1174);
#811=LINE('',#5240,#1175);
#812=LINE('',#5242,#1176);
#813=LINE('',#5244,#1177);
#814=LINE('',#5245,#1178);
#815=LINE('',#5254,#1179);
#816=LINE('',#5255,#1180);
#817=LINE('',#5258,#1181);
#818=LINE('',#5265,#1182);
#819=LINE('',#5272,#1183);
#820=LINE('',#5279,#1184);
#821=LINE('',#5286,#1185);
#822=LINE('',#5291,#1186);
#823=LINE('',#5296,#1187);
#824=LINE('',#5301,#1188);
#825=LINE('',#5304,#1189);
#826=LINE('',#5309,#1190);
#827=LINE('',#5310,#1191);
#828=LINE('',#5318,#1192);
#829=LINE('',#5321,#1193);
#830=LINE('',#5324,#1194);
#831=LINE('',#5327,#1195);
#832=LINE('',#5332,#1196);
#833=LINE('',#5333,#1197);
#834=LINE('',#5341,#1198);
#835=LINE('',#5344,#1199);
#836=LINE('',#5349,#1200);
#837=LINE('',#5354,#1201);
#838=LINE('',#5358,#1202);
#839=LINE('',#5362,#1203);
#840=LINE('',#5366,#1204);
#841=LINE('',#5370,#1205);
#842=LINE('',#5375,#1206);
#843=LINE('',#5379,#1207);
#844=LINE('',#5383,#1208);
#845=LINE('',#5387,#1209);
#846=LINE('',#5396,#1210);
#847=LINE('',#5398,#1211);
#848=LINE('',#5411,#1212);
#849=LINE('',#5413,#1213);
#850=LINE('',#5422,#1214);
#851=LINE('',#5424,#1215);
#852=LINE('',#5426,#1216);
#853=LINE('',#5427,#1217);
#854=LINE('',#5429,#1218);
#855=LINE('',#5430,#1219);
#856=LINE('',#5432,#1220);
#857=LINE('',#5433,#1221);
#858=LINE('',#5444,#1222);
#859=LINE('',#5457,#1223);
#860=LINE('',#5470,#1224);
#861=LINE('',#5480,#1225);
#862=LINE('',#5483,#1226);
#863=LINE('',#5486,#1227);
#864=LINE('',#5488,#1228);
#865=LINE('',#5490,#1229);
#866=LINE('',#5504,#1230);
#867=LINE('',#5538,#1231);
#868=LINE('',#5573,#1232);
#869=LINE('',#5575,#1233);
#870=LINE('',#5613,#1234);
#871=LINE('',#5663,#1235);
#872=LINE('',#5665,#1236);
#873=LINE('',#5672,#1237);
#874=LINE('',#5673,#1238);
#875=LINE('',#5960,#1239);
#876=LINE('',#5988,#1240);
#877=LINE('',#5989,#1241);
#878=LINE('',#6022,#1242);
#879=LINE('',#6023,#1243);
#880=LINE('',#6027,#1244);
#881=LINE('',#6045,#1245);
#882=LINE('',#6051,#1246);
#883=LINE('',#6055,#1247);
#884=LINE('',#6057,#1248);
#885=LINE('',#6058,#1249);
#886=LINE('',#6059,#1250);
#887=LINE('',#6062,#1251);
#888=LINE('',#6065,#1252);
#889=LINE('',#6087,#1253);
#890=LINE('',#6095,#1254);
#891=LINE('',#6096,#1255);
#892=LINE('',#6099,#1256);
#893=LINE('',#6100,#1257);
#894=LINE('',#6104,#1258);
#895=LINE('',#6109,#1259);
#896=LINE('',#6110,#1260);
#897=LINE('',#6112,#1261);
#898=LINE('',#6130,#1262);
#899=LINE('',#6136,#1263);
#900=LINE('',#6154,#1264);
#901=LINE('',#6160,#1265);
#902=LINE('',#6163,#1266);
#903=LINE('',#6164,#1267);
#904=LINE('',#6167,#1268);
#905=LINE('',#6171,#1269);
#906=LINE('',#6172,#1270);
#907=LINE('',#6173,#1271);
#908=LINE('',#6176,#1272);
#909=LINE('',#6179,#1273);
#910=LINE('',#6201,#1274);
#911=LINE('',#6228,#1275);
#912=LINE('',#6235,#1276);
#913=LINE('',#6238,#1277);
#914=LINE('',#6240,#1278);
#915=LINE('',#6241,#1279);
#916=LINE('',#6247,#1280);
#917=LINE('',#6252,#1281);
#918=LINE('',#6253,#1282);
#919=LINE('',#6255,#1283);
#920=LINE('',#6273,#1284);
#921=LINE('',#6279,#1285);
#922=LINE('',#6297,#1286);
#923=LINE('',#6303,#1287);
#924=LINE('',#6306,#1288);
#925=LINE('',#6307,#1289);
#926=LINE('',#6310,#1290);
#927=LINE('',#6314,#1291);
#928=LINE('',#6315,#1292);
#929=LINE('',#6316,#1293);
#930=LINE('',#6319,#1294);
#931=LINE('',#6322,#1295);
#932=LINE('',#6344,#1296);
#933=LINE('',#6371,#1297);
#934=LINE('',#6378,#1298);
#935=LINE('',#6381,#1299);
#936=LINE('',#6382,#1300);
#937=LINE('',#6384,#1301);
#938=LINE('',#6386,#1302);
#939=LINE('',#6390,#1303);
#940=LINE('',#6402,#1304);
#941=LINE('',#6419,#1305);
#942=LINE('',#6420,#1306);
#943=LINE('',#6441,#1307);
#944=LINE('',#6443,#1308);
#945=LINE('',#6444,#1309);
#946=LINE('',#6447,#1310);
#947=LINE('',#6448,#1311);
#948=LINE('',#6452,#1312);
#949=LINE('',#6453,#1313);
#950=LINE('',#6455,#1314);
#951=LINE('',#6457,#1315);
#952=LINE('',#6458,#1316);
#953=LINE('',#6459,#1317);
#954=LINE('',#6461,#1318);
#955=LINE('',#6464,#1319);
#956=LINE('',#6465,#1320);
#957=LINE('',#6467,#1321);
#958=LINE('',#6469,#1322);
#959=LINE('',#6478,#1323);
#960=LINE('',#6481,#1324);
#961=LINE('',#6484,#1325);
#962=LINE('',#6486,#1326);
#963=LINE('',#6487,#1327);
#964=LINE('',#6490,#1328);
#965=LINE('',#6492,#1329);
#966=LINE('',#6494,#1330);
#967=LINE('',#6496,#1331);
#968=LINE('',#6498,#1332);
#969=LINE('',#6500,#1333);
#970=LINE('',#6501,#1334);
#971=LINE('',#6510,#1335);
#972=LINE('',#6512,#1336);
#973=LINE('',#6514,#1337);
#974=LINE('',#6515,#1338);
#975=LINE('',#6518,#1339);
#976=LINE('',#6519,#1340);
#977=LINE('',#6523,#1341);
#978=LINE('',#6525,#1342);
#979=LINE('',#6541,#1343);
#980=LINE('',#6550,#1344);
#981=LINE('',#6557,#1345);
#982=LINE('',#6569,#1346);
#983=LINE('',#6585,#1347);
#984=LINE('',#6638,#1348);
#985=LINE('',#6644,#1349);
#986=LINE('',#6672,#1350);
#987=LINE('',#6714,#1351);
#988=LINE('',#6715,#1352);
#989=LINE('',#6718,#1353);
#990=LINE('',#6720,#1354);
#991=LINE('',#6722,#1355);
#992=LINE('',#6724,#1356);
#993=LINE('',#6726,#1357);
#994=LINE('',#6727,#1358);
#995=LINE('',#6738,#1359);
#996=LINE('',#6743,#1360);
#997=LINE('',#6748,#1361);
#998=LINE('',#6754,#1362);
#999=LINE('',#6760,#1363);
#1000=LINE('',#6765,#1364);
#1001=LINE('',#6770,#1365);
#1002=LINE('',#6774,#1366);
#1003=LINE('',#6776,#1367);
#1004=LINE('',#6778,#1368);
#1005=LINE('',#6780,#1369);
#1006=LINE('',#6782,#1370);
#1007=LINE('',#6783,#1371);
#1008=LINE('',#6786,#1372);
#1009=LINE('',#6787,#1373);
#1010=LINE('',#6790,#1374);
#1011=LINE('',#6792,#1375);
#1012=LINE('',#6794,#1376);
#1013=LINE('',#6795,#1377);
#1014=LINE('',#6798,#1378);
#1015=LINE('',#6800,#1379);
#1016=LINE('',#6802,#1380);
#1017=LINE('',#6804,#1381);
#1018=LINE('',#6806,#1382);
#1019=LINE('',#6808,#1383);
#1020=LINE('',#6810,#1384);
#1021=LINE('',#6812,#1385);
#1022=LINE('',#6814,#1386);
#1023=LINE('',#6816,#1387);
#1024=LINE('',#6817,#1388);
#1025=LINE('',#6820,#1389);
#1026=LINE('',#6821,#1390);
#1027=LINE('',#6824,#1391);
#1028=LINE('',#6826,#1392);
#1029=LINE('',#6827,#1393);
#1030=LINE('',#6830,#1394);
#1031=LINE('',#6843,#1395);
#1032=LINE('',#6846,#1396);
#1033=LINE('',#6850,#1397);
#1034=LINE('',#6862,#1398);
#1035=LINE('',#6886,#1399);
#1036=LINE('',#6921,#1400);
#1037=LINE('',#6925,#1401);
#1038=LINE('',#6929,#1402);
#1039=LINE('',#6942,#1403);
#1040=LINE('',#6955,#1404);
#1041=LINE('',#6959,#1405);
#1042=LINE('',#6963,#1406);
#1043=LINE('',#6976,#1407);
#1044=LINE('',#6989,#1408);
#1045=LINE('',#6990,#1409);
#1046=LINE('',#6993,#1410);
#1047=LINE('',#6997,#1411);
#1048=LINE('',#6998,#1412);
#1049=LINE('',#7020,#1413);
#1050=LINE('',#7022,#1414);
#1051=LINE('',#7029,#1415);
#1052=LINE('',#7052,#1416);
#1053=LINE('',#7053,#1417);
#1054=LINE('',#7056,#1418);
#1055=LINE('',#7060,#1419);
#1056=LINE('',#7061,#1420);
#1057=LINE('',#7064,#1421);
#1058=LINE('',#7068,#1422);
#1059=LINE('',#7070,#1423);
#1060=LINE('',#7072,#1424);
#1061=LINE('',#7074,#1425);
#1062=LINE('',#7076,#1426);
#1063=LINE('',#7078,#1427);
#1064=LINE('',#7080,#1428);
#1065=LINE('',#7082,#1429);
#1066=LINE('',#7084,#1430);
#1067=LINE('',#7085,#1431);
#1068=LINE('',#7107,#1432);
#1069=LINE('',#7116,#1433);
#1070=LINE('',#7119,#1434);
#1071=LINE('',#7120,#1435);
#1072=LINE('',#7143,#1436);
#1073=LINE('',#7145,#1437);
#1074=LINE('',#7146,#1438);
#1075=LINE('',#7150,#1439);
#1076=LINE('',#7151,#1440);
#1077=LINE('',#7178,#1441);
#1078=LINE('',#7200,#1442);
#1079=LINE('',#7208,#1443);
#1080=LINE('',#7210,#1444);
#1081=LINE('',#7211,#1445);
#1082=LINE('',#7214,#1446);
#1083=LINE('',#7216,#1447);
#1084=LINE('',#7220,#1448);
#1085=LINE('',#7223,#1449);
#1086=LINE('',#7224,#1450);
#1087=LINE('',#7267,#1451);
#1088=LINE('',#7269,#1452);
#1089=LINE('',#7270,#1453);
#1090=LINE('',#7275,#1454);
#1091=LINE('',#7279,#1455);
#1092=LINE('',#7280,#1456);
#1093=LINE('',#7282,#1457);
#1094=LINE('',#7283,#1458);
#1095=LINE('',#7310,#1459);
#1096=LINE('',#7332,#1460);
#1097=LINE('',#7340,#1461);
#1098=LINE('',#7342,#1462);
#1099=LINE('',#7343,#1463);
#1100=LINE('',#7346,#1464);
#1101=LINE('',#7348,#1465);
#1102=LINE('',#7352,#1466);
#1103=LINE('',#7355,#1467);
#1104=LINE('',#7356,#1468);
#1105=LINE('',#7399,#1469);
#1106=LINE('',#7401,#1470);
#1107=LINE('',#7402,#1471);
#1108=LINE('',#7407,#1472);
#1109=LINE('',#7411,#1473);
#1110=LINE('',#7412,#1474);
#1111=LINE('',#7433,#1475);
#1112=LINE('',#7490,#1476);
#1113=LINE('',#7536,#1477);
#1114=LINE('',#7626,#1478);
#1115=LINE('',#7644,#1479);
#1116=LINE('',#7659,#1480);
#1117=LINE('',#7661,#1481);
#1118=LINE('',#7665,#1482);
#1119=LINE('',#7667,#1483);
#1120=LINE('',#7669,#1484);
#1121=LINE('',#7672,#1485);
#1122=LINE('',#7675,#1486);
#1123=LINE('',#7677,#1487);
#1124=LINE('',#7678,#1488);
#1125=LINE('',#7680,#1489);
#1126=LINE('',#7682,#1490);
#1127=LINE('',#7683,#1491);
#1128=LINE('',#7686,#1492);
#1129=LINE('',#7688,#1493);
#1130=LINE('',#7689,#1494);
#1131=LINE('',#7694,#1495);
#1132=LINE('',#7701,#1496);
#1133=LINE('',#7775,#1497);
#1134=LINE('',#7776,#1498);
#1135=LINE('',#7779,#1499);
#1136=LINE('',#7782,#1500);
#1137=LINE('',#7791,#1501);
#1138=LINE('',#7792,#1502);
#1139=LINE('',#7801,#1503);
#1140=LINE('',#7803,#1504);
#1141=VECTOR('',#4112,10.);
#1142=VECTOR('',#4115,10.);
#1143=VECTOR('',#4118,10.);
#1144=VECTOR('',#4119,10.);
#1145=VECTOR('',#4120,10.);
#1146=VECTOR('',#4123,10.);
#1147=VECTOR('',#4124,10.);
#1148=VECTOR('',#4125,10.);
#1149=VECTOR('',#4126,10.);
#1150=VECTOR('',#4127,10.);
#1151=VECTOR('',#4128,10.);
#1152=VECTOR('',#4129,10.);
#1153=VECTOR('',#4132,10.);
#1154=VECTOR('',#4133,10.);
#1155=VECTOR('',#4136,10.);
#1156=VECTOR('',#4137,10.);
#1157=VECTOR('',#4138,10.);
#1158=VECTOR('',#4139,10.);
#1159=VECTOR('',#4140,10.);
#1160=VECTOR('',#4141,10.);
#1161=VECTOR('',#4142,10.);
#1162=VECTOR('',#4145,10.);
#1163=VECTOR('',#4146,10.);
#1164=VECTOR('',#4147,10.);
#1165=VECTOR('',#4148,10.);
#1166=VECTOR('',#4149,10.);
#1167=VECTOR('',#4150,10.);
#1168=VECTOR('',#4151,10.);
#1169=VECTOR('',#4154,10.);
#1170=VECTOR('',#4155,10.);
#1171=VECTOR('',#4156,10.);
#1172=VECTOR('',#4157,10.);
#1173=VECTOR('',#4160,10.);
#1174=VECTOR('',#4161,10.);
#1175=VECTOR('',#4162,10.);
#1176=VECTOR('',#4163,10.);
#1177=VECTOR('',#4164,10.);
#1178=VECTOR('',#4165,10.);
#1179=VECTOR('',#4174,10.);
#1180=VECTOR('',#4175,10.);
#1181=VECTOR('',#4178,0.999999999999996);
#1182=VECTOR('',#4187,1.);
#1183=VECTOR('',#4196,1.);
#1184=VECTOR('',#4205,1.);
#1185=VECTOR('',#4214,1.);
#1186=VECTOR('',#4221,0.999999999999996);
#1187=VECTOR('',#4228,0.999999999999996);
#1188=VECTOR('',#4235,10.);
#1189=VECTOR('',#4238,10.);
#1190=VECTOR('',#4243,10.);
#1191=VECTOR('',#4244,10.);
#1192=VECTOR('',#4245,10.);
#1193=VECTOR('',#4250,10.);
#1194=VECTOR('',#4253,10.);
#1195=VECTOR('',#4256,10.);
#1196=VECTOR('',#4261,10.);
#1197=VECTOR('',#4262,10.);
#1198=VECTOR('',#4263,10.);
#1199=VECTOR('',#4268,10.);
#1200=VECTOR('',#4275,1.50000000000002);
#1201=VECTOR('',#4282,1.49999999999999);
#1202=VECTOR('',#4285,10.);
#1203=VECTOR('',#4288,10.);
#1204=VECTOR('',#4291,10.);
#1205=VECTOR('',#4294,10.);
#1206=VECTOR('',#4299,10.);
#1207=VECTOR('',#4302,10.);
#1208=VECTOR('',#4305,10.);
#1209=VECTOR('',#4308,10.);
#1210=VECTOR('',#4313,10.);
#1211=VECTOR('',#4314,10.);
#1212=VECTOR('',#4317,10.);
#1213=VECTOR('',#4318,10.);
#1214=VECTOR('',#4321,10.);
#1215=VECTOR('',#4322,10.);
#1216=VECTOR('',#4323,10.);
#1217=VECTOR('',#4324,10.);
#1218=VECTOR('',#4325,10.);
#1219=VECTOR('',#4326,10.);
#1220=VECTOR('',#4327,10.);
#1221=VECTOR('',#4328,10.);
#1222=VECTOR('',#4333,10.);
#1223=VECTOR('',#4336,10.);
#1224=VECTOR('',#4339,10.);
#1225=VECTOR('',#4344,10.);
#1226=VECTOR('',#4347,10.);
#1227=VECTOR('',#4350,10.);
#1228=VECTOR('',#4351,10.);
#1229=VECTOR('',#4352,10.);
#1230=VECTOR('',#4357,10.);
#1231=VECTOR('',#4358,10.);
#1232=VECTOR('',#4361,10.);
#1233=VECTOR('',#4362,10.);
#1234=VECTOR('',#4363,10.);
#1235=VECTOR('',#4364,10.);
#1236=VECTOR('',#4365,10.);
#1237=VECTOR('',#4368,10.);
#1238=VECTOR('',#4369,10.);
#1239=VECTOR('',#4370,10.);
#1240=VECTOR('',#4373,10.);
#1241=VECTOR('',#4374,10.);
#1242=VECTOR('',#4377,10.);
#1243=VECTOR('',#4378,10.);
#1244=VECTOR('',#4383,10.);
#1245=VECTOR('',#4384,10.);
#1246=VECTOR('',#4385,10.);
#1247=VECTOR('',#4388,10.);
#1248=VECTOR('',#4389,10.);
#1249=VECTOR('',#4390,10.);
#1250=VECTOR('',#4391,10.);
#1251=VECTOR('',#4394,10.);
#1252=VECTOR('',#4399,10.);
#1253=VECTOR('',#4400,10.);
#1254=VECTOR('',#4403,10.);
#1255=VECTOR('',#4404,10.);
#1256=VECTOR('',#4407,10.);
#1257=VECTOR('',#4408,10.);
#1258=VECTOR('',#4413,10.);
#1259=VECTOR('',#4418,10.);
#1260=VECTOR('',#4419,10.);
#1261=VECTOR('',#4422,10.);
#1262=VECTOR('',#4423,10.);
#1263=VECTOR('',#4424,10.);
#1264=VECTOR('',#4425,10.);
#1265=VECTOR('',#4426,10.);
#1266=VECTOR('',#4429,10.);
#1267=VECTOR('',#4430,10.);
#1268=VECTOR('',#4433,10.);
#1269=VECTOR('',#4438,10.);
#1270=VECTOR('',#4439,10.);
#1271=VECTOR('',#4440,10.);
#1272=VECTOR('',#4443,10.);
#1273=VECTOR('',#4448,10.);
#1274=VECTOR('',#4449,10.);
#1275=VECTOR('',#4450,10.);
#1276=VECTOR('',#4453,10.);
#1277=VECTOR('',#4456,10.);
#1278=VECTOR('',#4457,10.);
#1279=VECTOR('',#4458,10.);
#1280=VECTOR('',#4465,10.);
#1281=VECTOR('',#4470,10.);
#1282=VECTOR('',#4471,10.);
#1283=VECTOR('',#4474,10.);
#1284=VECTOR('',#4475,10.);
#1285=VECTOR('',#4476,10.);
#1286=VECTOR('',#4477,10.);
#1287=VECTOR('',#4478,10.);
#1288=VECTOR('',#4481,10.);
#1289=VECTOR('',#4482,10.);
#1290=VECTOR('',#4485,10.);
#1291=VECTOR('',#4490,10.);
#1292=VECTOR('',#4491,10.);
#1293=VECTOR('',#4492,10.);
#1294=VECTOR('',#4495,10.);
#1295=VECTOR('',#4500,10.);
#1296=VECTOR('',#4501,10.);
#1297=VECTOR('',#4502,10.);
#1298=VECTOR('',#4505,10.);
#1299=VECTOR('',#4508,10.);
#1300=VECTOR('',#4509,10.);
#1301=VECTOR('',#4510,10.);
#1302=VECTOR('',#4511,10.);
#1303=VECTOR('',#4514,10.);
#1304=VECTOR('',#4515,10.);
#1305=VECTOR('',#4516,10.);
#1306=VECTOR('',#4517,10.);
#1307=VECTOR('',#4518,10.);
#1308=VECTOR('',#4521,10.);
#1309=VECTOR('',#4522,10.);
#1310=VECTOR('',#4525,10.);
#1311=VECTOR('',#4526,10.);
#1312=VECTOR('',#4531,10.);
#1313=VECTOR('',#4532,10.);
#1314=VECTOR('',#4535,10.);
#1315=VECTOR('',#4536,10.);
#1316=VECTOR('',#4537,10.);
#1317=VECTOR('',#4538,10.);
#1318=VECTOR('',#4541,10.);
#1319=VECTOR('',#4544,10.);
#1320=VECTOR('',#4545,10.);
#1321=VECTOR('',#4548,10.);
#1322=VECTOR('',#4551,10.);
#1323=VECTOR('',#4562,10.);
#1324=VECTOR('',#4565,10.);
#1325=VECTOR('',#4568,10.);
#1326=VECTOR('',#4569,10.);
#1327=VECTOR('',#4570,10.);
#1328=VECTOR('',#4573,10.);
#1329=VECTOR('',#4574,10.);
#1330=VECTOR('',#4575,10.);
#1331=VECTOR('',#4576,10.);
#1332=VECTOR('',#4577,10.);
#1333=VECTOR('',#4578,10.);
#1334=VECTOR('',#4579,10.);
#1335=VECTOR('',#4588,10.);
#1336=VECTOR('',#4589,10.);
#1337=VECTOR('',#4590,10.);
#1338=VECTOR('',#4591,10.);
#1339=VECTOR('',#4594,10.);
#1340=VECTOR('',#4595,10.);
#1341=VECTOR('',#4598,10.);
#1342=VECTOR('',#4599,10.);
#1343=VECTOR('',#4600,10.);
#1344=VECTOR('',#4601,10.);
#1345=VECTOR('',#4602,10.);
#1346=VECTOR('',#4603,10.);
#1347=VECTOR('',#4604,10.);
#1348=VECTOR('',#4607,10.);
#1349=VECTOR('',#4608,10.);
#1350=VECTOR('',#4609,10.);
#1351=VECTOR('',#4612,10.);
#1352=VECTOR('',#4613,10.);
#1353=VECTOR('',#4616,10.);
#1354=VECTOR('',#4617,10.);
#1355=VECTOR('',#4618,10.);
#1356=VECTOR('',#4619,10.);
#1357=VECTOR('',#4620,10.);
#1358=VECTOR('',#4621,10.);
#1359=VECTOR('',#4634,0.999999999999996);
#1360=VECTOR('',#4641,1.);
#1361=VECTOR('',#4648,1.);
#1362=VECTOR('',#4655,1.);
#1363=VECTOR('',#4664,1.);
#1364=VECTOR('',#4671,0.999999999999996);
#1365=VECTOR('',#4678,0.999999999999996);
#1366=VECTOR('',#4681,10.);
#1367=VECTOR('',#4682,10.);
#1368=VECTOR('',#4683,10.);
#1369=VECTOR('',#4684,10.);
#1370=VECTOR('',#4685,10.);
#1371=VECTOR('',#4686,10.);
#1372=VECTOR('',#4689,10.);
#1373=VECTOR('',#4690,10.);
#1374=VECTOR('',#4693,10.);
#1375=VECTOR('',#4694,10.);
#1376=VECTOR('',#4695,10.);
#1377=VECTOR('',#4696,10.);
#1378=VECTOR('',#4699,10.);
#1379=VECTOR('',#4700,10.);
#1380=VECTOR('',#4701,10.);
#1381=VECTOR('',#4702,10.);
#1382=VECTOR('',#4703,10.);
#1383=VECTOR('',#4704,10.);
#1384=VECTOR('',#4705,10.);
#1385=VECTOR('',#4706,10.);
#1386=VECTOR('',#4707,10.);
#1387=VECTOR('',#4708,10.);
#1388=VECTOR('',#4709,10.);
#1389=VECTOR('',#4712,10.);
#1390=VECTOR('',#4713,10.);
#1391=VECTOR('',#4716,10.);
#1392=VECTOR('',#4717,10.);
#1393=VECTOR('',#4718,10.);
#1394=VECTOR('',#4721,10.);
#1395=VECTOR('',#4722,10.);
#1396=VECTOR('',#4725,10.);
#1397=VECTOR('',#4728,10.);
#1398=VECTOR('',#4729,10.);
#1399=VECTOR('',#4730,10.);
#1400=VECTOR('',#4731,10.);
#1401=VECTOR('',#4734,10.);
#1402=VECTOR('',#4737,10.);
#1403=VECTOR('',#4738,10.);
#1404=VECTOR('',#4739,10.);
#1405=VECTOR('',#4742,10.);
#1406=VECTOR('',#4745,10.);
#1407=VECTOR('',#4746,10.);
#1408=VECTOR('',#4749,10.);
#1409=VECTOR('',#4750,10.);
#1410=VECTOR('',#4753,10.);
#1411=VECTOR('',#4758,10.);
#1412=VECTOR('',#4759,10.);
#1413=VECTOR('',#4760,10.);
#1414=VECTOR('',#4761,10.);
#1415=VECTOR('',#4764,10.);
#1416=VECTOR('',#4767,10.);
#1417=VECTOR('',#4768,10.);
#1418=VECTOR('',#4771,10.);
#1419=VECTOR('',#4776,10.);
#1420=VECTOR('',#4777,10.);
#1421=VECTOR('',#4780,10.);
#1422=VECTOR('',#4785,10.);
#1423=VECTOR('',#4786,10.);
#1424=VECTOR('',#4787,10.);
#1425=VECTOR('',#4788,10.);
#1426=VECTOR('',#4789,10.);
#1427=VECTOR('',#4790,10.);
#1428=VECTOR('',#4791,10.);
#1429=VECTOR('',#4792,10.);
#1430=VECTOR('',#4793,10.);
#1431=VECTOR('',#4794,10.);
#1432=VECTOR('',#4795,10.);
#1433=VECTOR('',#4800,10.);
#1434=VECTOR('',#4803,10.);
#1435=VECTOR('',#4804,10.);
#1436=VECTOR('',#4807,10.);
#1437=VECTOR('',#4808,10.);
#1438=VECTOR('',#4809,10.);
#1439=VECTOR('',#4816,10.);
#1440=VECTOR('',#4817,10.);
#1441=VECTOR('',#4818,10.);
#1442=VECTOR('',#4819,10.);
#1443=VECTOR('',#4822,10.);
#1444=VECTOR('',#4823,10.);
#1445=VECTOR('',#4824,10.);
#1446=VECTOR('',#4829,10.);
#1447=VECTOR('',#4832,10.);
#1448=VECTOR('',#4837,10.);
#1449=VECTOR('',#4840,10.);
#1450=VECTOR('',#4841,10.);
#1451=VECTOR('',#4844,10.);
#1452=VECTOR('',#4845,10.);
#1453=VECTOR('',#4846,10.);
#1454=VECTOR('',#4853,10.);
#1455=VECTOR('',#4858,10.);
#1456=VECTOR('',#4859,10.);
#1457=VECTOR('',#4862,10.);
#1458=VECTOR('',#4863,10.);
#1459=VECTOR('',#4864,10.);
#1460=VECTOR('',#4865,10.);
#1461=VECTOR('',#4868,10.);
#1462=VECTOR('',#4869,10.);
#1463=VECTOR('',#4870,10.);
#1464=VECTOR('',#4875,10.);
#1465=VECTOR('',#4878,10.);
#1466=VECTOR('',#4883,10.);
#1467=VECTOR('',#4886,10.);
#1468=VECTOR('',#4887,10.);
#1469=VECTOR('',#4890,10.);
#1470=VECTOR('',#4891,10.);
#1471=VECTOR('',#4892,10.);
#1472=VECTOR('',#4899,10.);
#1473=VECTOR('',#4904,10.);
#1474=VECTOR('',#4905,10.);
#1475=VECTOR('',#4906,10.);
#1476=VECTOR('',#4907,10.);
#1477=VECTOR('',#4910,10.);
#1478=VECTOR('',#4913,10.);
#1479=VECTOR('',#4916,10.);
#1480=VECTOR('',#4943,10.);
#1481=VECTOR('',#4944,10.);
#1482=VECTOR('',#4947,10.);
#1483=VECTOR('',#4948,10.);
#1484=VECTOR('',#4949,10.);
#1485=VECTOR('',#4952,10.);
#1486=VECTOR('',#4955,10.);
#1487=VECTOR('',#4956,10.);
#1488=VECTOR('',#4957,10.);
#1489=VECTOR('',#4958,10.);
#1490=VECTOR('',#4959,10.);
#1491=VECTOR('',#4960,10.);
#1492=VECTOR('',#4963,10.);
#1493=VECTOR('',#4964,10.);
#1494=VECTOR('',#4965,10.);
#1495=VECTOR('',#4970,1.5);
#1496=VECTOR('',#4979,1.5);
#1497=VECTOR('',#4986,10.);
#1498=VECTOR('',#4987,10.);
#1499=VECTOR('',#4990,10.);
#1500=VECTOR('',#4995,10.);
#1501=VECTOR('',#4998,10.);
#1502=VECTOR('',#4999,10.);
#1503=VECTOR('',#5002,10.);
#1504=VECTOR('',#5005,10.);
#1505=CIRCLE('',#3839,1.);
#1506=CIRCLE('',#3840,1.);
#1507=CIRCLE('',#3848,0.999999999999996);
#1508=CIRCLE('',#3849,0.999999999999996);
#1509=CIRCLE('',#3850,0.999999999999996);
#1510=CIRCLE('',#3853,0.999999999999996);
#1511=CIRCLE('',#3856,1.);
#1512=CIRCLE('',#3857,1.);
#1513=CIRCLE('',#3860,1.);
#1514=CIRCLE('',#3861,1.);
#1515=CIRCLE('',#3864,1.);
#1516=CIRCLE('',#3865,1.);
#1517=CIRCLE('',#3868,1.);
#1518=CIRCLE('',#3869,1.);
#1519=CIRCLE('',#3872,0.999999999999996);
#1520=CIRCLE('',#3875,0.999999999999996);
#1521=CIRCLE('',#3878,5.);
#1522=CIRCLE('',#3881,5.);
#1523=CIRCLE('',#3884,5.);
#1524=CIRCLE('',#3887,5.);
#1525=CIRCLE('',#3890,2.00000000000002);
#1526=CIRCLE('',#3893,1.99999999999999);
#1527=CIRCLE('',#3896,0.5);
#1528=CIRCLE('',#3899,0.5);
#1529=CIRCLE('',#3901,0.5);
#1530=CIRCLE('',#3904,0.5);
#1531=CIRCLE('',#3913,0.5);
#1532=CIRCLE('',#3914,0.5);
#1533=CIRCLE('',#3923,0.5);
#1534=CIRCLE('',#3926,1.5);
#1535=CIRCLE('',#3931,0.5);
#1536=CIRCLE('',#3933,0.5);
#1537=CIRCLE('',#3937,1.5);
#1538=CIRCLE('',#3940,1.49999999999999);
#1539=CIRCLE('',#3945,0.5);
#1540=CIRCLE('',#3946,0.5);
#1541=CIRCLE('',#3948,0.5);
#1542=CIRCLE('',#3952,1.5);
#1543=CIRCLE('',#3955,1.49999999999999);
#1544=CIRCLE('',#3959,1.49999999999999);
#1545=CIRCLE('',#3973,1.);
#1546=CIRCLE('',#3974,1.);
#1547=CIRCLE('',#3977,1.);
#1548=CIRCLE('',#3978,1.);
#1549=CIRCLE('',#3979,1.);
#1550=CIRCLE('',#3986,0.999999999999996);
#1551=CIRCLE('',#3987,0.999999999999996);
#1552=CIRCLE('',#3988,0.999999999999996);
#1553=CIRCLE('',#3990,0.999999999999996);
#1554=CIRCLE('',#3993,1.);
#1555=CIRCLE('',#3996,1.);
#1556=CIRCLE('',#3999,1.);
#1557=CIRCLE('',#4001,1.);
#1558=CIRCLE('',#4003,1.);
#1559=CIRCLE('',#4006,0.999999999999996);
#1560=CIRCLE('',#4009,0.999999999999996);
#1561=CIRCLE('',#4018,1.5);
#1562=CIRCLE('',#4019,1.5);
#1563=CIRCLE('',#4020,1.5);
#1564=CIRCLE('',#4021,1.5);
#1565=CIRCLE('',#4022,1.5);
#1566=CIRCLE('',#4023,1.5);
#1567=CIRCLE('',#4026,0.5);
#1568=CIRCLE('',#4031,0.5);
#1569=CIRCLE('',#4037,0.5);
#1570=CIRCLE('',#4041,0.5);
#1571=CIRCLE('',#4045,0.5);
#1572=CIRCLE('',#4048,0.5);
#1573=CIRCLE('',#4052,0.5);
#1574=CIRCLE('',#4054,0.5);
#1575=CIRCLE('',#4059,0.5);
#1576=CIRCLE('',#4062,0.5);
#1577=CIRCLE('',#4066,0.5);
#1578=CIRCLE('',#4068,0.5);
#1579=CIRCLE('',#4086,5.00000000000001);
#1580=CIRCLE('',#4087,5.);
#1581=CIRCLE('',#4092,2.);
#1582=CIRCLE('',#4096,2.);
#1583=CIRCLE('',#4100,5.);
#1584=CIRCLE('',#4103,5.00000000000001);
#1585=VERTEX_POINT('',#5010);
#1586=VERTEX_POINT('',#5011);
#1587=VERTEX_POINT('',#5013);
#1588=VERTEX_POINT('',#5015);
#1589=VERTEX_POINT('',#5019);
#1590=VERTEX_POINT('',#5021);
#1591=VERTEX_POINT('',#5025);
#1592=VERTEX_POINT('',#5027);
#1593=VERTEX_POINT('',#5029);
#1594=VERTEX_POINT('',#5031);
#1595=VERTEX_POINT('',#5033);
#1596=VERTEX_POINT('',#5035);
#1597=VERTEX_POINT('',#5039);
#1598=VERTEX_POINT('',#5043);
#1599=VERTEX_POINT('',#5044);
#1600=VERTEX_POINT('',#5046);
#1601=VERTEX_POINT('',#5048);
#1602=VERTEX_POINT('',#5065);
#1603=VERTEX_POINT('',#5083);
#1604=VERTEX_POINT('',#5085);
#1605=VERTEX_POINT('',#5102);
#1606=VERTEX_POINT('',#5104);
#1607=VERTEX_POINT('',#5154);
#1608=VERTEX_POINT('',#5169);
#1609=VERTEX_POINT('',#5171);
#1610=VERTEX_POINT('',#5173);
#1611=VERTEX_POINT('',#5175);
#1612=VERTEX_POINT('',#5177);
#1613=VERTEX_POINT('',#5212);
#1614=VERTEX_POINT('',#5227);
#1615=VERTEX_POINT('',#5229);
#1616=VERTEX_POINT('',#5231);
#1617=VERTEX_POINT('',#5235);
#1618=VERTEX_POINT('',#5237);
#1619=VERTEX_POINT('',#5239);
#1620=VERTEX_POINT('',#5241);
#1621=VERTEX_POINT('',#5243);
#1622=VERTEX_POINT('',#5246);
#1623=VERTEX_POINT('',#5248);
#1624=VERTEX_POINT('',#5250);
#1625=VERTEX_POINT('',#5253);
#1626=VERTEX_POINT('',#5257);
#1627=VERTEX_POINT('',#5262);
#1628=VERTEX_POINT('',#5264);
#1629=VERTEX_POINT('',#5269);
#1630=VERTEX_POINT('',#5271);
#1631=VERTEX_POINT('',#5276);
#1632=VERTEX_POINT('',#5278);
#1633=VERTEX_POINT('',#5283);
#1634=VERTEX_POINT('',#5285);
#1635=VERTEX_POINT('',#5290);
#1636=VERTEX_POINT('',#5295);
#1637=VERTEX_POINT('',#5300);
#1638=VERTEX_POINT('',#5302);
#1639=VERTEX_POINT('',#5305);
#1640=VERTEX_POINT('',#5308);
#1641=VERTEX_POINT('',#5317);
#1642=VERTEX_POINT('',#5323);
#1643=VERTEX_POINT('',#5325);
#1644=VERTEX_POINT('',#5328);
#1645=VERTEX_POINT('',#5331);
#1646=VERTEX_POINT('',#5340);
#1647=VERTEX_POINT('',#5346);
#1648=VERTEX_POINT('',#5351);
#1649=VERTEX_POINT('',#5356);
#1650=VERTEX_POINT('',#5357);
#1651=VERTEX_POINT('',#5359);
#1652=VERTEX_POINT('',#5361);
#1653=VERTEX_POINT('',#5363);
#1654=VERTEX_POINT('',#5365);
#1655=VERTEX_POINT('',#5367);
#1656=VERTEX_POINT('',#5369);
#1657=VERTEX_POINT('',#5373);
#1658=VERTEX_POINT('',#5374);
#1659=VERTEX_POINT('',#5376);
#1660=VERTEX_POINT('',#5378);
#1661=VERTEX_POINT('',#5380);
#1662=VERTEX_POINT('',#5382);
#1663=VERTEX_POINT('',#5384);
#1664=VERTEX_POINT('',#5386);
#1665=VERTEX_POINT('',#5390);
#1666=VERTEX_POINT('',#5391);
#1667=VERTEX_POINT('',#5397);
#1668=VERTEX_POINT('',#5405);
#1669=VERTEX_POINT('',#5406);
#1670=VERTEX_POINT('',#5412);
#1671=VERTEX_POINT('',#5420);
#1672=VERTEX_POINT('',#5421);
#1673=VERTEX_POINT('',#5423);
#1674=VERTEX_POINT('',#5425);
#1675=VERTEX_POINT('',#5428);
#1676=VERTEX_POINT('',#5431);
#1677=VERTEX_POINT('',#5435);
#1678=VERTEX_POINT('',#5441);
#1679=VERTEX_POINT('',#5443);
#1680=VERTEX_POINT('',#5450);
#1681=VERTEX_POINT('',#5456);
#1682=VERTEX_POINT('',#5463);
#1683=VERTEX_POINT('',#5469);
#1684=VERTEX_POINT('',#5476);
#1685=VERTEX_POINT('',#5477);
#1686=VERTEX_POINT('',#5479);
#1687=VERTEX_POINT('',#5481);
#1688=VERTEX_POINT('',#5485);
#1689=VERTEX_POINT('',#5487);
#1690=VERTEX_POINT('',#5489);
#1691=VERTEX_POINT('',#5496);
#1692=VERTEX_POINT('',#5502);
#1693=VERTEX_POINT('',#5537);
#1694=VERTEX_POINT('',#5572);
#1695=VERTEX_POINT('',#5574);
#1696=VERTEX_POINT('',#5612);
#1697=VERTEX_POINT('',#5614);
#1698=VERTEX_POINT('',#5662);
#1699=VERTEX_POINT('',#5664);
#1700=VERTEX_POINT('',#5671);
#1701=VERTEX_POINT('',#5954);
#1702=VERTEX_POINT('',#5959);
#1703=VERTEX_POINT('',#5987);
#1704=VERTEX_POINT('',#6021);
#1705=VERTEX_POINT('',#6025);
#1706=VERTEX_POINT('',#6044);
#1707=VERTEX_POINT('',#6046);
#1708=VERTEX_POINT('',#6053);
#1709=VERTEX_POINT('',#6054);
#1710=VERTEX_POINT('',#6056);
#1711=VERTEX_POINT('',#6061);
#1712=VERTEX_POINT('',#6086);
#1713=VERTEX_POINT('',#6094);
#1714=VERTEX_POINT('',#6098);
#1715=VERTEX_POINT('',#6102);
#1716=VERTEX_POINT('',#6106);
#1717=VERTEX_POINT('',#6107);
#1718=VERTEX_POINT('',#6129);
#1719=VERTEX_POINT('',#6131);
#1720=VERTEX_POINT('',#6153);
#1721=VERTEX_POINT('',#6155);
#1722=VERTEX_POINT('',#6162);
#1723=VERTEX_POINT('',#6166);
#1724=VERTEX_POINT('',#6170);
#1725=VERTEX_POINT('',#6175);
#1726=VERTEX_POINT('',#6200);
#1727=VERTEX_POINT('',#6227);
#1728=VERTEX_POINT('',#6237);
#1729=VERTEX_POINT('',#6239);
#1730=VERTEX_POINT('',#6243);
#1731=VERTEX_POINT('',#6245);
#1732=VERTEX_POINT('',#6249);
#1733=VERTEX_POINT('',#6250);
#1734=VERTEX_POINT('',#6272);
#1735=VERTEX_POINT('',#6274);
#1736=VERTEX_POINT('',#6296);
#1737=VERTEX_POINT('',#6298);
#1738=VERTEX_POINT('',#6305);
#1739=VERTEX_POINT('',#6309);
#1740=VERTEX_POINT('',#6313);
#1741=VERTEX_POINT('',#6318);
#1742=VERTEX_POINT('',#6343);
#1743=VERTEX_POINT('',#6370);
#1744=VERTEX_POINT('',#6380);
#1745=VERTEX_POINT('',#6383);
#1746=VERTEX_POINT('',#6385);
#1747=VERTEX_POINT('',#6387);
#1748=VERTEX_POINT('',#6389);
#1749=VERTEX_POINT('',#6391);
#1750=VERTEX_POINT('',#6396);
#1751=VERTEX_POINT('',#6446);
#1752=VERTEX_POINT('',#6451);
#1753=VERTEX_POINT('',#6456);
#1754=VERTEX_POINT('',#6463);
#1755=VERTEX_POINT('',#6474);
#1756=VERTEX_POINT('',#6475);
#1757=VERTEX_POINT('',#6477);
#1758=VERTEX_POINT('',#6479);
#1759=VERTEX_POINT('',#6483);
#1760=VERTEX_POINT('',#6485);
#1761=VERTEX_POINT('',#6489);
#1762=VERTEX_POINT('',#6491);
#1763=VERTEX_POINT('',#6493);
#1764=VERTEX_POINT('',#6495);
#1765=VERTEX_POINT('',#6497);
#1766=VERTEX_POINT('',#6499);
#1767=VERTEX_POINT('',#6502);
#1768=VERTEX_POINT('',#6504);
#1769=VERTEX_POINT('',#6506);
#1770=VERTEX_POINT('',#6509);
#1771=VERTEX_POINT('',#6511);
#1772=VERTEX_POINT('',#6513);
#1773=VERTEX_POINT('',#6517);
#1774=VERTEX_POINT('',#6521);
#1775=VERTEX_POINT('',#6522);
#1776=VERTEX_POINT('',#6524);
#1777=VERTEX_POINT('',#6526);
#1778=VERTEX_POINT('',#6540);
#1779=VERTEX_POINT('',#6549);
#1780=VERTEX_POINT('',#6551);
#1781=VERTEX_POINT('',#6556);
#1782=VERTEX_POINT('',#6558);
#1783=VERTEX_POINT('',#6584);
#1784=VERTEX_POINT('',#6586);
#1785=VERTEX_POINT('',#6591);
#1786=VERTEX_POINT('',#6637);
#1787=VERTEX_POINT('',#6639);
#1788=VERTEX_POINT('',#6671);
#1789=VERTEX_POINT('',#6673);
#1790=VERTEX_POINT('',#6687);
#1791=VERTEX_POINT('',#6713);
#1792=VERTEX_POINT('',#6717);
#1793=VERTEX_POINT('',#6719);
#1794=VERTEX_POINT('',#6721);
#1795=VERTEX_POINT('',#6723);
#1796=VERTEX_POINT('',#6725);
#1797=VERTEX_POINT('',#6728);
#1798=VERTEX_POINT('',#6730);
#1799=VERTEX_POINT('',#6732);
#1800=VERTEX_POINT('',#6735);
#1801=VERTEX_POINT('',#6740);
#1802=VERTEX_POINT('',#6745);
#1803=VERTEX_POINT('',#6750);
#1804=VERTEX_POINT('',#6753);
#1805=VERTEX_POINT('',#6757);
#1806=VERTEX_POINT('',#6762);
#1807=VERTEX_POINT('',#6767);
#1808=VERTEX_POINT('',#6772);
#1809=VERTEX_POINT('',#6773);
#1810=VERTEX_POINT('',#6775);
#1811=VERTEX_POINT('',#6777);
#1812=VERTEX_POINT('',#6779);
#1813=VERTEX_POINT('',#6781);
#1814=VERTEX_POINT('',#6785);
#1815=VERTEX_POINT('',#6789);
#1816=VERTEX_POINT('',#6791);
#1817=VERTEX_POINT('',#6793);
#1818=VERTEX_POINT('',#6797);
#1819=VERTEX_POINT('',#6799);
#1820=VERTEX_POINT('',#6801);
#1821=VERTEX_POINT('',#6803);
#1822=VERTEX_POINT('',#6805);
#1823=VERTEX_POINT('',#6807);
#1824=VERTEX_POINT('',#6809);
#1825=VERTEX_POINT('',#6811);
#1826=VERTEX_POINT('',#6813);
#1827=VERTEX_POINT('',#6815);
#1828=VERTEX_POINT('',#6819);
#1829=VERTEX_POINT('',#6823);
#1830=VERTEX_POINT('',#6825);
#1831=VERTEX_POINT('',#6829);
#1832=VERTEX_POINT('',#6831);
#1833=VERTEX_POINT('',#6837);
#1834=VERTEX_POINT('',#6842);
#1835=VERTEX_POINT('',#6845);
#1836=VERTEX_POINT('',#6847);
#1837=VERTEX_POINT('',#6849);
#1838=VERTEX_POINT('',#6851);
#1839=VERTEX_POINT('',#6861);
#1840=VERTEX_POINT('',#6863);
#1841=VERTEX_POINT('',#6873);
#1842=VERTEX_POINT('',#6880);
#1843=VERTEX_POINT('',#6885);
#1844=VERTEX_POINT('',#6887);
#1845=VERTEX_POINT('',#6892);
#1846=VERTEX_POINT('',#6897);
#1847=VERTEX_POINT('',#6919);
#1848=VERTEX_POINT('',#6920);
#1849=VERTEX_POINT('',#6922);
#1850=VERTEX_POINT('',#6924);
#1851=VERTEX_POINT('',#6926);
#1852=VERTEX_POINT('',#6928);
#1853=VERTEX_POINT('',#6930);
#1854=VERTEX_POINT('',#6935);
#1855=VERTEX_POINT('',#6941);
#1856=VERTEX_POINT('',#6943);
#1857=VERTEX_POINT('',#6953);
#1858=VERTEX_POINT('',#6954);
#1859=VERTEX_POINT('',#6956);
#1860=VERTEX_POINT('',#6958);
#1861=VERTEX_POINT('',#6960);
#1862=VERTEX_POINT('',#6962);
#1863=VERTEX_POINT('',#6964);
#1864=VERTEX_POINT('',#6969);
#1865=VERTEX_POINT('',#6975);
#1866=VERTEX_POINT('',#6977);
#1867=VERTEX_POINT('',#6988);
#1868=VERTEX_POINT('',#6992);
#1869=VERTEX_POINT('',#6996);
#1870=VERTEX_POINT('',#7019);
#1871=VERTEX_POINT('',#7021);
#1872=VERTEX_POINT('',#7051);
#1873=VERTEX_POINT('',#7055);
#1874=VERTEX_POINT('',#7059);
#1875=VERTEX_POINT('',#7063);
#1876=VERTEX_POINT('',#7067);
#1877=VERTEX_POINT('',#7069);
#1878=VERTEX_POINT('',#7071);
#1879=VERTEX_POINT('',#7073);
#1880=VERTEX_POINT('',#7075);
#1881=VERTEX_POINT('',#7077);
#1882=VERTEX_POINT('',#7079);
#1883=VERTEX_POINT('',#7081);
#1884=VERTEX_POINT('',#7083);
#1885=VERTEX_POINT('',#7106);
#1886=VERTEX_POINT('',#7114);
#1887=VERTEX_POINT('',#7118);
#1888=VERTEX_POINT('',#7142);
#1889=VERTEX_POINT('',#7144);
#1890=VERTEX_POINT('',#7172);
#1891=VERTEX_POINT('',#7199);
#1892=VERTEX_POINT('',#7207);
#1893=VERTEX_POINT('',#7209);
#1894=VERTEX_POINT('',#7218);
#1895=VERTEX_POINT('',#7222);
#1896=VERTEX_POINT('',#7266);
#1897=VERTEX_POINT('',#7268);
#1898=VERTEX_POINT('',#7274);
#1899=VERTEX_POINT('',#7278);
#1900=VERTEX_POINT('',#7304);
#1901=VERTEX_POINT('',#7331);
#1902=VERTEX_POINT('',#7339);
#1903=VERTEX_POINT('',#7341);
#1904=VERTEX_POINT('',#7350);
#1905=VERTEX_POINT('',#7354);
#1906=VERTEX_POINT('',#7398);
#1907=VERTEX_POINT('',#7400);
#1908=VERTEX_POINT('',#7406);
#1909=VERTEX_POINT('',#7410);
#1910=VERTEX_POINT('',#7658);
#1911=VERTEX_POINT('',#7660);
#1912=VERTEX_POINT('',#7662);
#1913=VERTEX_POINT('',#7664);
#1914=VERTEX_POINT('',#7666);
#1915=VERTEX_POINT('',#7668);
#1916=VERTEX_POINT('',#7670);
#1917=VERTEX_POINT('',#7674);
#1918=VERTEX_POINT('',#7676);
#1919=VERTEX_POINT('',#7679);
#1920=VERTEX_POINT('',#7681);
#1921=VERTEX_POINT('',#7685);
#1922=VERTEX_POINT('',#7687);
#1923=VERTEX_POINT('',#7691);
#1924=VERTEX_POINT('',#7693);
#1925=VERTEX_POINT('',#7698);
#1926=VERTEX_POINT('',#7700);
#1927=VERTEX_POINT('',#7774);
#1928=VERTEX_POINT('',#7778);
#1929=VERTEX_POINT('',#7790);
#1930=VERTEX_POINT('',#7799);
#1931=EDGE_CURVE('',#1585,#1586,#1505,.T.);
#1932=EDGE_CURVE('',#1586,#1587,#777,.T.);
#1933=EDGE_CURVE('',#1587,#1588,#1506,.T.);
#1934=EDGE_CURVE('',#1588,#1585,#778,.T.);
#1935=EDGE_CURVE('',#1589,#1586,#779,.T.);
#1936=EDGE_CURVE('',#1590,#1589,#780,.T.);
#1937=EDGE_CURVE('',#1587,#1590,#781,.T.);
#1938=EDGE_CURVE('',#1585,#1591,#782,.T.);
#1939=EDGE_CURVE('',#1591,#1592,#783,.T.);
#1940=EDGE_CURVE('',#1592,#1593,#784,.T.);
#1941=EDGE_CURVE('',#1594,#1593,#785,.T.);
#1942=EDGE_CURVE('',#1595,#1594,#786,.T.);
#1943=EDGE_CURVE('',#1595,#1596,#787,.T.);
#1944=EDGE_CURVE('',#1589,#1596,#788,.T.);
#1945=EDGE_CURVE('',#1597,#1588,#789,.T.);
#1946=EDGE_CURVE('',#1597,#1591,#790,.T.);
#1947=EDGE_CURVE('',#1598,#1599,#791,.T.);
#1948=EDGE_CURVE('',#1600,#1598,#792,.T.);
#1949=EDGE_CURVE('',#1601,#1600,#120,.T.);
#1950=EDGE_CURVE('',#1602,#1601,#793,.T.);
#1951=EDGE_CURVE('',#1592,#1602,#121,.T.);
#1952=EDGE_CURVE('',#1603,#1597,#794,.T.);
#1953=EDGE_CURVE('',#1604,#1603,#122,.T.);
#1954=EDGE_CURVE('',#1605,#1604,#795,.T.);
#1955=EDGE_CURVE('',#1606,#1605,#123,.T.);
#1956=EDGE_CURVE('',#1599,#1606,#796,.T.);
#1957=EDGE_CURVE('',#1602,#1607,#797,.T.);
#1958=EDGE_CURVE('',#1593,#1607,#124,.T.);
#1959=EDGE_CURVE('',#1601,#1608,#798,.T.);
#1960=EDGE_CURVE('',#1609,#1608,#799,.T.);
#1961=EDGE_CURVE('',#1610,#1609,#800,.T.);
#1962=EDGE_CURVE('',#1610,#1611,#801,.T.);
#1963=EDGE_CURVE('',#1612,#1611,#802,.T.);
#1964=EDGE_CURVE('',#1607,#1612,#803,.T.);
#1965=EDGE_CURVE('',#1600,#1613,#804,.T.);
#1966=EDGE_CURVE('',#1608,#1613,#125,.T.);
#1967=EDGE_CURVE('',#1614,#1598,#805,.T.);
#1968=EDGE_CURVE('',#1614,#1615,#806,.T.);
#1969=EDGE_CURVE('',#1616,#1615,#807,.T.);
#1970=EDGE_CURVE('',#1613,#1616,#808,.T.);
#1971=EDGE_CURVE('',#1599,#1617,#809,.T.);
#1972=EDGE_CURVE('',#1617,#1618,#810,.T.);
#1973=EDGE_CURVE('',#1618,#1619,#811,.T.);
#1974=EDGE_CURVE('',#1619,#1620,#812,.T.);
#1975=EDGE_CURVE('',#1620,#1621,#813,.T.);
#1976=EDGE_CURVE('',#1621,#1614,#814,.T.);
#1977=EDGE_CURVE('',#1622,#1622,#1507,.T.);
#1978=EDGE_CURVE('',#1623,#1623,#1508,.T.);
#1979=EDGE_CURVE('',#1624,#1624,#1509,.T.);
#1980=EDGE_CURVE('',#1606,#1625,#815,.T.);
#1981=EDGE_CURVE('',#1617,#1625,#816,.T.);
#1982=EDGE_CURVE('',#1624,#1626,#817,.T.);
#1983=EDGE_CURVE('',#1626,#1626,#1510,.T.);
#1984=EDGE_CURVE('',#1627,#1627,#1511,.T.);
#1985=EDGE_CURVE('',#1627,#1628,#818,.T.);
#1986=EDGE_CURVE('',#1628,#1628,#1512,.T.);
#1987=EDGE_CURVE('',#1629,#1629,#1513,.T.);
#1988=EDGE_CURVE('',#1629,#1630,#819,.T.);
#1989=EDGE_CURVE('',#1630,#1630,#1514,.T.);
#1990=EDGE_CURVE('',#1631,#1631,#1515,.T.);
#1991=EDGE_CURVE('',#1631,#1632,#820,.T.);
#1992=EDGE_CURVE('',#1632,#1632,#1516,.T.);
#1993=EDGE_CURVE('',#1633,#1633,#1517,.T.);
#1994=EDGE_CURVE('',#1633,#1634,#821,.T.);
#1995=EDGE_CURVE('',#1634,#1634,#1518,.T.);
#1996=EDGE_CURVE('',#1623,#1635,#822,.T.);
#1997=EDGE_CURVE('',#1635,#1635,#1519,.T.);
#1998=EDGE_CURVE('',#1622,#1636,#823,.T.);
#1999=EDGE_CURVE('',#1636,#1636,#1520,.T.);
#2000=EDGE_CURVE('',#1637,#1612,#824,.F.);
#2001=EDGE_CURVE('',#1638,#1637,#1521,.T.);
#2002=EDGE_CURVE('',#1594,#1638,#825,.F.);
#2003=EDGE_CURVE('',#1639,#1639,#39,.F.);
#2004=EDGE_CURVE('',#1638,#1640,#826,.T.);
#2005=EDGE_CURVE('',#1595,#1640,#827,.F.);
#2006=EDGE_CURVE('',#1637,#1641,#828,.F.);
#2007=EDGE_CURVE('',#1640,#1641,#1522,.T.);
#2008=EDGE_CURVE('',#1641,#1611,#829,.F.);
#2009=EDGE_CURVE('',#1642,#1616,#830,.F.);
#2010=EDGE_CURVE('',#1643,#1642,#1523,.T.);
#2011=EDGE_CURVE('',#1609,#1643,#831,.F.);
#2012=EDGE_CURVE('',#1644,#1644,#40,.F.);
#2013=EDGE_CURVE('',#1643,#1645,#832,.T.);
#2014=EDGE_CURVE('',#1610,#1645,#833,.F.);
#2015=EDGE_CURVE('',#1642,#1646,#834,.F.);
#2016=EDGE_CURVE('',#1645,#1646,#1524,.T.);
#2017=EDGE_CURVE('',#1646,#1615,#835,.F.);
#2018=EDGE_CURVE('',#1647,#1647,#1525,.T.);
#2019=EDGE_CURVE('',#1644,#1647,#836,.T.);
#2020=EDGE_CURVE('',#1648,#1648,#1526,.T.);
#2021=EDGE_CURVE('',#1639,#1648,#837,.T.);
#2022=EDGE_CURVE('',#1649,#1650,#838,.T.);
#2023=EDGE_CURVE('',#1651,#1649,#1527,.T.);
#2024=EDGE_CURVE('',#1652,#1651,#839,.T.);
#2025=EDGE_CURVE('',#1653,#1652,#41,.T.);
#2026=EDGE_CURVE('',#1654,#1653,#840,.T.);
#2027=EDGE_CURVE('',#1655,#1654,#42,.T.);
#2028=EDGE_CURVE('',#1655,#1656,#841,.T.);
#2029=EDGE_CURVE('',#1650,#1656,#1528,.T.);
#2030=EDGE_CURVE('',#1657,#1658,#842,.T.);
#2031=EDGE_CURVE('',#1659,#1657,#1529,.T.);
#2032=EDGE_CURVE('',#1660,#1659,#843,.T.);
#2033=EDGE_CURVE('',#1661,#1660,#43,.T.);
#2034=EDGE_CURVE('',#1662,#1661,#844,.T.);
#2035=EDGE_CURVE('',#1663,#1662,#44,.T.);
#2036=EDGE_CURVE('',#1663,#1664,#845,.T.);
#2037=EDGE_CURVE('',#1658,#1664,#1530,.T.);
#2038=EDGE_CURVE('',#1665,#1666,#126,.T.);
#2039=EDGE_CURVE('',#1665,#1655,#846,.T.);
#2040=EDGE_CURVE('',#1654,#1667,#847,.T.);
#2041=EDGE_CURVE('',#1666,#1667,#127,.T.);
#2042=EDGE_CURVE('',#1668,#1669,#128,.T.);
#2043=EDGE_CURVE('',#1668,#1663,#848,.T.);
#2044=EDGE_CURVE('',#1662,#1670,#849,.T.);
#2045=EDGE_CURVE('',#1669,#1670,#129,.T.);
#2046=EDGE_CURVE('',#1671,#1672,#850,.T.);
#2047=EDGE_CURVE('',#1673,#1671,#851,.T.);
#2048=EDGE_CURVE('',#1674,#1673,#852,.T.);
#2049=EDGE_CURVE('',#1670,#1674,#853,.T.);
#2050=EDGE_CURVE('',#1675,#1661,#854,.T.);
#2051=EDGE_CURVE('',#1667,#1675,#855,.T.);
#2052=EDGE_CURVE('',#1676,#1653,#856,.T.);
#2053=EDGE_CURVE('',#1672,#1676,#857,.T.);
#2054=EDGE_CURVE('',#1674,#1677,#130,.T.);
#2055=EDGE_CURVE('',#1673,#1678,#45,.T.);
#2056=EDGE_CURVE('',#1678,#1679,#858,.T.);
#2057=EDGE_CURVE('',#1677,#1679,#131,.T.);
#2058=EDGE_CURVE('',#1675,#1680,#132,.T.);
#2059=EDGE_CURVE('',#1660,#1681,#859,.T.);
#2060=EDGE_CURVE('',#1680,#1681,#133,.T.);
#2061=EDGE_CURVE('',#1676,#1682,#134,.T.);
#2062=EDGE_CURVE('',#1652,#1683,#860,.T.);
#2063=EDGE_CURVE('',#1682,#1683,#135,.T.);
#2064=EDGE_CURVE('',#1684,#1685,#1531,.T.);
#2065=EDGE_CURVE('',#1684,#1686,#861,.T.);
#2066=EDGE_CURVE('',#1686,#1687,#1532,.T.);
#2067=EDGE_CURVE('',#1687,#1685,#862,.T.);
#2068=EDGE_CURVE('',#1685,#1688,#863,.T.);
#2069=EDGE_CURVE('',#1689,#1687,#864,.T.);
#2070=EDGE_CURVE('',#1690,#1689,#865,.T.);
#2071=EDGE_CURVE('',#1688,#1690,#136,.T.);
#2072=EDGE_CURVE('',#1690,#1691,#137,.T.);
#2073=EDGE_CURVE('',#1689,#1692,#46,.T.);
#2074=EDGE_CURVE('',#1692,#1691,#866,.T.);
#2075=EDGE_CURVE('',#1605,#1693,#867,.T.);
#2076=EDGE_CURVE('',#1625,#1693,#138,.T.);
#2077=EDGE_CURVE('',#1604,#1694,#868,.T.);
#2078=EDGE_CURVE('',#1695,#1694,#869,.T.);
#2079=EDGE_CURVE('',#1693,#1695,#139,.T.);
#2080=EDGE_CURVE('',#1603,#1696,#870,.T.);
#2081=EDGE_CURVE('',#1697,#1696,#29,.T.);
#2082=EDGE_CURVE('',#1694,#1697,#140,.T.);
#2083=EDGE_CURVE('',#1693,#1698,#871,.T.);
#2084=EDGE_CURVE('',#1699,#1695,#872,.T.);
#2085=EDGE_CURVE('',#1699,#1698,#141,.T.);
#2086=EDGE_CURVE('',#1700,#1625,#873,.T.);
#2087=EDGE_CURVE('',#1700,#1618,#874,.T.);
#2088=EDGE_CURVE('',#1698,#1700,#142,.T.);
#2089=EDGE_CURVE('',#1701,#1697,#143,.T.);
#2090=EDGE_CURVE('',#1702,#1696,#875,.T.);
#2091=EDGE_CURVE('',#1702,#1701,#30,.T.);
#2092=EDGE_CURVE('',#1694,#1703,#876,.T.);
#2093=EDGE_CURVE('',#1703,#1699,#877,.T.);
#2094=EDGE_CURVE('',#1701,#1703,#144,.T.);
#2095=EDGE_CURVE('',#1683,#1704,#878,.T.);
#2096=EDGE_CURVE('',#1704,#1651,#879,.T.);
#2097=EDGE_CURVE('',#1704,#1705,#1533,.T.);
#2098=EDGE_CURVE('',#1649,#1705,#880,.T.);
#2099=EDGE_CURVE('',#1706,#1683,#881,.T.);
#2100=EDGE_CURVE('',#1706,#1707,#145,.T.);
#2101=EDGE_CURVE('',#1682,#1707,#882,.T.);
#2102=EDGE_CURVE('',#1708,#1709,#883,.T.);
#2103=EDGE_CURVE('',#1708,#1710,#884,.T.);
#2104=EDGE_CURVE('',#1705,#1710,#885,.T.);
#2105=EDGE_CURVE('',#1705,#1709,#886,.T.);
#2106=EDGE_CURVE('',#1704,#1711,#887,.T.);
#2107=EDGE_CURVE('',#1710,#1711,#1534,.T.);
#2108=EDGE_CURVE('',#1711,#1706,#888,.T.);
#2109=EDGE_CURVE('',#1676,#1712,#889,.T.);
#2110=EDGE_CURVE('',#1707,#1712,#146,.T.);
#2111=EDGE_CURVE('',#1672,#1713,#890,.T.);
#2112=EDGE_CURVE('',#1712,#1713,#891,.T.);
#2113=EDGE_CURVE('',#1681,#1714,#892,.T.);
#2114=EDGE_CURVE('',#1714,#1659,#893,.T.);
#2115=EDGE_CURVE('',#1714,#1715,#1535,.T.);
#2116=EDGE_CURVE('',#1657,#1715,#894,.T.);
#2117=EDGE_CURVE('',#1716,#1717,#1536,.T.);
#2118=EDGE_CURVE('',#1716,#1650,#895,.T.);
#2119=EDGE_CURVE('',#1656,#1717,#896,.T.);
#2120=EDGE_CURVE('',#1717,#1665,#897,.T.);
#2121=EDGE_CURVE('',#1718,#1666,#898,.T.);
#2122=EDGE_CURVE('',#1718,#1719,#147,.T.);
#2123=EDGE_CURVE('',#1665,#1719,#899,.T.);
#2124=EDGE_CURVE('',#1720,#1681,#900,.T.);
#2125=EDGE_CURVE('',#1720,#1721,#148,.T.);
#2126=EDGE_CURVE('',#1680,#1721,#901,.T.);
#2127=EDGE_CURVE('',#1719,#1722,#902,.T.);
#2128=EDGE_CURVE('',#1717,#1722,#903,.T.);
#2129=EDGE_CURVE('',#1716,#1723,#904,.T.);
#2130=EDGE_CURVE('',#1722,#1723,#1537,.T.);
#2131=EDGE_CURVE('',#1723,#1724,#905,.T.);
#2132=EDGE_CURVE('',#1715,#1724,#906,.T.);
#2133=EDGE_CURVE('',#1715,#1716,#907,.T.);
#2134=EDGE_CURVE('',#1714,#1725,#908,.T.);
#2135=EDGE_CURVE('',#1724,#1725,#1538,.T.);
#2136=EDGE_CURVE('',#1725,#1720,#909,.T.);
#2137=EDGE_CURVE('',#1726,#1667,#910,.T.);
#2138=EDGE_CURVE('',#1726,#1718,#149,.T.);
#2139=EDGE_CURVE('',#1675,#1727,#911,.T.);
#2140=EDGE_CURVE('',#1721,#1727,#150,.T.);
#2141=EDGE_CURVE('',#1727,#1726,#912,.T.);
#2142=EDGE_CURVE('',#1679,#1728,#913,.T.);
#2143=EDGE_CURVE('',#1729,#1678,#914,.T.);
#2144=EDGE_CURVE('',#1728,#1729,#915,.T.);
#2145=EDGE_CURVE('',#1728,#1730,#1539,.T.);
#2146=EDGE_CURVE('',#1729,#1731,#1540,.T.);
#2147=EDGE_CURVE('',#1731,#1730,#916,.T.);
#2148=EDGE_CURVE('',#1732,#1733,#1541,.T.);
#2149=EDGE_CURVE('',#1732,#1658,#917,.T.);
#2150=EDGE_CURVE('',#1664,#1733,#918,.T.);
#2151=EDGE_CURVE('',#1733,#1668,#919,.T.);
#2152=EDGE_CURVE('',#1734,#1669,#920,.T.);
#2153=EDGE_CURVE('',#1734,#1735,#151,.T.);
#2154=EDGE_CURVE('',#1668,#1735,#921,.T.);
#2155=EDGE_CURVE('',#1736,#1679,#922,.T.);
#2156=EDGE_CURVE('',#1736,#1737,#152,.T.);
#2157=EDGE_CURVE('',#1677,#1737,#923,.T.);
#2158=EDGE_CURVE('',#1735,#1738,#924,.T.);
#2159=EDGE_CURVE('',#1733,#1738,#925,.T.);
#2160=EDGE_CURVE('',#1732,#1739,#926,.T.);
#2161=EDGE_CURVE('',#1738,#1739,#1542,.T.);
#2162=EDGE_CURVE('',#1739,#1740,#927,.T.);
#2163=EDGE_CURVE('',#1730,#1740,#928,.T.);
#2164=EDGE_CURVE('',#1730,#1732,#929,.T.);
#2165=EDGE_CURVE('',#1728,#1741,#930,.T.);
#2166=EDGE_CURVE('',#1740,#1741,#1543,.T.);
#2167=EDGE_CURVE('',#1741,#1736,#931,.T.);
#2168=EDGE_CURVE('',#1742,#1670,#932,.T.);
#2169=EDGE_CURVE('',#1742,#1734,#153,.T.);
#2170=EDGE_CURVE('',#1674,#1743,#933,.T.);
#2171=EDGE_CURVE('',#1737,#1743,#154,.T.);
#2172=EDGE_CURVE('',#1743,#1742,#934,.T.);
#2173=EDGE_CURVE('',#1744,#1702,#935,.T.);
#2174=EDGE_CURVE('',#1713,#1744,#936,.T.);
#2175=EDGE_CURVE('',#1745,#1708,#937,.T.);
#2176=EDGE_CURVE('',#1746,#1745,#938,.T.);
#2177=EDGE_CURVE('',#1747,#1746,#1544,.T.);
#2178=EDGE_CURVE('',#1748,#1747,#939,.T.);
#2179=EDGE_CURVE('',#1749,#1748,#155,.T.);
#2180=EDGE_CURVE('',#1750,#1749,#156,.T.);
#2181=EDGE_CURVE('',#1619,#1750,#940,.T.);
#2182=EDGE_CURVE('',#1688,#1748,#941,.T.);
#2183=EDGE_CURVE('',#1749,#1690,#942,.T.);
#2184=EDGE_CURVE('',#1750,#1691,#943,.T.);
#2185=EDGE_CURVE('',#1684,#1746,#944,.T.);
#2186=EDGE_CURVE('',#1747,#1685,#945,.T.);
#2187=EDGE_CURVE('',#1751,#1745,#946,.T.);
#2188=EDGE_CURVE('',#1751,#1684,#947,.T.);
#2189=EDGE_CURVE('',#1709,#1752,#948,.T.);
#2190=EDGE_CURVE('',#1731,#1752,#949,.T.);
#2191=EDGE_CURVE('',#1621,#1692,#950,.T.);
#2192=EDGE_CURVE('',#1686,#1753,#951,.T.);
#2193=EDGE_CURVE('',#1752,#1753,#952,.T.);
#2194=EDGE_CURVE('',#1596,#1671,#953,.T.);
#2195=EDGE_CURVE('',#1753,#1751,#954,.T.);
#2196=EDGE_CURVE('',#1744,#1754,#955,.T.);
#2197=EDGE_CURVE('',#1696,#1754,#956,.T.);
#2198=EDGE_CURVE('',#1754,#1590,#957,.T.);
#2199=EDGE_CURVE('',#1691,#1620,#958,.T.);
#2200=EDGE_CURVE('',#1755,#1756,#1545,.T.);
#2201=EDGE_CURVE('',#1756,#1757,#959,.T.);
#2202=EDGE_CURVE('',#1757,#1758,#1546,.T.);
#2203=EDGE_CURVE('',#1758,#1755,#960,.T.);
#2204=EDGE_CURVE('',#1759,#1756,#961,.T.);
#2205=EDGE_CURVE('',#1760,#1759,#962,.T.);
#2206=EDGE_CURVE('',#1757,#1760,#963,.T.);
#2207=EDGE_CURVE('',#1761,#1759,#964,.T.);
#2208=EDGE_CURVE('',#1762,#1761,#965,.T.);
#2209=EDGE_CURVE('',#1763,#1762,#966,.T.);
#2210=EDGE_CURVE('',#1764,#1763,#967,.T.);
#2211=EDGE_CURVE('',#1765,#1764,#968,.T.);
#2212=EDGE_CURVE('',#1766,#1765,#969,.T.);
#2213=EDGE_CURVE('',#1760,#1766,#970,.T.);
#2214=EDGE_CURVE('',#1767,#1767,#1547,.T.);
#2215=EDGE_CURVE('',#1768,#1768,#1548,.T.);
#2216=EDGE_CURVE('',#1769,#1769,#1549,.T.);
#2217=EDGE_CURVE('',#1755,#1770,#971,.T.);
#2218=EDGE_CURVE('',#1770,#1771,#972,.T.);
#2219=EDGE_CURVE('',#1771,#1772,#973,.T.);
#2220=EDGE_CURVE('',#1761,#1772,#974,.T.);
#2221=EDGE_CURVE('',#1773,#1758,#975,.T.);
#2222=EDGE_CURVE('',#1773,#1770,#976,.T.);
#2223=EDGE_CURVE('',#1774,#1775,#977,.T.);
#2224=EDGE_CURVE('',#1776,#1774,#978,.T.);
#2225=EDGE_CURVE('',#1777,#1776,#157,.T.);
#2226=EDGE_CURVE('',#1778,#1777,#979,.T.);
#2227=EDGE_CURVE('',#1771,#1778,#158,.T.);
#2228=EDGE_CURVE('',#1779,#1773,#980,.T.);
#2229=EDGE_CURVE('',#1780,#1779,#159,.T.);
#2230=EDGE_CURVE('',#1781,#1780,#981,.T.);
#2231=EDGE_CURVE('',#1782,#1781,#160,.T.);
#2232=EDGE_CURVE('',#1775,#1782,#982,.T.);
#2233=EDGE_CURVE('',#1778,#1783,#983,.T.);
#2234=EDGE_CURVE('',#1784,#1783,#161,.T.);
#2235=EDGE_CURVE('',#1785,#1784,#162,.T.);
#2236=EDGE_CURVE('',#1772,#1785,#163,.T.);
#2237=EDGE_CURVE('',#1777,#1786,#984,.T.);
#2238=EDGE_CURVE('',#1787,#1786,#164,.T.);
#2239=EDGE_CURVE('',#1783,#1787,#985,.T.);
#2240=EDGE_CURVE('',#1776,#1788,#986,.T.);
#2241=EDGE_CURVE('',#1789,#1788,#31,.T.);
#2242=EDGE_CURVE('',#1790,#1789,#165,.T.);
#2243=EDGE_CURVE('',#1786,#1790,#166,.T.);
#2244=EDGE_CURVE('',#1774,#1791,#987,.T.);
#2245=EDGE_CURVE('',#1788,#1791,#988,.T.);
#2246=EDGE_CURVE('',#1792,#1775,#989,.T.);
#2247=EDGE_CURVE('',#1793,#1792,#990,.T.);
#2248=EDGE_CURVE('',#1794,#1793,#991,.T.);
#2249=EDGE_CURVE('',#1795,#1794,#992,.T.);
#2250=EDGE_CURVE('',#1796,#1795,#993,.T.);
#2251=EDGE_CURVE('',#1791,#1796,#994,.T.);
#2252=EDGE_CURVE('',#1797,#1797,#1550,.T.);
#2253=EDGE_CURVE('',#1798,#1798,#1551,.T.);
#2254=EDGE_CURVE('',#1799,#1799,#1552,.T.);
#2255=EDGE_CURVE('',#1800,#1800,#1553,.T.);
#2256=EDGE_CURVE('',#1800,#1799,#995,.T.);
#2257=EDGE_CURVE('',#1801,#1801,#1554,.T.);
#2258=EDGE_CURVE('',#1801,#1769,#996,.T.);
#2259=EDGE_CURVE('',#1802,#1802,#1555,.T.);
#2260=EDGE_CURVE('',#1802,#1768,#997,.T.);
#2261=EDGE_CURVE('',#1803,#1803,#1556,.T.);
#2262=EDGE_CURVE('',#1803,#1804,#998,.T.);
#2263=EDGE_CURVE('',#1804,#1804,#1557,.T.);
#2264=EDGE_CURVE('',#1805,#1805,#1558,.T.);
#2265=EDGE_CURVE('',#1805,#1767,#999,.T.);
#2266=EDGE_CURVE('',#1806,#1806,#1559,.T.);
#2267=EDGE_CURVE('',#1806,#1798,#1000,.T.);
#2268=EDGE_CURVE('',#1807,#1807,#1560,.T.);
#2269=EDGE_CURVE('',#1807,#1797,#1001,.T.);
#2270=EDGE_CURVE('',#1808,#1809,#1002,.T.);
#2271=EDGE_CURVE('',#1810,#1808,#1003,.T.);
#2272=EDGE_CURVE('',#1811,#1810,#1004,.T.);
#2273=EDGE_CURVE('',#1812,#1811,#1005,.T.);
#2274=EDGE_CURVE('',#1813,#1812,#1006,.T.);
#2275=EDGE_CURVE('',#1809,#1813,#1007,.T.);
#2276=EDGE_CURVE('',#1796,#1814,#1008,.T.);
#2277=EDGE_CURVE('',#1814,#1788,#1009,.T.);
#2278=EDGE_CURVE('',#1766,#1815,#1010,.T.);
#2279=EDGE_CURVE('',#1816,#1815,#1011,.T.);
#2280=EDGE_CURVE('',#1817,#1816,#1012,.T.);
#2281=EDGE_CURVE('',#1779,#1817,#1013,.T.);
#2282=EDGE_CURVE('',#1818,#1764,#1014,.T.);
#2283=EDGE_CURVE('',#1819,#1818,#1015,.T.);
#2284=EDGE_CURVE('',#1819,#1820,#1016,.T.);
#2285=EDGE_CURVE('',#1821,#1820,#1017,.T.);
#2286=EDGE_CURVE('',#1822,#1821,#1018,.T.);
#2287=EDGE_CURVE('',#1823,#1822,#1019,.T.);
#2288=EDGE_CURVE('',#1823,#1824,#1020,.T.);
#2289=EDGE_CURVE('',#1825,#1824,#1021,.T.);
#2290=EDGE_CURVE('',#1826,#1825,#1022,.T.);
#2291=EDGE_CURVE('',#1827,#1826,#1023,.T.);
#2292=EDGE_CURVE('',#1765,#1827,#1024,.T.);
#2293=EDGE_CURVE('',#1763,#1828,#1025,.T.);
#2294=EDGE_CURVE('',#1828,#1818,#1026,.T.);
#2295=EDGE_CURVE('',#1811,#1829,#1027,.T.);
#2296=EDGE_CURVE('',#1829,#1830,#1028,.T.);
#2297=EDGE_CURVE('',#1830,#1812,#1029,.T.);
#2298=EDGE_CURVE('',#1831,#1795,#1030,.T.);
#2299=EDGE_CURVE('',#1832,#1831,#167,.T.);
#2300=EDGE_CURVE('',#1833,#1832,#168,.T.);
#2301=EDGE_CURVE('',#1834,#1833,#1031,.T.);
#2302=EDGE_CURVE('',#1829,#1834,#1561,.T.);
#2303=EDGE_CURVE('',#1835,#1810,#1032,.T.);
#2304=EDGE_CURVE('',#1836,#1835,#1562,.T.);
#2305=EDGE_CURVE('',#1837,#1836,#1033,.T.);
#2306=EDGE_CURVE('',#1838,#1837,#169,.T.);
#2307=EDGE_CURVE('',#1828,#1838,#170,.T.);
#2308=EDGE_CURVE('',#1839,#1762,#1034,.T.);
#2309=EDGE_CURVE('',#1840,#1839,#32,.T.);
#2310=EDGE_CURVE('',#1841,#1840,#171,.T.);
#2311=EDGE_CURVE('',#1842,#1841,#33,.T.);
#2312=EDGE_CURVE('',#1843,#1842,#1035,.T.);
#2313=EDGE_CURVE('',#1844,#1843,#172,.T.);
#2314=EDGE_CURVE('',#1845,#1844,#173,.T.);
#2315=EDGE_CURVE('',#1846,#1845,#174,.T.);
#2316=EDGE_CURVE('',#1814,#1846,#34,.T.);
#2317=EDGE_CURVE('',#1847,#1848,#1036,.T.);
#2318=EDGE_CURVE('',#1849,#1847,#1563,.T.);
#2319=EDGE_CURVE('',#1850,#1849,#1037,.T.);
#2320=EDGE_CURVE('',#1851,#1850,#1564,.T.);
#2321=EDGE_CURVE('',#1852,#1851,#1038,.T.);
#2322=EDGE_CURVE('',#1853,#1852,#175,.T.);
#2323=EDGE_CURVE('',#1854,#1853,#176,.T.);
#2324=EDGE_CURVE('',#1855,#1854,#1039,.T.);
#2325=EDGE_CURVE('',#1856,#1855,#177,.T.);
#2326=EDGE_CURVE('',#1848,#1856,#178,.T.);
#2327=EDGE_CURVE('',#1857,#1858,#1040,.T.);
#2328=EDGE_CURVE('',#1859,#1857,#1565,.T.);
#2329=EDGE_CURVE('',#1860,#1859,#1041,.T.);
#2330=EDGE_CURVE('',#1861,#1860,#1566,.T.);
#2331=EDGE_CURVE('',#1862,#1861,#1042,.T.);
#2332=EDGE_CURVE('',#1863,#1862,#179,.T.);
#2333=EDGE_CURVE('',#1864,#1863,#180,.T.);
#2334=EDGE_CURVE('',#1865,#1864,#1043,.T.);
#2335=EDGE_CURVE('',#1866,#1865,#181,.T.);
#2336=EDGE_CURVE('',#1858,#1866,#182,.T.);
#2337=EDGE_CURVE('',#1808,#1867,#1044,.T.);
#2338=EDGE_CURVE('',#1867,#1835,#1045,.T.);
#2339=EDGE_CURVE('',#1834,#1868,#1046,.T.);
#2340=EDGE_CURVE('',#1868,#1830,#1567,.T.);
#2341=EDGE_CURVE('',#1833,#1869,#1047,.T.);
#2342=EDGE_CURVE('',#1869,#1868,#1048,.T.);
#2343=EDGE_CURVE('',#1870,#1832,#1049,.T.);
#2344=EDGE_CURVE('',#1831,#1871,#1050,.T.);
#2345=EDGE_CURVE('',#1871,#1870,#183,.T.);
#2346=EDGE_CURVE('',#1794,#1871,#1051,.T.);
#2347=EDGE_CURVE('',#1870,#1869,#184,.T.);
#2348=EDGE_CURVE('',#1872,#1830,#1052,.T.);
#2349=EDGE_CURVE('',#1813,#1872,#1053,.T.);
#2350=EDGE_CURVE('',#1868,#1873,#1054,.T.);
#2351=EDGE_CURVE('',#1873,#1872,#1568,.T.);
#2352=EDGE_CURVE('',#1874,#1870,#1055,.T.);
#2353=EDGE_CURVE('',#1873,#1874,#1056,.T.);
#2354=EDGE_CURVE('',#1871,#1875,#1057,.T.);
#2355=EDGE_CURVE('',#1875,#1874,#47,.T.);
#2356=EDGE_CURVE('',#1809,#1876,#1058,.T.);
#2357=EDGE_CURVE('',#1877,#1876,#1059,.T.);
#2358=EDGE_CURVE('',#1878,#1877,#1060,.T.);
#2359=EDGE_CURVE('',#1879,#1878,#1061,.T.);
#2360=EDGE_CURVE('',#1879,#1880,#1062,.T.);
#2361=EDGE_CURVE('',#1881,#1880,#1063,.T.);
#2362=EDGE_CURVE('',#1882,#1881,#1064,.T.);
#2363=EDGE_CURVE('',#1883,#1882,#1065,.T.);
#2364=EDGE_CURVE('',#1883,#1884,#1066,.T.);
#2365=EDGE_CURVE('',#1867,#1884,#1067,.T.);
#2366=EDGE_CURVE('',#1838,#1885,#1068,.T.);
#2367=EDGE_CURVE('',#1885,#1818,#185,.T.);
#2368=EDGE_CURVE('',#1867,#1886,#1569,.T.);
#2369=EDGE_CURVE('',#1886,#1836,#1069,.T.);
#2370=EDGE_CURVE('',#1887,#1837,#1070,.T.);
#2371=EDGE_CURVE('',#1886,#1887,#1071,.T.);
#2372=EDGE_CURVE('',#1887,#1885,#186,.T.);
#2373=EDGE_CURVE('',#1888,#1886,#1072,.T.);
#2374=EDGE_CURVE('',#1889,#1888,#1073,.T.);
#2375=EDGE_CURVE('',#1887,#1889,#1074,.T.);
#2376=EDGE_CURVE('',#1884,#1888,#1570,.T.);
#2377=EDGE_CURVE('',#1821,#1855,#1075,.T.);
#2378=EDGE_CURVE('',#1854,#1822,#1076,.T.);
#2379=EDGE_CURVE('',#1821,#1890,#187,.T.);
#2380=EDGE_CURVE('',#1890,#1856,#1077,.T.);
#2381=EDGE_CURVE('',#1853,#1891,#1078,.T.);
#2382=EDGE_CURVE('',#1891,#1822,#188,.T.);
#2383=EDGE_CURVE('',#1848,#1892,#1079,.T.);
#2384=EDGE_CURVE('',#1892,#1893,#1080,.T.);
#2385=EDGE_CURVE('',#1893,#1847,#1081,.T.);
#2386=EDGE_CURVE('',#1893,#1882,#1571,.T.);
#2387=EDGE_CURVE('',#1882,#1849,#1082,.T.);
#2388=EDGE_CURVE('',#1881,#1850,#1083,.T.);
#2389=EDGE_CURVE('',#1881,#1894,#1572,.T.);
#2390=EDGE_CURVE('',#1894,#1851,#1084,.T.);
#2391=EDGE_CURVE('',#1895,#1852,#1085,.T.);
#2392=EDGE_CURVE('',#1894,#1895,#1086,.T.);
#2393=EDGE_CURVE('',#1890,#1892,#189,.T.);
#2394=EDGE_CURVE('',#1895,#1891,#190,.T.);
#2395=EDGE_CURVE('',#1896,#1894,#1087,.T.);
#2396=EDGE_CURVE('',#1897,#1896,#1088,.T.);
#2397=EDGE_CURVE('',#1895,#1897,#1089,.T.);
#2398=EDGE_CURVE('',#1880,#1896,#1573,.T.);
#2399=EDGE_CURVE('',#1893,#1898,#1090,.T.);
#2400=EDGE_CURVE('',#1898,#1883,#1574,.T.);
#2401=EDGE_CURVE('',#1899,#1892,#1091,.T.);
#2402=EDGE_CURVE('',#1899,#1898,#1092,.T.);
#2403=EDGE_CURVE('',#1825,#1865,#1093,.T.);
#2404=EDGE_CURVE('',#1864,#1826,#1094,.T.);
#2405=EDGE_CURVE('',#1825,#1900,#191,.T.);
#2406=EDGE_CURVE('',#1900,#1866,#1095,.T.);
#2407=EDGE_CURVE('',#1863,#1901,#1096,.T.);
#2408=EDGE_CURVE('',#1901,#1826,#192,.T.);
#2409=EDGE_CURVE('',#1858,#1902,#1097,.T.);
#2410=EDGE_CURVE('',#1902,#1903,#1098,.T.);
#2411=EDGE_CURVE('',#1903,#1857,#1099,.T.);
#2412=EDGE_CURVE('',#1903,#1878,#1575,.T.);
#2413=EDGE_CURVE('',#1878,#1859,#1100,.T.);
#2414=EDGE_CURVE('',#1877,#1860,#1101,.T.);
#2415=EDGE_CURVE('',#1877,#1904,#1576,.T.);
#2416=EDGE_CURVE('',#1904,#1861,#1102,.T.);
#2417=EDGE_CURVE('',#1905,#1862,#1103,.T.);
#2418=EDGE_CURVE('',#1904,#1905,#1104,.T.);
#2419=EDGE_CURVE('',#1900,#1902,#193,.T.);
#2420=EDGE_CURVE('',#1905,#1901,#194,.T.);
#2421=EDGE_CURVE('',#1906,#1904,#1105,.T.);
#2422=EDGE_CURVE('',#1907,#1906,#1106,.T.);
#2423=EDGE_CURVE('',#1905,#1907,#1107,.T.);
#2424=EDGE_CURVE('',#1876,#1906,#1577,.T.);
#2425=EDGE_CURVE('',#1903,#1908,#1108,.T.);
#2426=EDGE_CURVE('',#1908,#1879,#1578,.T.);
#2427=EDGE_CURVE('',#1909,#1902,#1109,.T.);
#2428=EDGE_CURVE('',#1909,#1908,#1110,.T.);
#2429=EDGE_CURVE('',#1845,#1790,#195,.T.);
#2430=EDGE_CURVE('',#1844,#1786,#1111,.T.);
#2431=EDGE_CURVE('',#1846,#1789,#196,.T.);
#2432=EDGE_CURVE('',#1840,#1785,#197,.T.);
#2433=EDGE_CURVE('',#1772,#1839,#1112,.T.);
#2434=EDGE_CURVE('',#1841,#1784,#198,.T.);
#2435=EDGE_CURVE('',#1783,#1842,#1113,.T.);
#2436=EDGE_CURVE('',#1787,#1843,#1114,.T.);
#2437=EDGE_CURVE('',#1875,#1793,#1115,.T.);
#2438=EDGE_CURVE('',#1824,#1909,#48,.T.);
#2439=EDGE_CURVE('',#1820,#1899,#49,.T.);
#2440=EDGE_CURVE('',#1889,#1819,#50,.T.);
#2441=EDGE_CURVE('',#1897,#1823,#51,.T.);
#2442=EDGE_CURVE('',#1907,#1827,#52,.T.);
#2443=EDGE_CURVE('',#1910,#1792,#1116,.T.);
#2444=EDGE_CURVE('',#1910,#1911,#1117,.F.);
#2445=EDGE_CURVE('',#1911,#1912,#1579,.T.);
#2446=EDGE_CURVE('',#1912,#1913,#1118,.F.);
#2447=EDGE_CURVE('',#1914,#1913,#1119,.T.);
#2448=EDGE_CURVE('',#1914,#1915,#1120,.F.);
#2449=EDGE_CURVE('',#1915,#1916,#1580,.T.);
#2450=EDGE_CURVE('',#1916,#1815,#1121,.F.);
#2451=EDGE_CURVE('',#1780,#1917,#1122,.T.);
#2452=EDGE_CURVE('',#1918,#1917,#1123,.T.);
#2453=EDGE_CURVE('',#1914,#1918,#1124,.T.);
#2454=EDGE_CURVE('',#1919,#1913,#1125,.T.);
#2455=EDGE_CURVE('',#1920,#1919,#1126,.T.);
#2456=EDGE_CURVE('',#1781,#1920,#1127,.T.);
#2457=EDGE_CURVE('',#1782,#1921,#1128,.T.);
#2458=EDGE_CURVE('',#1922,#1921,#1129,.T.);
#2459=EDGE_CURVE('',#1910,#1922,#1130,.T.);
#2460=EDGE_CURVE('',#1923,#1923,#53,.F.);
#2461=EDGE_CURVE('',#1923,#1924,#1131,.T.);
#2462=EDGE_CURVE('',#1924,#1924,#1581,.T.);
#2463=EDGE_CURVE('',#1925,#1925,#54,.F.);
#2464=EDGE_CURVE('',#1925,#1926,#1132,.T.);
#2465=EDGE_CURVE('',#1926,#1926,#1582,.T.);
#2466=EDGE_CURVE('',#1921,#1920,#199,.T.);
#2467=EDGE_CURVE('',#1917,#1817,#200,.T.);
#2468=EDGE_CURVE('',#1918,#1927,#1133,.F.);
#2469=EDGE_CURVE('',#1927,#1915,#1134,.T.);
#2470=EDGE_CURVE('',#1928,#1816,#1135,.F.);
#2471=EDGE_CURVE('',#1927,#1928,#1583,.T.);
#2472=EDGE_CURVE('',#1928,#1916,#1136,.F.);
#2473=EDGE_CURVE('',#1929,#1912,#1137,.F.);
#2474=EDGE_CURVE('',#1929,#1919,#1138,.F.);
#2475=EDGE_CURVE('',#1930,#1929,#1584,.T.);
#2476=EDGE_CURVE('',#1930,#1911,#1139,.T.);
#2477=EDGE_CURVE('',#1922,#1930,#1140,.F.);
#2478=ORIENTED_EDGE('',*,*,#1931,.T.);
#2479=ORIENTED_EDGE('',*,*,#1932,.T.);
#2480=ORIENTED_EDGE('',*,*,#1933,.T.);
#2481=ORIENTED_EDGE('',*,*,#1934,.T.);
#2482=ORIENTED_EDGE('',*,*,#1932,.F.);
#2483=ORIENTED_EDGE('',*,*,#1935,.F.);
#2484=ORIENTED_EDGE('',*,*,#1936,.F.);
#2485=ORIENTED_EDGE('',*,*,#1937,.F.);
#2486=ORIENTED_EDGE('',*,*,#1935,.T.);
#2487=ORIENTED_EDGE('',*,*,#1931,.F.);
#2488=ORIENTED_EDGE('',*,*,#1938,.T.);
#2489=ORIENTED_EDGE('',*,*,#1939,.T.);
#2490=ORIENTED_EDGE('',*,*,#1940,.T.);
#2491=ORIENTED_EDGE('',*,*,#1941,.F.);
#2492=ORIENTED_EDGE('',*,*,#1942,.F.);
#2493=ORIENTED_EDGE('',*,*,#1943,.T.);
#2494=ORIENTED_EDGE('',*,*,#1944,.F.);
#2495=ORIENTED_EDGE('',*,*,#1934,.F.);
#2496=ORIENTED_EDGE('',*,*,#1945,.F.);
#2497=ORIENTED_EDGE('',*,*,#1946,.T.);
#2498=ORIENTED_EDGE('',*,*,#1938,.F.);
#2499=ORIENTED_EDGE('',*,*,#1947,.F.);
#2500=ORIENTED_EDGE('',*,*,#1948,.F.);
#2501=ORIENTED_EDGE('',*,*,#1949,.F.);
#2502=ORIENTED_EDGE('',*,*,#1950,.F.);
#2503=ORIENTED_EDGE('',*,*,#1951,.F.);
#2504=ORIENTED_EDGE('',*,*,#1939,.F.);
#2505=ORIENTED_EDGE('',*,*,#1946,.F.);
#2506=ORIENTED_EDGE('',*,*,#1952,.F.);
#2507=ORIENTED_EDGE('',*,*,#1953,.F.);
#2508=ORIENTED_EDGE('',*,*,#1954,.F.);
#2509=ORIENTED_EDGE('',*,*,#1955,.F.);
#2510=ORIENTED_EDGE('',*,*,#1956,.F.);
#2511=ORIENTED_EDGE('',*,*,#1951,.T.);
#2512=ORIENTED_EDGE('',*,*,#1957,.T.);
#2513=ORIENTED_EDGE('',*,*,#1958,.F.);
#2514=ORIENTED_EDGE('',*,*,#1940,.F.);
#2515=ORIENTED_EDGE('',*,*,#1950,.T.);
#2516=ORIENTED_EDGE('',*,*,#1959,.T.);
#2517=ORIENTED_EDGE('',*,*,#1960,.F.);
#2518=ORIENTED_EDGE('',*,*,#1961,.F.);
#2519=ORIENTED_EDGE('',*,*,#1962,.T.);
#2520=ORIENTED_EDGE('',*,*,#1963,.F.);
#2521=ORIENTED_EDGE('',*,*,#1964,.F.);
#2522=ORIENTED_EDGE('',*,*,#1957,.F.);
#2523=ORIENTED_EDGE('',*,*,#1949,.T.);
#2524=ORIENTED_EDGE('',*,*,#1965,.T.);
#2525=ORIENTED_EDGE('',*,*,#1966,.F.);
#2526=ORIENTED_EDGE('',*,*,#1959,.F.);
#2527=ORIENTED_EDGE('',*,*,#1948,.T.);
#2528=ORIENTED_EDGE('',*,*,#1967,.F.);
#2529=ORIENTED_EDGE('',*,*,#1968,.T.);
#2530=ORIENTED_EDGE('',*,*,#1969,.F.);
#2531=ORIENTED_EDGE('',*,*,#1970,.F.);
#2532=ORIENTED_EDGE('',*,*,#1965,.F.);
#2533=ORIENTED_EDGE('',*,*,#1947,.T.);
#2534=ORIENTED_EDGE('',*,*,#1971,.T.);
#2535=ORIENTED_EDGE('',*,*,#1972,.T.);
#2536=ORIENTED_EDGE('',*,*,#1973,.T.);
#2537=ORIENTED_EDGE('',*,*,#1974,.T.);
#2538=ORIENTED_EDGE('',*,*,#1975,.T.);
#2539=ORIENTED_EDGE('',*,*,#1976,.T.);
#2540=ORIENTED_EDGE('',*,*,#1967,.T.);
#2541=ORIENTED_EDGE('',*,*,#1977,.T.);
#2542=ORIENTED_EDGE('',*,*,#1978,.T.);
#2543=ORIENTED_EDGE('',*,*,#1979,.T.);
#2544=ORIENTED_EDGE('',*,*,#1956,.T.);
#2545=ORIENTED_EDGE('',*,*,#1980,.T.);
#2546=ORIENTED_EDGE('',*,*,#1981,.F.);
#2547=ORIENTED_EDGE('',*,*,#1971,.F.);
#2548=ORIENTED_EDGE('',*,*,#1979,.F.);
#2549=ORIENTED_EDGE('',*,*,#1982,.T.);
#2550=ORIENTED_EDGE('',*,*,#1983,.T.);
#2551=ORIENTED_EDGE('',*,*,#1982,.F.);
#2552=ORIENTED_EDGE('',*,*,#1983,.F.);
#2553=ORIENTED_EDGE('',*,*,#1984,.F.);
#2554=ORIENTED_EDGE('',*,*,#1985,.T.);
#2555=ORIENTED_EDGE('',*,*,#1986,.T.);
#2556=ORIENTED_EDGE('',*,*,#1985,.F.);
#2557=ORIENTED_EDGE('',*,*,#1986,.F.);
#2558=ORIENTED_EDGE('',*,*,#1987,.F.);
#2559=ORIENTED_EDGE('',*,*,#1988,.T.);
#2560=ORIENTED_EDGE('',*,*,#1989,.T.);
#2561=ORIENTED_EDGE('',*,*,#1988,.F.);
#2562=ORIENTED_EDGE('',*,*,#1989,.F.);
#2563=ORIENTED_EDGE('',*,*,#1990,.F.);
#2564=ORIENTED_EDGE('',*,*,#1991,.T.);
#2565=ORIENTED_EDGE('',*,*,#1992,.T.);
#2566=ORIENTED_EDGE('',*,*,#1991,.F.);
#2567=ORIENTED_EDGE('',*,*,#1992,.F.);
#2568=ORIENTED_EDGE('',*,*,#1993,.F.);
#2569=ORIENTED_EDGE('',*,*,#1994,.T.);
#2570=ORIENTED_EDGE('',*,*,#1995,.T.);
#2571=ORIENTED_EDGE('',*,*,#1994,.F.);
#2572=ORIENTED_EDGE('',*,*,#1995,.F.);
#2573=ORIENTED_EDGE('',*,*,#1978,.F.);
#2574=ORIENTED_EDGE('',*,*,#1996,.T.);
#2575=ORIENTED_EDGE('',*,*,#1997,.T.);
#2576=ORIENTED_EDGE('',*,*,#1996,.F.);
#2577=ORIENTED_EDGE('',*,*,#1997,.F.);
#2578=ORIENTED_EDGE('',*,*,#1977,.F.);
#2579=ORIENTED_EDGE('',*,*,#1998,.T.);
#2580=ORIENTED_EDGE('',*,*,#1999,.T.);
#2581=ORIENTED_EDGE('',*,*,#1998,.F.);
#2582=ORIENTED_EDGE('',*,*,#1999,.F.);
#2583=ORIENTED_EDGE('',*,*,#1964,.T.);
#2584=ORIENTED_EDGE('',*,*,#2000,.F.);
#2585=ORIENTED_EDGE('',*,*,#2001,.F.);
#2586=ORIENTED_EDGE('',*,*,#2002,.F.);
#2587=ORIENTED_EDGE('',*,*,#1941,.T.);
#2588=ORIENTED_EDGE('',*,*,#1958,.T.);
#2589=ORIENTED_EDGE('',*,*,#2003,.T.);
#2590=ORIENTED_EDGE('',*,*,#1942,.T.);
#2591=ORIENTED_EDGE('',*,*,#2002,.T.);
#2592=ORIENTED_EDGE('',*,*,#2004,.T.);
#2593=ORIENTED_EDGE('',*,*,#2005,.F.);
#2594=ORIENTED_EDGE('',*,*,#2001,.T.);
#2595=ORIENTED_EDGE('',*,*,#2006,.T.);
#2596=ORIENTED_EDGE('',*,*,#2007,.F.);
#2597=ORIENTED_EDGE('',*,*,#2004,.F.);
#2598=ORIENTED_EDGE('',*,*,#1963,.T.);
#2599=ORIENTED_EDGE('',*,*,#2008,.F.);
#2600=ORIENTED_EDGE('',*,*,#2006,.F.);
#2601=ORIENTED_EDGE('',*,*,#2000,.T.);
#2602=ORIENTED_EDGE('',*,*,#1970,.T.);
#2603=ORIENTED_EDGE('',*,*,#2009,.F.);
#2604=ORIENTED_EDGE('',*,*,#2010,.F.);
#2605=ORIENTED_EDGE('',*,*,#2011,.F.);
#2606=ORIENTED_EDGE('',*,*,#1960,.T.);
#2607=ORIENTED_EDGE('',*,*,#1966,.T.);
#2608=ORIENTED_EDGE('',*,*,#2012,.T.);
#2609=ORIENTED_EDGE('',*,*,#1961,.T.);
#2610=ORIENTED_EDGE('',*,*,#2011,.T.);
#2611=ORIENTED_EDGE('',*,*,#2013,.T.);
#2612=ORIENTED_EDGE('',*,*,#2014,.F.);
#2613=ORIENTED_EDGE('',*,*,#2010,.T.);
#2614=ORIENTED_EDGE('',*,*,#2015,.T.);
#2615=ORIENTED_EDGE('',*,*,#2016,.F.);
#2616=ORIENTED_EDGE('',*,*,#2013,.F.);
#2617=ORIENTED_EDGE('',*,*,#1969,.T.);
#2618=ORIENTED_EDGE('',*,*,#2017,.F.);
#2619=ORIENTED_EDGE('',*,*,#2015,.F.);
#2620=ORIENTED_EDGE('',*,*,#2009,.T.);
#2621=ORIENTED_EDGE('',*,*,#2018,.F.);
#2622=ORIENTED_EDGE('',*,*,#2012,.F.);
#2623=ORIENTED_EDGE('',*,*,#2019,.T.);
#2624=ORIENTED_EDGE('',*,*,#2018,.T.);
#2625=ORIENTED_EDGE('',*,*,#2019,.F.);
#2626=ORIENTED_EDGE('',*,*,#2020,.F.);
#2627=ORIENTED_EDGE('',*,*,#2003,.F.);
#2628=ORIENTED_EDGE('',*,*,#2021,.T.);
#2629=ORIENTED_EDGE('',*,*,#2020,.T.);
#2630=ORIENTED_EDGE('',*,*,#2021,.F.);
#2631=ORIENTED_EDGE('',*,*,#2022,.F.);
#2632=ORIENTED_EDGE('',*,*,#2023,.F.);
#2633=ORIENTED_EDGE('',*,*,#2024,.F.);
#2634=ORIENTED_EDGE('',*,*,#2025,.F.);
#2635=ORIENTED_EDGE('',*,*,#2026,.F.);
#2636=ORIENTED_EDGE('',*,*,#2027,.F.);
#2637=ORIENTED_EDGE('',*,*,#2028,.T.);
#2638=ORIENTED_EDGE('',*,*,#2029,.F.);
#2639=ORIENTED_EDGE('',*,*,#2030,.F.);
#2640=ORIENTED_EDGE('',*,*,#2031,.F.);
#2641=ORIENTED_EDGE('',*,*,#2032,.F.);
#2642=ORIENTED_EDGE('',*,*,#2033,.F.);
#2643=ORIENTED_EDGE('',*,*,#2034,.F.);
#2644=ORIENTED_EDGE('',*,*,#2035,.F.);
#2645=ORIENTED_EDGE('',*,*,#2036,.T.);
#2646=ORIENTED_EDGE('',*,*,#2037,.F.);
#2647=ORIENTED_EDGE('',*,*,#2038,.F.);
#2648=ORIENTED_EDGE('',*,*,#2039,.T.);
#2649=ORIENTED_EDGE('',*,*,#2027,.T.);
#2650=ORIENTED_EDGE('',*,*,#2040,.T.);
#2651=ORIENTED_EDGE('',*,*,#2041,.F.);
#2652=ORIENTED_EDGE('',*,*,#2042,.F.);
#2653=ORIENTED_EDGE('',*,*,#2043,.T.);
#2654=ORIENTED_EDGE('',*,*,#2035,.T.);
#2655=ORIENTED_EDGE('',*,*,#2044,.T.);
#2656=ORIENTED_EDGE('',*,*,#2045,.F.);
#2657=ORIENTED_EDGE('',*,*,#2046,.F.);
#2658=ORIENTED_EDGE('',*,*,#2047,.F.);
#2659=ORIENTED_EDGE('',*,*,#2048,.F.);
#2660=ORIENTED_EDGE('',*,*,#2049,.F.);
#2661=ORIENTED_EDGE('',*,*,#2044,.F.);
#2662=ORIENTED_EDGE('',*,*,#2034,.T.);
#2663=ORIENTED_EDGE('',*,*,#2050,.F.);
#2664=ORIENTED_EDGE('',*,*,#2051,.F.);
#2665=ORIENTED_EDGE('',*,*,#2040,.F.);
#2666=ORIENTED_EDGE('',*,*,#2026,.T.);
#2667=ORIENTED_EDGE('',*,*,#2052,.F.);
#2668=ORIENTED_EDGE('',*,*,#2053,.F.);
#2669=ORIENTED_EDGE('',*,*,#2054,.F.);
#2670=ORIENTED_EDGE('',*,*,#2048,.T.);
#2671=ORIENTED_EDGE('',*,*,#2055,.T.);
#2672=ORIENTED_EDGE('',*,*,#2056,.T.);
#2673=ORIENTED_EDGE('',*,*,#2057,.F.);
#2674=ORIENTED_EDGE('',*,*,#2058,.F.);
#2675=ORIENTED_EDGE('',*,*,#2050,.T.);
#2676=ORIENTED_EDGE('',*,*,#2033,.T.);
#2677=ORIENTED_EDGE('',*,*,#2059,.T.);
#2678=ORIENTED_EDGE('',*,*,#2060,.F.);
#2679=ORIENTED_EDGE('',*,*,#2061,.F.);
#2680=ORIENTED_EDGE('',*,*,#2052,.T.);
#2681=ORIENTED_EDGE('',*,*,#2025,.T.);
#2682=ORIENTED_EDGE('',*,*,#2062,.T.);
#2683=ORIENTED_EDGE('',*,*,#2063,.F.);
#2684=ORIENTED_EDGE('',*,*,#2064,.F.);
#2685=ORIENTED_EDGE('',*,*,#2065,.T.);
#2686=ORIENTED_EDGE('',*,*,#2066,.T.);
#2687=ORIENTED_EDGE('',*,*,#2067,.T.);
#2688=ORIENTED_EDGE('',*,*,#2068,.F.);
#2689=ORIENTED_EDGE('',*,*,#2067,.F.);
#2690=ORIENTED_EDGE('',*,*,#2069,.F.);
#2691=ORIENTED_EDGE('',*,*,#2070,.F.);
#2692=ORIENTED_EDGE('',*,*,#2071,.F.);
#2693=ORIENTED_EDGE('',*,*,#2072,.F.);
#2694=ORIENTED_EDGE('',*,*,#2070,.T.);
#2695=ORIENTED_EDGE('',*,*,#2073,.T.);
#2696=ORIENTED_EDGE('',*,*,#2074,.T.);
#2697=ORIENTED_EDGE('',*,*,#1955,.T.);
#2698=ORIENTED_EDGE('',*,*,#2075,.T.);
#2699=ORIENTED_EDGE('',*,*,#2076,.F.);
#2700=ORIENTED_EDGE('',*,*,#1980,.F.);
#2701=ORIENTED_EDGE('',*,*,#1954,.T.);
#2702=ORIENTED_EDGE('',*,*,#2077,.T.);
#2703=ORIENTED_EDGE('',*,*,#2078,.F.);
#2704=ORIENTED_EDGE('',*,*,#2079,.F.);
#2705=ORIENTED_EDGE('',*,*,#2075,.F.);
#2706=ORIENTED_EDGE('',*,*,#1953,.T.);
#2707=ORIENTED_EDGE('',*,*,#2080,.T.);
#2708=ORIENTED_EDGE('',*,*,#2081,.F.);
#2709=ORIENTED_EDGE('',*,*,#2082,.F.);
#2710=ORIENTED_EDGE('',*,*,#2077,.F.);
#2711=ORIENTED_EDGE('',*,*,#2083,.F.);
#2712=ORIENTED_EDGE('',*,*,#2079,.T.);
#2713=ORIENTED_EDGE('',*,*,#2084,.F.);
#2714=ORIENTED_EDGE('',*,*,#2085,.T.);
#2715=ORIENTED_EDGE('',*,*,#1972,.F.);
#2716=ORIENTED_EDGE('',*,*,#1981,.T.);
#2717=ORIENTED_EDGE('',*,*,#2086,.F.);
#2718=ORIENTED_EDGE('',*,*,#2087,.T.);
#2719=ORIENTED_EDGE('',*,*,#2083,.T.);
#2720=ORIENTED_EDGE('',*,*,#2088,.T.);
#2721=ORIENTED_EDGE('',*,*,#2086,.T.);
#2722=ORIENTED_EDGE('',*,*,#2076,.T.);
#2723=ORIENTED_EDGE('',*,*,#2089,.T.);
#2724=ORIENTED_EDGE('',*,*,#2081,.T.);
#2725=ORIENTED_EDGE('',*,*,#2090,.F.);
#2726=ORIENTED_EDGE('',*,*,#2091,.T.);
#2727=ORIENTED_EDGE('',*,*,#2092,.T.);
#2728=ORIENTED_EDGE('',*,*,#2093,.T.);
#2729=ORIENTED_EDGE('',*,*,#2084,.T.);
#2730=ORIENTED_EDGE('',*,*,#2078,.T.);
#2731=ORIENTED_EDGE('',*,*,#2089,.F.);
#2732=ORIENTED_EDGE('',*,*,#2094,.T.);
#2733=ORIENTED_EDGE('',*,*,#2092,.F.);
#2734=ORIENTED_EDGE('',*,*,#2082,.T.);
#2735=ORIENTED_EDGE('',*,*,#2095,.F.);
#2736=ORIENTED_EDGE('',*,*,#2062,.F.);
#2737=ORIENTED_EDGE('',*,*,#2024,.T.);
#2738=ORIENTED_EDGE('',*,*,#2096,.F.);
#2739=ORIENTED_EDGE('',*,*,#2097,.F.);
#2740=ORIENTED_EDGE('',*,*,#2096,.T.);
#2741=ORIENTED_EDGE('',*,*,#2023,.T.);
#2742=ORIENTED_EDGE('',*,*,#2098,.T.);
#2743=ORIENTED_EDGE('',*,*,#2099,.F.);
#2744=ORIENTED_EDGE('',*,*,#2100,.T.);
#2745=ORIENTED_EDGE('',*,*,#2101,.F.);
#2746=ORIENTED_EDGE('',*,*,#2063,.T.);
#2747=ORIENTED_EDGE('',*,*,#2102,.F.);
#2748=ORIENTED_EDGE('',*,*,#2103,.T.);
#2749=ORIENTED_EDGE('',*,*,#2104,.F.);
#2750=ORIENTED_EDGE('',*,*,#2105,.T.);
#2751=ORIENTED_EDGE('',*,*,#2106,.F.);
#2752=ORIENTED_EDGE('',*,*,#2097,.T.);
#2753=ORIENTED_EDGE('',*,*,#2104,.T.);
#2754=ORIENTED_EDGE('',*,*,#2107,.T.);
#2755=ORIENTED_EDGE('',*,*,#2099,.T.);
#2756=ORIENTED_EDGE('',*,*,#2095,.T.);
#2757=ORIENTED_EDGE('',*,*,#2106,.T.);
#2758=ORIENTED_EDGE('',*,*,#2108,.T.);
#2759=ORIENTED_EDGE('',*,*,#2109,.F.);
#2760=ORIENTED_EDGE('',*,*,#2061,.T.);
#2761=ORIENTED_EDGE('',*,*,#2101,.T.);
#2762=ORIENTED_EDGE('',*,*,#2110,.T.);
#2763=ORIENTED_EDGE('',*,*,#2111,.F.);
#2764=ORIENTED_EDGE('',*,*,#2053,.T.);
#2765=ORIENTED_EDGE('',*,*,#2109,.T.);
#2766=ORIENTED_EDGE('',*,*,#2112,.T.);
#2767=ORIENTED_EDGE('',*,*,#2113,.F.);
#2768=ORIENTED_EDGE('',*,*,#2059,.F.);
#2769=ORIENTED_EDGE('',*,*,#2032,.T.);
#2770=ORIENTED_EDGE('',*,*,#2114,.F.);
#2771=ORIENTED_EDGE('',*,*,#2115,.F.);
#2772=ORIENTED_EDGE('',*,*,#2114,.T.);
#2773=ORIENTED_EDGE('',*,*,#2031,.T.);
#2774=ORIENTED_EDGE('',*,*,#2116,.T.);
#2775=ORIENTED_EDGE('',*,*,#2117,.F.);
#2776=ORIENTED_EDGE('',*,*,#2118,.T.);
#2777=ORIENTED_EDGE('',*,*,#2029,.T.);
#2778=ORIENTED_EDGE('',*,*,#2119,.T.);
#2779=ORIENTED_EDGE('',*,*,#2120,.F.);
#2780=ORIENTED_EDGE('',*,*,#2119,.F.);
#2781=ORIENTED_EDGE('',*,*,#2028,.F.);
#2782=ORIENTED_EDGE('',*,*,#2039,.F.);
#2783=ORIENTED_EDGE('',*,*,#2121,.F.);
#2784=ORIENTED_EDGE('',*,*,#2122,.T.);
#2785=ORIENTED_EDGE('',*,*,#2123,.F.);
#2786=ORIENTED_EDGE('',*,*,#2038,.T.);
#2787=ORIENTED_EDGE('',*,*,#2124,.F.);
#2788=ORIENTED_EDGE('',*,*,#2125,.T.);
#2789=ORIENTED_EDGE('',*,*,#2126,.F.);
#2790=ORIENTED_EDGE('',*,*,#2060,.T.);
#2791=ORIENTED_EDGE('',*,*,#2123,.T.);
#2792=ORIENTED_EDGE('',*,*,#2127,.T.);
#2793=ORIENTED_EDGE('',*,*,#2128,.F.);
#2794=ORIENTED_EDGE('',*,*,#2120,.T.);
#2795=ORIENTED_EDGE('',*,*,#2129,.F.);
#2796=ORIENTED_EDGE('',*,*,#2117,.T.);
#2797=ORIENTED_EDGE('',*,*,#2128,.T.);
#2798=ORIENTED_EDGE('',*,*,#2130,.T.);
#2799=ORIENTED_EDGE('',*,*,#2129,.T.);
#2800=ORIENTED_EDGE('',*,*,#2131,.T.);
#2801=ORIENTED_EDGE('',*,*,#2132,.F.);
#2802=ORIENTED_EDGE('',*,*,#2133,.T.);
#2803=ORIENTED_EDGE('',*,*,#2134,.F.);
#2804=ORIENTED_EDGE('',*,*,#2115,.T.);
#2805=ORIENTED_EDGE('',*,*,#2132,.T.);
#2806=ORIENTED_EDGE('',*,*,#2135,.T.);
#2807=ORIENTED_EDGE('',*,*,#2124,.T.);
#2808=ORIENTED_EDGE('',*,*,#2113,.T.);
#2809=ORIENTED_EDGE('',*,*,#2134,.T.);
#2810=ORIENTED_EDGE('',*,*,#2136,.T.);
#2811=ORIENTED_EDGE('',*,*,#2121,.T.);
#2812=ORIENTED_EDGE('',*,*,#2041,.T.);
#2813=ORIENTED_EDGE('',*,*,#2137,.F.);
#2814=ORIENTED_EDGE('',*,*,#2138,.T.);
#2815=ORIENTED_EDGE('',*,*,#2139,.F.);
#2816=ORIENTED_EDGE('',*,*,#2058,.T.);
#2817=ORIENTED_EDGE('',*,*,#2126,.T.);
#2818=ORIENTED_EDGE('',*,*,#2140,.T.);
#2819=ORIENTED_EDGE('',*,*,#2139,.T.);
#2820=ORIENTED_EDGE('',*,*,#2141,.T.);
#2821=ORIENTED_EDGE('',*,*,#2137,.T.);
#2822=ORIENTED_EDGE('',*,*,#2051,.T.);
#2823=ORIENTED_EDGE('',*,*,#2142,.F.);
#2824=ORIENTED_EDGE('',*,*,#2056,.F.);
#2825=ORIENTED_EDGE('',*,*,#2143,.F.);
#2826=ORIENTED_EDGE('',*,*,#2144,.F.);
#2827=ORIENTED_EDGE('',*,*,#2145,.F.);
#2828=ORIENTED_EDGE('',*,*,#2144,.T.);
#2829=ORIENTED_EDGE('',*,*,#2146,.T.);
#2830=ORIENTED_EDGE('',*,*,#2147,.T.);
#2831=ORIENTED_EDGE('',*,*,#2148,.F.);
#2832=ORIENTED_EDGE('',*,*,#2149,.T.);
#2833=ORIENTED_EDGE('',*,*,#2037,.T.);
#2834=ORIENTED_EDGE('',*,*,#2150,.T.);
#2835=ORIENTED_EDGE('',*,*,#2151,.F.);
#2836=ORIENTED_EDGE('',*,*,#2150,.F.);
#2837=ORIENTED_EDGE('',*,*,#2036,.F.);
#2838=ORIENTED_EDGE('',*,*,#2043,.F.);
#2839=ORIENTED_EDGE('',*,*,#2152,.F.);
#2840=ORIENTED_EDGE('',*,*,#2153,.T.);
#2841=ORIENTED_EDGE('',*,*,#2154,.F.);
#2842=ORIENTED_EDGE('',*,*,#2042,.T.);
#2843=ORIENTED_EDGE('',*,*,#2155,.F.);
#2844=ORIENTED_EDGE('',*,*,#2156,.T.);
#2845=ORIENTED_EDGE('',*,*,#2157,.F.);
#2846=ORIENTED_EDGE('',*,*,#2057,.T.);
#2847=ORIENTED_EDGE('',*,*,#2154,.T.);
#2848=ORIENTED_EDGE('',*,*,#2158,.T.);
#2849=ORIENTED_EDGE('',*,*,#2159,.F.);
#2850=ORIENTED_EDGE('',*,*,#2151,.T.);
#2851=ORIENTED_EDGE('',*,*,#2160,.F.);
#2852=ORIENTED_EDGE('',*,*,#2148,.T.);
#2853=ORIENTED_EDGE('',*,*,#2159,.T.);
#2854=ORIENTED_EDGE('',*,*,#2161,.T.);
#2855=ORIENTED_EDGE('',*,*,#2160,.T.);
#2856=ORIENTED_EDGE('',*,*,#2162,.T.);
#2857=ORIENTED_EDGE('',*,*,#2163,.F.);
#2858=ORIENTED_EDGE('',*,*,#2164,.T.);
#2859=ORIENTED_EDGE('',*,*,#2165,.F.);
#2860=ORIENTED_EDGE('',*,*,#2145,.T.);
#2861=ORIENTED_EDGE('',*,*,#2163,.T.);
#2862=ORIENTED_EDGE('',*,*,#2166,.T.);
#2863=ORIENTED_EDGE('',*,*,#2155,.T.);
#2864=ORIENTED_EDGE('',*,*,#2142,.T.);
#2865=ORIENTED_EDGE('',*,*,#2165,.T.);
#2866=ORIENTED_EDGE('',*,*,#2167,.T.);
#2867=ORIENTED_EDGE('',*,*,#2152,.T.);
#2868=ORIENTED_EDGE('',*,*,#2045,.T.);
#2869=ORIENTED_EDGE('',*,*,#2168,.F.);
#2870=ORIENTED_EDGE('',*,*,#2169,.T.);
#2871=ORIENTED_EDGE('',*,*,#2170,.F.);
#2872=ORIENTED_EDGE('',*,*,#2054,.T.);
#2873=ORIENTED_EDGE('',*,*,#2157,.T.);
#2874=ORIENTED_EDGE('',*,*,#2171,.T.);
#2875=ORIENTED_EDGE('',*,*,#2170,.T.);
#2876=ORIENTED_EDGE('',*,*,#2172,.T.);
#2877=ORIENTED_EDGE('',*,*,#2168,.T.);
#2878=ORIENTED_EDGE('',*,*,#2049,.T.);
#2879=ORIENTED_EDGE('',*,*,#1973,.F.);
#2880=ORIENTED_EDGE('',*,*,#2087,.F.);
#2881=ORIENTED_EDGE('',*,*,#2088,.F.);
#2882=ORIENTED_EDGE('',*,*,#2085,.F.);
#2883=ORIENTED_EDGE('',*,*,#2093,.F.);
#2884=ORIENTED_EDGE('',*,*,#2094,.F.);
#2885=ORIENTED_EDGE('',*,*,#2091,.F.);
#2886=ORIENTED_EDGE('',*,*,#2173,.F.);
#2887=ORIENTED_EDGE('',*,*,#2174,.F.);
#2888=ORIENTED_EDGE('',*,*,#2112,.F.);
#2889=ORIENTED_EDGE('',*,*,#2110,.F.);
#2890=ORIENTED_EDGE('',*,*,#2100,.F.);
#2891=ORIENTED_EDGE('',*,*,#2108,.F.);
#2892=ORIENTED_EDGE('',*,*,#2107,.F.);
#2893=ORIENTED_EDGE('',*,*,#2103,.F.);
#2894=ORIENTED_EDGE('',*,*,#2175,.F.);
#2895=ORIENTED_EDGE('',*,*,#2176,.F.);
#2896=ORIENTED_EDGE('',*,*,#2177,.F.);
#2897=ORIENTED_EDGE('',*,*,#2178,.F.);
#2898=ORIENTED_EDGE('',*,*,#2179,.F.);
#2899=ORIENTED_EDGE('',*,*,#2180,.F.);
#2900=ORIENTED_EDGE('',*,*,#2181,.F.);
#2901=ORIENTED_EDGE('',*,*,#2167,.F.);
#2902=ORIENTED_EDGE('',*,*,#2166,.F.);
#2903=ORIENTED_EDGE('',*,*,#2162,.F.);
#2904=ORIENTED_EDGE('',*,*,#2161,.F.);
#2905=ORIENTED_EDGE('',*,*,#2158,.F.);
#2906=ORIENTED_EDGE('',*,*,#2153,.F.);
#2907=ORIENTED_EDGE('',*,*,#2169,.F.);
#2908=ORIENTED_EDGE('',*,*,#2172,.F.);
#2909=ORIENTED_EDGE('',*,*,#2171,.F.);
#2910=ORIENTED_EDGE('',*,*,#2156,.F.);
#2911=ORIENTED_EDGE('',*,*,#2136,.F.);
#2912=ORIENTED_EDGE('',*,*,#2135,.F.);
#2913=ORIENTED_EDGE('',*,*,#2131,.F.);
#2914=ORIENTED_EDGE('',*,*,#2130,.F.);
#2915=ORIENTED_EDGE('',*,*,#2127,.F.);
#2916=ORIENTED_EDGE('',*,*,#2122,.F.);
#2917=ORIENTED_EDGE('',*,*,#2138,.F.);
#2918=ORIENTED_EDGE('',*,*,#2141,.F.);
#2919=ORIENTED_EDGE('',*,*,#2140,.F.);
#2920=ORIENTED_EDGE('',*,*,#2125,.F.);
#2921=ORIENTED_EDGE('',*,*,#2182,.F.);
#2922=ORIENTED_EDGE('',*,*,#2071,.T.);
#2923=ORIENTED_EDGE('',*,*,#2183,.F.);
#2924=ORIENTED_EDGE('',*,*,#2179,.T.);
#2925=ORIENTED_EDGE('',*,*,#2183,.T.);
#2926=ORIENTED_EDGE('',*,*,#2072,.T.);
#2927=ORIENTED_EDGE('',*,*,#2184,.F.);
#2928=ORIENTED_EDGE('',*,*,#2180,.T.);
#2929=ORIENTED_EDGE('',*,*,#2185,.F.);
#2930=ORIENTED_EDGE('',*,*,#2064,.T.);
#2931=ORIENTED_EDGE('',*,*,#2186,.F.);
#2932=ORIENTED_EDGE('',*,*,#2177,.T.);
#2933=ORIENTED_EDGE('',*,*,#2187,.F.);
#2934=ORIENTED_EDGE('',*,*,#2188,.T.);
#2935=ORIENTED_EDGE('',*,*,#2185,.T.);
#2936=ORIENTED_EDGE('',*,*,#2176,.T.);
#2937=ORIENTED_EDGE('',*,*,#2182,.T.);
#2938=ORIENTED_EDGE('',*,*,#2178,.T.);
#2939=ORIENTED_EDGE('',*,*,#2186,.T.);
#2940=ORIENTED_EDGE('',*,*,#2068,.T.);
#2941=ORIENTED_EDGE('',*,*,#2189,.F.);
#2942=ORIENTED_EDGE('',*,*,#2105,.F.);
#2943=ORIENTED_EDGE('',*,*,#2098,.F.);
#2944=ORIENTED_EDGE('',*,*,#2022,.T.);
#2945=ORIENTED_EDGE('',*,*,#2118,.F.);
#2946=ORIENTED_EDGE('',*,*,#2133,.F.);
#2947=ORIENTED_EDGE('',*,*,#2116,.F.);
#2948=ORIENTED_EDGE('',*,*,#2030,.T.);
#2949=ORIENTED_EDGE('',*,*,#2149,.F.);
#2950=ORIENTED_EDGE('',*,*,#2164,.F.);
#2951=ORIENTED_EDGE('',*,*,#2147,.F.);
#2952=ORIENTED_EDGE('',*,*,#2190,.T.);
#2953=ORIENTED_EDGE('',*,*,#1976,.F.);
#2954=ORIENTED_EDGE('',*,*,#2191,.T.);
#2955=ORIENTED_EDGE('',*,*,#2073,.F.);
#2956=ORIENTED_EDGE('',*,*,#2069,.T.);
#2957=ORIENTED_EDGE('',*,*,#2066,.F.);
#2958=ORIENTED_EDGE('',*,*,#2192,.T.);
#2959=ORIENTED_EDGE('',*,*,#2193,.F.);
#2960=ORIENTED_EDGE('',*,*,#2190,.F.);
#2961=ORIENTED_EDGE('',*,*,#2146,.F.);
#2962=ORIENTED_EDGE('',*,*,#2143,.T.);
#2963=ORIENTED_EDGE('',*,*,#2055,.F.);
#2964=ORIENTED_EDGE('',*,*,#2047,.T.);
#2965=ORIENTED_EDGE('',*,*,#2194,.F.);
#2966=ORIENTED_EDGE('',*,*,#1943,.F.);
#2967=ORIENTED_EDGE('',*,*,#2005,.T.);
#2968=ORIENTED_EDGE('',*,*,#2007,.T.);
#2969=ORIENTED_EDGE('',*,*,#2008,.T.);
#2970=ORIENTED_EDGE('',*,*,#1962,.F.);
#2971=ORIENTED_EDGE('',*,*,#2014,.T.);
#2972=ORIENTED_EDGE('',*,*,#2016,.T.);
#2973=ORIENTED_EDGE('',*,*,#2017,.T.);
#2974=ORIENTED_EDGE('',*,*,#1968,.F.);
#2975=ORIENTED_EDGE('',*,*,#2195,.F.);
#2976=ORIENTED_EDGE('',*,*,#2192,.F.);
#2977=ORIENTED_EDGE('',*,*,#2065,.F.);
#2978=ORIENTED_EDGE('',*,*,#2188,.F.);
#2979=ORIENTED_EDGE('',*,*,#2196,.F.);
#2980=ORIENTED_EDGE('',*,*,#2173,.T.);
#2981=ORIENTED_EDGE('',*,*,#2090,.T.);
#2982=ORIENTED_EDGE('',*,*,#2197,.T.);
#2983=ORIENTED_EDGE('',*,*,#1937,.T.);
#2984=ORIENTED_EDGE('',*,*,#2198,.F.);
#2985=ORIENTED_EDGE('',*,*,#2197,.F.);
#2986=ORIENTED_EDGE('',*,*,#2080,.F.);
#2987=ORIENTED_EDGE('',*,*,#1952,.T.);
#2988=ORIENTED_EDGE('',*,*,#1945,.T.);
#2989=ORIENTED_EDGE('',*,*,#1933,.F.);
#2990=ORIENTED_EDGE('',*,*,#1974,.F.);
#2991=ORIENTED_EDGE('',*,*,#2181,.T.);
#2992=ORIENTED_EDGE('',*,*,#2184,.T.);
#2993=ORIENTED_EDGE('',*,*,#2199,.T.);
#2994=ORIENTED_EDGE('',*,*,#1975,.F.);
#2995=ORIENTED_EDGE('',*,*,#2199,.F.);
#2996=ORIENTED_EDGE('',*,*,#2074,.F.);
#2997=ORIENTED_EDGE('',*,*,#2191,.F.);
#2998=ORIENTED_EDGE('',*,*,#1936,.T.);
#2999=ORIENTED_EDGE('',*,*,#1944,.T.);
#3000=ORIENTED_EDGE('',*,*,#2194,.T.);
#3001=ORIENTED_EDGE('',*,*,#2046,.T.);
#3002=ORIENTED_EDGE('',*,*,#2111,.T.);
#3003=ORIENTED_EDGE('',*,*,#2174,.T.);
#3004=ORIENTED_EDGE('',*,*,#2196,.T.);
#3005=ORIENTED_EDGE('',*,*,#2198,.T.);
#3006=ORIENTED_EDGE('',*,*,#1984,.T.);
#3007=ORIENTED_EDGE('',*,*,#1987,.T.);
#3008=ORIENTED_EDGE('',*,*,#1993,.T.);
#3009=ORIENTED_EDGE('',*,*,#2189,.T.);
#3010=ORIENTED_EDGE('',*,*,#2193,.T.);
#3011=ORIENTED_EDGE('',*,*,#2195,.T.);
#3012=ORIENTED_EDGE('',*,*,#2187,.T.);
#3013=ORIENTED_EDGE('',*,*,#2175,.T.);
#3014=ORIENTED_EDGE('',*,*,#2102,.T.);
#3015=ORIENTED_EDGE('',*,*,#1990,.T.);
#3016=ORIENTED_EDGE('',*,*,#2200,.T.);
#3017=ORIENTED_EDGE('',*,*,#2201,.T.);
#3018=ORIENTED_EDGE('',*,*,#2202,.T.);
#3019=ORIENTED_EDGE('',*,*,#2203,.T.);
#3020=ORIENTED_EDGE('',*,*,#2201,.F.);
#3021=ORIENTED_EDGE('',*,*,#2204,.F.);
#3022=ORIENTED_EDGE('',*,*,#2205,.F.);
#3023=ORIENTED_EDGE('',*,*,#2206,.F.);
#3024=ORIENTED_EDGE('',*,*,#2205,.T.);
#3025=ORIENTED_EDGE('',*,*,#2207,.F.);
#3026=ORIENTED_EDGE('',*,*,#2208,.F.);
#3027=ORIENTED_EDGE('',*,*,#2209,.F.);
#3028=ORIENTED_EDGE('',*,*,#2210,.F.);
#3029=ORIENTED_EDGE('',*,*,#2211,.F.);
#3030=ORIENTED_EDGE('',*,*,#2212,.F.);
#3031=ORIENTED_EDGE('',*,*,#2213,.F.);
#3032=ORIENTED_EDGE('',*,*,#2214,.T.);
#3033=ORIENTED_EDGE('',*,*,#2215,.T.);
#3034=ORIENTED_EDGE('',*,*,#2216,.T.);
#3035=ORIENTED_EDGE('',*,*,#2204,.T.);
#3036=ORIENTED_EDGE('',*,*,#2200,.F.);
#3037=ORIENTED_EDGE('',*,*,#2217,.T.);
#3038=ORIENTED_EDGE('',*,*,#2218,.T.);
#3039=ORIENTED_EDGE('',*,*,#2219,.T.);
#3040=ORIENTED_EDGE('',*,*,#2220,.F.);
#3041=ORIENTED_EDGE('',*,*,#2207,.T.);
#3042=ORIENTED_EDGE('',*,*,#2203,.F.);
#3043=ORIENTED_EDGE('',*,*,#2221,.F.);
#3044=ORIENTED_EDGE('',*,*,#2222,.T.);
#3045=ORIENTED_EDGE('',*,*,#2217,.F.);
#3046=ORIENTED_EDGE('',*,*,#2223,.F.);
#3047=ORIENTED_EDGE('',*,*,#2224,.F.);
#3048=ORIENTED_EDGE('',*,*,#2225,.F.);
#3049=ORIENTED_EDGE('',*,*,#2226,.F.);
#3050=ORIENTED_EDGE('',*,*,#2227,.F.);
#3051=ORIENTED_EDGE('',*,*,#2218,.F.);
#3052=ORIENTED_EDGE('',*,*,#2222,.F.);
#3053=ORIENTED_EDGE('',*,*,#2228,.F.);
#3054=ORIENTED_EDGE('',*,*,#2229,.F.);
#3055=ORIENTED_EDGE('',*,*,#2230,.F.);
#3056=ORIENTED_EDGE('',*,*,#2231,.F.);
#3057=ORIENTED_EDGE('',*,*,#2232,.F.);
#3058=ORIENTED_EDGE('',*,*,#2227,.T.);
#3059=ORIENTED_EDGE('',*,*,#2233,.T.);
#3060=ORIENTED_EDGE('',*,*,#2234,.F.);
#3061=ORIENTED_EDGE('',*,*,#2235,.F.);
#3062=ORIENTED_EDGE('',*,*,#2236,.F.);
#3063=ORIENTED_EDGE('',*,*,#2219,.F.);
#3064=ORIENTED_EDGE('',*,*,#2226,.T.);
#3065=ORIENTED_EDGE('',*,*,#2237,.T.);
#3066=ORIENTED_EDGE('',*,*,#2238,.F.);
#3067=ORIENTED_EDGE('',*,*,#2239,.F.);
#3068=ORIENTED_EDGE('',*,*,#2233,.F.);
#3069=ORIENTED_EDGE('',*,*,#2225,.T.);
#3070=ORIENTED_EDGE('',*,*,#2240,.T.);
#3071=ORIENTED_EDGE('',*,*,#2241,.F.);
#3072=ORIENTED_EDGE('',*,*,#2242,.F.);
#3073=ORIENTED_EDGE('',*,*,#2243,.F.);
#3074=ORIENTED_EDGE('',*,*,#2237,.F.);
#3075=ORIENTED_EDGE('',*,*,#2224,.T.);
#3076=ORIENTED_EDGE('',*,*,#2244,.T.);
#3077=ORIENTED_EDGE('',*,*,#2245,.F.);
#3078=ORIENTED_EDGE('',*,*,#2240,.F.);
#3079=ORIENTED_EDGE('',*,*,#2223,.T.);
#3080=ORIENTED_EDGE('',*,*,#2246,.F.);
#3081=ORIENTED_EDGE('',*,*,#2247,.F.);
#3082=ORIENTED_EDGE('',*,*,#2248,.F.);
#3083=ORIENTED_EDGE('',*,*,#2249,.F.);
#3084=ORIENTED_EDGE('',*,*,#2250,.F.);
#3085=ORIENTED_EDGE('',*,*,#2251,.F.);
#3086=ORIENTED_EDGE('',*,*,#2244,.F.);
#3087=ORIENTED_EDGE('',*,*,#2252,.T.);
#3088=ORIENTED_EDGE('',*,*,#2253,.T.);
#3089=ORIENTED_EDGE('',*,*,#2254,.T.);
#3090=ORIENTED_EDGE('',*,*,#2255,.F.);
#3091=ORIENTED_EDGE('',*,*,#2255,.T.);
#3092=ORIENTED_EDGE('',*,*,#2256,.T.);
#3093=ORIENTED_EDGE('',*,*,#2254,.F.);
#3094=ORIENTED_EDGE('',*,*,#2256,.F.);
#3095=ORIENTED_EDGE('',*,*,#2257,.F.);
#3096=ORIENTED_EDGE('',*,*,#2257,.T.);
#3097=ORIENTED_EDGE('',*,*,#2258,.T.);
#3098=ORIENTED_EDGE('',*,*,#2216,.F.);
#3099=ORIENTED_EDGE('',*,*,#2258,.F.);
#3100=ORIENTED_EDGE('',*,*,#2259,.F.);
#3101=ORIENTED_EDGE('',*,*,#2259,.T.);
#3102=ORIENTED_EDGE('',*,*,#2260,.T.);
#3103=ORIENTED_EDGE('',*,*,#2215,.F.);
#3104=ORIENTED_EDGE('',*,*,#2260,.F.);
#3105=ORIENTED_EDGE('',*,*,#2261,.F.);
#3106=ORIENTED_EDGE('',*,*,#2261,.T.);
#3107=ORIENTED_EDGE('',*,*,#2262,.T.);
#3108=ORIENTED_EDGE('',*,*,#2263,.F.);
#3109=ORIENTED_EDGE('',*,*,#2262,.F.);
#3110=ORIENTED_EDGE('',*,*,#2264,.F.);
#3111=ORIENTED_EDGE('',*,*,#2264,.T.);
#3112=ORIENTED_EDGE('',*,*,#2265,.T.);
#3113=ORIENTED_EDGE('',*,*,#2214,.F.);
#3114=ORIENTED_EDGE('',*,*,#2265,.F.);
#3115=ORIENTED_EDGE('',*,*,#2266,.F.);
#3116=ORIENTED_EDGE('',*,*,#2266,.T.);
#3117=ORIENTED_EDGE('',*,*,#2267,.T.);
#3118=ORIENTED_EDGE('',*,*,#2253,.F.);
#3119=ORIENTED_EDGE('',*,*,#2267,.F.);
#3120=ORIENTED_EDGE('',*,*,#2268,.F.);
#3121=ORIENTED_EDGE('',*,*,#2268,.T.);
#3122=ORIENTED_EDGE('',*,*,#2269,.T.);
#3123=ORIENTED_EDGE('',*,*,#2252,.F.);
#3124=ORIENTED_EDGE('',*,*,#2269,.F.);
#3125=ORIENTED_EDGE('',*,*,#2270,.F.);
#3126=ORIENTED_EDGE('',*,*,#2271,.F.);
#3127=ORIENTED_EDGE('',*,*,#2272,.F.);
#3128=ORIENTED_EDGE('',*,*,#2273,.F.);
#3129=ORIENTED_EDGE('',*,*,#2274,.F.);
#3130=ORIENTED_EDGE('',*,*,#2275,.F.);
#3131=ORIENTED_EDGE('',*,*,#2263,.T.);
#3132=ORIENTED_EDGE('',*,*,#2251,.T.);
#3133=ORIENTED_EDGE('',*,*,#2276,.T.);
#3134=ORIENTED_EDGE('',*,*,#2277,.T.);
#3135=ORIENTED_EDGE('',*,*,#2245,.T.);
#3136=ORIENTED_EDGE('',*,*,#2206,.T.);
#3137=ORIENTED_EDGE('',*,*,#2213,.T.);
#3138=ORIENTED_EDGE('',*,*,#2278,.T.);
#3139=ORIENTED_EDGE('',*,*,#2279,.F.);
#3140=ORIENTED_EDGE('',*,*,#2280,.F.);
#3141=ORIENTED_EDGE('',*,*,#2281,.F.);
#3142=ORIENTED_EDGE('',*,*,#2228,.T.);
#3143=ORIENTED_EDGE('',*,*,#2221,.T.);
#3144=ORIENTED_EDGE('',*,*,#2202,.F.);
#3145=ORIENTED_EDGE('',*,*,#2211,.T.);
#3146=ORIENTED_EDGE('',*,*,#2282,.F.);
#3147=ORIENTED_EDGE('',*,*,#2283,.F.);
#3148=ORIENTED_EDGE('',*,*,#2284,.T.);
#3149=ORIENTED_EDGE('',*,*,#2285,.F.);
#3150=ORIENTED_EDGE('',*,*,#2286,.F.);
#3151=ORIENTED_EDGE('',*,*,#2287,.F.);
#3152=ORIENTED_EDGE('',*,*,#2288,.T.);
#3153=ORIENTED_EDGE('',*,*,#2289,.F.);
#3154=ORIENTED_EDGE('',*,*,#2290,.F.);
#3155=ORIENTED_EDGE('',*,*,#2291,.F.);
#3156=ORIENTED_EDGE('',*,*,#2292,.F.);
#3157=ORIENTED_EDGE('',*,*,#2210,.T.);
#3158=ORIENTED_EDGE('',*,*,#2293,.T.);
#3159=ORIENTED_EDGE('',*,*,#2294,.T.);
#3160=ORIENTED_EDGE('',*,*,#2282,.T.);
#3161=ORIENTED_EDGE('',*,*,#2273,.T.);
#3162=ORIENTED_EDGE('',*,*,#2295,.T.);
#3163=ORIENTED_EDGE('',*,*,#2296,.T.);
#3164=ORIENTED_EDGE('',*,*,#2297,.T.);
#3165=ORIENTED_EDGE('',*,*,#2250,.T.);
#3166=ORIENTED_EDGE('',*,*,#2298,.F.);
#3167=ORIENTED_EDGE('',*,*,#2299,.F.);
#3168=ORIENTED_EDGE('',*,*,#2300,.F.);
#3169=ORIENTED_EDGE('',*,*,#2301,.F.);
#3170=ORIENTED_EDGE('',*,*,#2302,.F.);
#3171=ORIENTED_EDGE('',*,*,#2295,.F.);
#3172=ORIENTED_EDGE('',*,*,#2272,.T.);
#3173=ORIENTED_EDGE('',*,*,#2303,.F.);
#3174=ORIENTED_EDGE('',*,*,#2304,.F.);
#3175=ORIENTED_EDGE('',*,*,#2305,.F.);
#3176=ORIENTED_EDGE('',*,*,#2306,.F.);
#3177=ORIENTED_EDGE('',*,*,#2307,.F.);
#3178=ORIENTED_EDGE('',*,*,#2293,.F.);
#3179=ORIENTED_EDGE('',*,*,#2209,.T.);
#3180=ORIENTED_EDGE('',*,*,#2308,.F.);
#3181=ORIENTED_EDGE('',*,*,#2309,.F.);
#3182=ORIENTED_EDGE('',*,*,#2310,.F.);
#3183=ORIENTED_EDGE('',*,*,#2311,.F.);
#3184=ORIENTED_EDGE('',*,*,#2312,.F.);
#3185=ORIENTED_EDGE('',*,*,#2313,.F.);
#3186=ORIENTED_EDGE('',*,*,#2314,.F.);
#3187=ORIENTED_EDGE('',*,*,#2315,.F.);
#3188=ORIENTED_EDGE('',*,*,#2316,.F.);
#3189=ORIENTED_EDGE('',*,*,#2276,.F.);
#3190=ORIENTED_EDGE('',*,*,#2317,.F.);
#3191=ORIENTED_EDGE('',*,*,#2318,.F.);
#3192=ORIENTED_EDGE('',*,*,#2319,.F.);
#3193=ORIENTED_EDGE('',*,*,#2320,.F.);
#3194=ORIENTED_EDGE('',*,*,#2321,.F.);
#3195=ORIENTED_EDGE('',*,*,#2322,.F.);
#3196=ORIENTED_EDGE('',*,*,#2323,.F.);
#3197=ORIENTED_EDGE('',*,*,#2324,.F.);
#3198=ORIENTED_EDGE('',*,*,#2325,.F.);
#3199=ORIENTED_EDGE('',*,*,#2326,.F.);
#3200=ORIENTED_EDGE('',*,*,#2327,.F.);
#3201=ORIENTED_EDGE('',*,*,#2328,.F.);
#3202=ORIENTED_EDGE('',*,*,#2329,.F.);
#3203=ORIENTED_EDGE('',*,*,#2330,.F.);
#3204=ORIENTED_EDGE('',*,*,#2331,.F.);
#3205=ORIENTED_EDGE('',*,*,#2332,.F.);
#3206=ORIENTED_EDGE('',*,*,#2333,.F.);
#3207=ORIENTED_EDGE('',*,*,#2334,.F.);
#3208=ORIENTED_EDGE('',*,*,#2335,.F.);
#3209=ORIENTED_EDGE('',*,*,#2336,.F.);
#3210=ORIENTED_EDGE('',*,*,#2271,.T.);
#3211=ORIENTED_EDGE('',*,*,#2337,.T.);
#3212=ORIENTED_EDGE('',*,*,#2338,.T.);
#3213=ORIENTED_EDGE('',*,*,#2303,.T.);
#3214=ORIENTED_EDGE('',*,*,#2339,.T.);
#3215=ORIENTED_EDGE('',*,*,#2340,.T.);
#3216=ORIENTED_EDGE('',*,*,#2296,.F.);
#3217=ORIENTED_EDGE('',*,*,#2302,.T.);
#3218=ORIENTED_EDGE('',*,*,#2339,.F.);
#3219=ORIENTED_EDGE('',*,*,#2301,.T.);
#3220=ORIENTED_EDGE('',*,*,#2341,.T.);
#3221=ORIENTED_EDGE('',*,*,#2342,.T.);
#3222=ORIENTED_EDGE('',*,*,#2343,.T.);
#3223=ORIENTED_EDGE('',*,*,#2299,.T.);
#3224=ORIENTED_EDGE('',*,*,#2344,.T.);
#3225=ORIENTED_EDGE('',*,*,#2345,.T.);
#3226=ORIENTED_EDGE('',*,*,#2249,.T.);
#3227=ORIENTED_EDGE('',*,*,#2346,.T.);
#3228=ORIENTED_EDGE('',*,*,#2344,.F.);
#3229=ORIENTED_EDGE('',*,*,#2298,.T.);
#3230=ORIENTED_EDGE('',*,*,#2343,.F.);
#3231=ORIENTED_EDGE('',*,*,#2347,.T.);
#3232=ORIENTED_EDGE('',*,*,#2341,.F.);
#3233=ORIENTED_EDGE('',*,*,#2300,.T.);
#3234=ORIENTED_EDGE('',*,*,#2274,.T.);
#3235=ORIENTED_EDGE('',*,*,#2297,.F.);
#3236=ORIENTED_EDGE('',*,*,#2348,.F.);
#3237=ORIENTED_EDGE('',*,*,#2349,.F.);
#3238=ORIENTED_EDGE('',*,*,#2340,.F.);
#3239=ORIENTED_EDGE('',*,*,#2350,.T.);
#3240=ORIENTED_EDGE('',*,*,#2351,.T.);
#3241=ORIENTED_EDGE('',*,*,#2348,.T.);
#3242=ORIENTED_EDGE('',*,*,#2342,.F.);
#3243=ORIENTED_EDGE('',*,*,#2347,.F.);
#3244=ORIENTED_EDGE('',*,*,#2352,.F.);
#3245=ORIENTED_EDGE('',*,*,#2353,.F.);
#3246=ORIENTED_EDGE('',*,*,#2350,.F.);
#3247=ORIENTED_EDGE('',*,*,#2345,.F.);
#3248=ORIENTED_EDGE('',*,*,#2354,.T.);
#3249=ORIENTED_EDGE('',*,*,#2355,.T.);
#3250=ORIENTED_EDGE('',*,*,#2352,.T.);
#3251=ORIENTED_EDGE('',*,*,#2270,.T.);
#3252=ORIENTED_EDGE('',*,*,#2356,.T.);
#3253=ORIENTED_EDGE('',*,*,#2357,.F.);
#3254=ORIENTED_EDGE('',*,*,#2358,.F.);
#3255=ORIENTED_EDGE('',*,*,#2359,.F.);
#3256=ORIENTED_EDGE('',*,*,#2360,.T.);
#3257=ORIENTED_EDGE('',*,*,#2361,.F.);
#3258=ORIENTED_EDGE('',*,*,#2362,.F.);
#3259=ORIENTED_EDGE('',*,*,#2363,.F.);
#3260=ORIENTED_EDGE('',*,*,#2364,.T.);
#3261=ORIENTED_EDGE('',*,*,#2365,.F.);
#3262=ORIENTED_EDGE('',*,*,#2337,.F.);
#3263=ORIENTED_EDGE('',*,*,#2366,.T.);
#3264=ORIENTED_EDGE('',*,*,#2367,.T.);
#3265=ORIENTED_EDGE('',*,*,#2294,.F.);
#3266=ORIENTED_EDGE('',*,*,#2307,.T.);
#3267=ORIENTED_EDGE('',*,*,#2338,.F.);
#3268=ORIENTED_EDGE('',*,*,#2368,.T.);
#3269=ORIENTED_EDGE('',*,*,#2369,.T.);
#3270=ORIENTED_EDGE('',*,*,#2304,.T.);
#3271=ORIENTED_EDGE('',*,*,#2370,.T.);
#3272=ORIENTED_EDGE('',*,*,#2305,.T.);
#3273=ORIENTED_EDGE('',*,*,#2369,.F.);
#3274=ORIENTED_EDGE('',*,*,#2371,.T.);
#3275=ORIENTED_EDGE('',*,*,#2366,.F.);
#3276=ORIENTED_EDGE('',*,*,#2306,.T.);
#3277=ORIENTED_EDGE('',*,*,#2370,.F.);
#3278=ORIENTED_EDGE('',*,*,#2372,.T.);
#3279=ORIENTED_EDGE('',*,*,#2371,.F.);
#3280=ORIENTED_EDGE('',*,*,#2373,.F.);
#3281=ORIENTED_EDGE('',*,*,#2374,.F.);
#3282=ORIENTED_EDGE('',*,*,#2375,.F.);
#3283=ORIENTED_EDGE('',*,*,#2368,.F.);
#3284=ORIENTED_EDGE('',*,*,#2365,.T.);
#3285=ORIENTED_EDGE('',*,*,#2376,.T.);
#3286=ORIENTED_EDGE('',*,*,#2373,.T.);
#3287=ORIENTED_EDGE('',*,*,#2377,.T.);
#3288=ORIENTED_EDGE('',*,*,#2324,.T.);
#3289=ORIENTED_EDGE('',*,*,#2378,.T.);
#3290=ORIENTED_EDGE('',*,*,#2286,.T.);
#3291=ORIENTED_EDGE('',*,*,#2377,.F.);
#3292=ORIENTED_EDGE('',*,*,#2379,.T.);
#3293=ORIENTED_EDGE('',*,*,#2380,.T.);
#3294=ORIENTED_EDGE('',*,*,#2325,.T.);
#3295=ORIENTED_EDGE('',*,*,#2381,.T.);
#3296=ORIENTED_EDGE('',*,*,#2382,.T.);
#3297=ORIENTED_EDGE('',*,*,#2378,.F.);
#3298=ORIENTED_EDGE('',*,*,#2323,.T.);
#3299=ORIENTED_EDGE('',*,*,#2383,.T.);
#3300=ORIENTED_EDGE('',*,*,#2384,.T.);
#3301=ORIENTED_EDGE('',*,*,#2385,.T.);
#3302=ORIENTED_EDGE('',*,*,#2317,.T.);
#3303=ORIENTED_EDGE('',*,*,#2385,.F.);
#3304=ORIENTED_EDGE('',*,*,#2386,.T.);
#3305=ORIENTED_EDGE('',*,*,#2387,.T.);
#3306=ORIENTED_EDGE('',*,*,#2318,.T.);
#3307=ORIENTED_EDGE('',*,*,#2388,.T.);
#3308=ORIENTED_EDGE('',*,*,#2319,.T.);
#3309=ORIENTED_EDGE('',*,*,#2387,.F.);
#3310=ORIENTED_EDGE('',*,*,#2362,.T.);
#3311=ORIENTED_EDGE('',*,*,#2388,.F.);
#3312=ORIENTED_EDGE('',*,*,#2389,.T.);
#3313=ORIENTED_EDGE('',*,*,#2390,.T.);
#3314=ORIENTED_EDGE('',*,*,#2320,.T.);
#3315=ORIENTED_EDGE('',*,*,#2391,.T.);
#3316=ORIENTED_EDGE('',*,*,#2321,.T.);
#3317=ORIENTED_EDGE('',*,*,#2390,.F.);
#3318=ORIENTED_EDGE('',*,*,#2392,.T.);
#3319=ORIENTED_EDGE('',*,*,#2383,.F.);
#3320=ORIENTED_EDGE('',*,*,#2326,.T.);
#3321=ORIENTED_EDGE('',*,*,#2380,.F.);
#3322=ORIENTED_EDGE('',*,*,#2393,.T.);
#3323=ORIENTED_EDGE('',*,*,#2381,.F.);
#3324=ORIENTED_EDGE('',*,*,#2322,.T.);
#3325=ORIENTED_EDGE('',*,*,#2391,.F.);
#3326=ORIENTED_EDGE('',*,*,#2394,.T.);
#3327=ORIENTED_EDGE('',*,*,#2392,.F.);
#3328=ORIENTED_EDGE('',*,*,#2395,.F.);
#3329=ORIENTED_EDGE('',*,*,#2396,.F.);
#3330=ORIENTED_EDGE('',*,*,#2397,.F.);
#3331=ORIENTED_EDGE('',*,*,#2389,.F.);
#3332=ORIENTED_EDGE('',*,*,#2361,.T.);
#3333=ORIENTED_EDGE('',*,*,#2398,.T.);
#3334=ORIENTED_EDGE('',*,*,#2395,.T.);
#3335=ORIENTED_EDGE('',*,*,#2386,.F.);
#3336=ORIENTED_EDGE('',*,*,#2399,.T.);
#3337=ORIENTED_EDGE('',*,*,#2400,.T.);
#3338=ORIENTED_EDGE('',*,*,#2363,.T.);
#3339=ORIENTED_EDGE('',*,*,#2384,.F.);
#3340=ORIENTED_EDGE('',*,*,#2401,.F.);
#3341=ORIENTED_EDGE('',*,*,#2402,.T.);
#3342=ORIENTED_EDGE('',*,*,#2399,.F.);
#3343=ORIENTED_EDGE('',*,*,#2403,.T.);
#3344=ORIENTED_EDGE('',*,*,#2334,.T.);
#3345=ORIENTED_EDGE('',*,*,#2404,.T.);
#3346=ORIENTED_EDGE('',*,*,#2290,.T.);
#3347=ORIENTED_EDGE('',*,*,#2403,.F.);
#3348=ORIENTED_EDGE('',*,*,#2405,.T.);
#3349=ORIENTED_EDGE('',*,*,#2406,.T.);
#3350=ORIENTED_EDGE('',*,*,#2335,.T.);
#3351=ORIENTED_EDGE('',*,*,#2407,.T.);
#3352=ORIENTED_EDGE('',*,*,#2408,.T.);
#3353=ORIENTED_EDGE('',*,*,#2404,.F.);
#3354=ORIENTED_EDGE('',*,*,#2333,.T.);
#3355=ORIENTED_EDGE('',*,*,#2409,.T.);
#3356=ORIENTED_EDGE('',*,*,#2410,.T.);
#3357=ORIENTED_EDGE('',*,*,#2411,.T.);
#3358=ORIENTED_EDGE('',*,*,#2327,.T.);
#3359=ORIENTED_EDGE('',*,*,#2411,.F.);
#3360=ORIENTED_EDGE('',*,*,#2412,.T.);
#3361=ORIENTED_EDGE('',*,*,#2413,.T.);
#3362=ORIENTED_EDGE('',*,*,#2328,.T.);
#3363=ORIENTED_EDGE('',*,*,#2414,.T.);
#3364=ORIENTED_EDGE('',*,*,#2329,.T.);
#3365=ORIENTED_EDGE('',*,*,#2413,.F.);
#3366=ORIENTED_EDGE('',*,*,#2358,.T.);
#3367=ORIENTED_EDGE('',*,*,#2414,.F.);
#3368=ORIENTED_EDGE('',*,*,#2415,.T.);
#3369=ORIENTED_EDGE('',*,*,#2416,.T.);
#3370=ORIENTED_EDGE('',*,*,#2330,.T.);
#3371=ORIENTED_EDGE('',*,*,#2417,.T.);
#3372=ORIENTED_EDGE('',*,*,#2331,.T.);
#3373=ORIENTED_EDGE('',*,*,#2416,.F.);
#3374=ORIENTED_EDGE('',*,*,#2418,.T.);
#3375=ORIENTED_EDGE('',*,*,#2409,.F.);
#3376=ORIENTED_EDGE('',*,*,#2336,.T.);
#3377=ORIENTED_EDGE('',*,*,#2406,.F.);
#3378=ORIENTED_EDGE('',*,*,#2419,.T.);
#3379=ORIENTED_EDGE('',*,*,#2407,.F.);
#3380=ORIENTED_EDGE('',*,*,#2332,.T.);
#3381=ORIENTED_EDGE('',*,*,#2417,.F.);
#3382=ORIENTED_EDGE('',*,*,#2420,.T.);
#3383=ORIENTED_EDGE('',*,*,#2418,.F.);
#3384=ORIENTED_EDGE('',*,*,#2421,.F.);
#3385=ORIENTED_EDGE('',*,*,#2422,.F.);
#3386=ORIENTED_EDGE('',*,*,#2423,.F.);
#3387=ORIENTED_EDGE('',*,*,#2415,.F.);
#3388=ORIENTED_EDGE('',*,*,#2357,.T.);
#3389=ORIENTED_EDGE('',*,*,#2424,.T.);
#3390=ORIENTED_EDGE('',*,*,#2421,.T.);
#3391=ORIENTED_EDGE('',*,*,#2412,.F.);
#3392=ORIENTED_EDGE('',*,*,#2425,.T.);
#3393=ORIENTED_EDGE('',*,*,#2426,.T.);
#3394=ORIENTED_EDGE('',*,*,#2359,.T.);
#3395=ORIENTED_EDGE('',*,*,#2410,.F.);
#3396=ORIENTED_EDGE('',*,*,#2427,.F.);
#3397=ORIENTED_EDGE('',*,*,#2428,.T.);
#3398=ORIENTED_EDGE('',*,*,#2425,.F.);
#3399=ORIENTED_EDGE('',*,*,#2429,.F.);
#3400=ORIENTED_EDGE('',*,*,#2314,.T.);
#3401=ORIENTED_EDGE('',*,*,#2430,.T.);
#3402=ORIENTED_EDGE('',*,*,#2243,.T.);
#3403=ORIENTED_EDGE('',*,*,#2429,.T.);
#3404=ORIENTED_EDGE('',*,*,#2242,.T.);
#3405=ORIENTED_EDGE('',*,*,#2431,.F.);
#3406=ORIENTED_EDGE('',*,*,#2315,.T.);
#3407=ORIENTED_EDGE('',*,*,#2432,.F.);
#3408=ORIENTED_EDGE('',*,*,#2309,.T.);
#3409=ORIENTED_EDGE('',*,*,#2433,.F.);
#3410=ORIENTED_EDGE('',*,*,#2236,.T.);
#3411=ORIENTED_EDGE('',*,*,#2432,.T.);
#3412=ORIENTED_EDGE('',*,*,#2235,.T.);
#3413=ORIENTED_EDGE('',*,*,#2434,.F.);
#3414=ORIENTED_EDGE('',*,*,#2310,.T.);
#3415=ORIENTED_EDGE('',*,*,#2208,.T.);
#3416=ORIENTED_EDGE('',*,*,#2220,.T.);
#3417=ORIENTED_EDGE('',*,*,#2433,.T.);
#3418=ORIENTED_EDGE('',*,*,#2308,.T.);
#3419=ORIENTED_EDGE('',*,*,#2434,.T.);
#3420=ORIENTED_EDGE('',*,*,#2234,.T.);
#3421=ORIENTED_EDGE('',*,*,#2435,.T.);
#3422=ORIENTED_EDGE('',*,*,#2311,.T.);
#3423=ORIENTED_EDGE('',*,*,#2431,.T.);
#3424=ORIENTED_EDGE('',*,*,#2241,.T.);
#3425=ORIENTED_EDGE('',*,*,#2277,.F.);
#3426=ORIENTED_EDGE('',*,*,#2316,.T.);
#3427=ORIENTED_EDGE('',*,*,#2435,.F.);
#3428=ORIENTED_EDGE('',*,*,#2239,.T.);
#3429=ORIENTED_EDGE('',*,*,#2436,.T.);
#3430=ORIENTED_EDGE('',*,*,#2312,.T.);
#3431=ORIENTED_EDGE('',*,*,#2436,.F.);
#3432=ORIENTED_EDGE('',*,*,#2238,.T.);
#3433=ORIENTED_EDGE('',*,*,#2430,.F.);
#3434=ORIENTED_EDGE('',*,*,#2313,.T.);
#3435=ORIENTED_EDGE('',*,*,#2248,.T.);
#3436=ORIENTED_EDGE('',*,*,#2437,.F.);
#3437=ORIENTED_EDGE('',*,*,#2354,.F.);
#3438=ORIENTED_EDGE('',*,*,#2346,.F.);
#3439=ORIENTED_EDGE('',*,*,#2405,.F.);
#3440=ORIENTED_EDGE('',*,*,#2289,.T.);
#3441=ORIENTED_EDGE('',*,*,#2438,.T.);
#3442=ORIENTED_EDGE('',*,*,#2427,.T.);
#3443=ORIENTED_EDGE('',*,*,#2419,.F.);
#3444=ORIENTED_EDGE('',*,*,#2379,.F.);
#3445=ORIENTED_EDGE('',*,*,#2285,.T.);
#3446=ORIENTED_EDGE('',*,*,#2439,.T.);
#3447=ORIENTED_EDGE('',*,*,#2401,.T.);
#3448=ORIENTED_EDGE('',*,*,#2393,.F.);
#3449=ORIENTED_EDGE('',*,*,#2372,.F.);
#3450=ORIENTED_EDGE('',*,*,#2375,.T.);
#3451=ORIENTED_EDGE('',*,*,#2440,.T.);
#3452=ORIENTED_EDGE('',*,*,#2283,.T.);
#3453=ORIENTED_EDGE('',*,*,#2367,.F.);
#3454=ORIENTED_EDGE('',*,*,#2394,.F.);
#3455=ORIENTED_EDGE('',*,*,#2397,.T.);
#3456=ORIENTED_EDGE('',*,*,#2441,.T.);
#3457=ORIENTED_EDGE('',*,*,#2287,.T.);
#3458=ORIENTED_EDGE('',*,*,#2382,.F.);
#3459=ORIENTED_EDGE('',*,*,#2420,.F.);
#3460=ORIENTED_EDGE('',*,*,#2423,.T.);
#3461=ORIENTED_EDGE('',*,*,#2442,.T.);
#3462=ORIENTED_EDGE('',*,*,#2291,.T.);
#3463=ORIENTED_EDGE('',*,*,#2408,.F.);
#3464=ORIENTED_EDGE('',*,*,#2360,.F.);
#3465=ORIENTED_EDGE('',*,*,#2426,.F.);
#3466=ORIENTED_EDGE('',*,*,#2428,.F.);
#3467=ORIENTED_EDGE('',*,*,#2438,.F.);
#3468=ORIENTED_EDGE('',*,*,#2288,.F.);
#3469=ORIENTED_EDGE('',*,*,#2441,.F.);
#3470=ORIENTED_EDGE('',*,*,#2396,.T.);
#3471=ORIENTED_EDGE('',*,*,#2398,.F.);
#3472=ORIENTED_EDGE('',*,*,#2364,.F.);
#3473=ORIENTED_EDGE('',*,*,#2400,.F.);
#3474=ORIENTED_EDGE('',*,*,#2402,.F.);
#3475=ORIENTED_EDGE('',*,*,#2439,.F.);
#3476=ORIENTED_EDGE('',*,*,#2284,.F.);
#3477=ORIENTED_EDGE('',*,*,#2440,.F.);
#3478=ORIENTED_EDGE('',*,*,#2374,.T.);
#3479=ORIENTED_EDGE('',*,*,#2376,.F.);
#3480=ORIENTED_EDGE('',*,*,#2247,.T.);
#3481=ORIENTED_EDGE('',*,*,#2443,.F.);
#3482=ORIENTED_EDGE('',*,*,#2444,.T.);
#3483=ORIENTED_EDGE('',*,*,#2445,.T.);
#3484=ORIENTED_EDGE('',*,*,#2446,.T.);
#3485=ORIENTED_EDGE('',*,*,#2447,.F.);
#3486=ORIENTED_EDGE('',*,*,#2448,.T.);
#3487=ORIENTED_EDGE('',*,*,#2449,.T.);
#3488=ORIENTED_EDGE('',*,*,#2450,.T.);
#3489=ORIENTED_EDGE('',*,*,#2278,.F.);
#3490=ORIENTED_EDGE('',*,*,#2212,.T.);
#3491=ORIENTED_EDGE('',*,*,#2292,.T.);
#3492=ORIENTED_EDGE('',*,*,#2442,.F.);
#3493=ORIENTED_EDGE('',*,*,#2422,.T.);
#3494=ORIENTED_EDGE('',*,*,#2424,.F.);
#3495=ORIENTED_EDGE('',*,*,#2356,.F.);
#3496=ORIENTED_EDGE('',*,*,#2275,.T.);
#3497=ORIENTED_EDGE('',*,*,#2349,.T.);
#3498=ORIENTED_EDGE('',*,*,#2351,.F.);
#3499=ORIENTED_EDGE('',*,*,#2353,.T.);
#3500=ORIENTED_EDGE('',*,*,#2355,.F.);
#3501=ORIENTED_EDGE('',*,*,#2437,.T.);
#3502=ORIENTED_EDGE('',*,*,#2230,.T.);
#3503=ORIENTED_EDGE('',*,*,#2451,.T.);
#3504=ORIENTED_EDGE('',*,*,#2452,.F.);
#3505=ORIENTED_EDGE('',*,*,#2453,.F.);
#3506=ORIENTED_EDGE('',*,*,#2447,.T.);
#3507=ORIENTED_EDGE('',*,*,#2454,.F.);
#3508=ORIENTED_EDGE('',*,*,#2455,.F.);
#3509=ORIENTED_EDGE('',*,*,#2456,.F.);
#3510=ORIENTED_EDGE('',*,*,#2232,.T.);
#3511=ORIENTED_EDGE('',*,*,#2457,.T.);
#3512=ORIENTED_EDGE('',*,*,#2458,.F.);
#3513=ORIENTED_EDGE('',*,*,#2459,.F.);
#3514=ORIENTED_EDGE('',*,*,#2443,.T.);
#3515=ORIENTED_EDGE('',*,*,#2246,.T.);
#3516=ORIENTED_EDGE('',*,*,#2460,.F.);
#3517=ORIENTED_EDGE('',*,*,#2461,.T.);
#3518=ORIENTED_EDGE('',*,*,#2462,.T.);
#3519=ORIENTED_EDGE('',*,*,#2461,.F.);
#3520=ORIENTED_EDGE('',*,*,#2462,.F.);
#3521=ORIENTED_EDGE('',*,*,#2463,.F.);
#3522=ORIENTED_EDGE('',*,*,#2464,.T.);
#3523=ORIENTED_EDGE('',*,*,#2465,.T.);
#3524=ORIENTED_EDGE('',*,*,#2464,.F.);
#3525=ORIENTED_EDGE('',*,*,#2465,.F.);
#3526=ORIENTED_EDGE('',*,*,#2231,.T.);
#3527=ORIENTED_EDGE('',*,*,#2456,.T.);
#3528=ORIENTED_EDGE('',*,*,#2466,.F.);
#3529=ORIENTED_EDGE('',*,*,#2457,.F.);
#3530=ORIENTED_EDGE('',*,*,#2229,.T.);
#3531=ORIENTED_EDGE('',*,*,#2281,.T.);
#3532=ORIENTED_EDGE('',*,*,#2467,.F.);
#3533=ORIENTED_EDGE('',*,*,#2451,.F.);
#3534=ORIENTED_EDGE('',*,*,#2453,.T.);
#3535=ORIENTED_EDGE('',*,*,#2468,.T.);
#3536=ORIENTED_EDGE('',*,*,#2469,.T.);
#3537=ORIENTED_EDGE('',*,*,#2448,.F.);
#3538=ORIENTED_EDGE('',*,*,#2452,.T.);
#3539=ORIENTED_EDGE('',*,*,#2467,.T.);
#3540=ORIENTED_EDGE('',*,*,#2280,.T.);
#3541=ORIENTED_EDGE('',*,*,#2470,.F.);
#3542=ORIENTED_EDGE('',*,*,#2471,.F.);
#3543=ORIENTED_EDGE('',*,*,#2468,.F.);
#3544=ORIENTED_EDGE('',*,*,#2460,.T.);
#3545=ORIENTED_EDGE('',*,*,#2279,.T.);
#3546=ORIENTED_EDGE('',*,*,#2450,.F.);
#3547=ORIENTED_EDGE('',*,*,#2472,.F.);
#3548=ORIENTED_EDGE('',*,*,#2470,.T.);
#3549=ORIENTED_EDGE('',*,*,#2471,.T.);
#3550=ORIENTED_EDGE('',*,*,#2472,.T.);
#3551=ORIENTED_EDGE('',*,*,#2449,.F.);
#3552=ORIENTED_EDGE('',*,*,#2469,.F.);
#3553=ORIENTED_EDGE('',*,*,#2454,.T.);
#3554=ORIENTED_EDGE('',*,*,#2446,.F.);
#3555=ORIENTED_EDGE('',*,*,#2473,.F.);
#3556=ORIENTED_EDGE('',*,*,#2474,.T.);
#3557=ORIENTED_EDGE('',*,*,#2475,.T.);
#3558=ORIENTED_EDGE('',*,*,#2473,.T.);
#3559=ORIENTED_EDGE('',*,*,#2445,.F.);
#3560=ORIENTED_EDGE('',*,*,#2476,.F.);
#3561=ORIENTED_EDGE('',*,*,#2459,.T.);
#3562=ORIENTED_EDGE('',*,*,#2477,.T.);
#3563=ORIENTED_EDGE('',*,*,#2476,.T.);
#3564=ORIENTED_EDGE('',*,*,#2444,.F.);
#3565=ORIENTED_EDGE('',*,*,#2455,.T.);
#3566=ORIENTED_EDGE('',*,*,#2474,.F.);
#3567=ORIENTED_EDGE('',*,*,#2475,.F.);
#3568=ORIENTED_EDGE('',*,*,#2477,.F.);
#3569=ORIENTED_EDGE('',*,*,#2458,.T.);
#3570=ORIENTED_EDGE('',*,*,#2466,.T.);
#3571=ORIENTED_EDGE('',*,*,#2463,.T.);
#3572=CYLINDRICAL_SURFACE('',#3838,1.);
#3573=CYLINDRICAL_SURFACE('',#3852,0.999999999999996);
#3574=CYLINDRICAL_SURFACE('',#3855,1.);
#3575=CYLINDRICAL_SURFACE('',#3859,1.);
#3576=CYLINDRICAL_SURFACE('',#3863,1.);
#3577=CYLINDRICAL_SURFACE('',#3867,1.);
#3578=CYLINDRICAL_SURFACE('',#3871,0.999999999999996);
#3579=CYLINDRICAL_SURFACE('',#3874,0.999999999999996);
#3580=CYLINDRICAL_SURFACE('',#3891,2.00000000000002);
#3581=CYLINDRICAL_SURFACE('',#3894,1.99999999999999);
#3582=CYLINDRICAL_SURFACE('',#3905,0.5);
#3583=CYLINDRICAL_SURFACE('',#3906,0.5);
#3584=CYLINDRICAL_SURFACE('',#3908,0.5);
#3585=CYLINDRICAL_SURFACE('',#3910,0.5);
#3586=CYLINDRICAL_SURFACE('',#3911,0.5);
#3587=CYLINDRICAL_SURFACE('',#3912,0.5);
#3588=CYLINDRICAL_SURFACE('',#3916,0.5);
#3589=CYLINDRICAL_SURFACE('',#3922,0.5);
#3590=CYLINDRICAL_SURFACE('',#3930,0.5);
#3591=CYLINDRICAL_SURFACE('',#3932,0.5);
#3592=CYLINDRICAL_SURFACE('',#3944,0.5);
#3593=CYLINDRICAL_SURFACE('',#3947,0.5);
#3594=CYLINDRICAL_SURFACE('',#3972,1.);
#3595=CYLINDRICAL_SURFACE('',#3991,0.999999999999996);
#3596=CYLINDRICAL_SURFACE('',#3994,1.);
#3597=CYLINDRICAL_SURFACE('',#3997,1.);
#3598=CYLINDRICAL_SURFACE('',#4000,1.);
#3599=CYLINDRICAL_SURFACE('',#4004,1.);
#3600=CYLINDRICAL_SURFACE('',#4007,0.999999999999996);
#3601=CYLINDRICAL_SURFACE('',#4010,0.999999999999996);
#3602=CYLINDRICAL_SURFACE('',#4030,0.5);
#3603=CYLINDRICAL_SURFACE('',#4033,0.5);
#3604=CYLINDRICAL_SURFACE('',#4040,0.5);
#3605=CYLINDRICAL_SURFACE('',#4051,0.5);
#3606=CYLINDRICAL_SURFACE('',#4053,0.5);
#3607=CYLINDRICAL_SURFACE('',#4065,0.5);
#3608=CYLINDRICAL_SURFACE('',#4067,0.5);
#3609=CYLINDRICAL_SURFACE('',#4073,0.5);
#3610=CYLINDRICAL_SURFACE('',#4075,0.5);
#3611=CYLINDRICAL_SURFACE('',#4077,0.5);
#3612=CYLINDRICAL_SURFACE('',#4079,0.5);
#3613=CYLINDRICAL_SURFACE('',#4081,0.5);
#3614=CYLINDRICAL_SURFACE('',#4090,2.);
#3615=CYLINDRICAL_SURFACE('',#4094,2.);
#3616=ADVANCED_FACE('',(#317),#3572,.F.);
#3617=ADVANCED_FACE('',(#318),#201,.F.);
#3618=ADVANCED_FACE('',(#319),#202,.T.);
#3619=ADVANCED_FACE('',(#320),#203,.F.);
#3620=ADVANCED_FACE('',(#321),#204,.T.);
#3621=ADVANCED_FACE('',(#322),#77,.T.);
#3622=ADVANCED_FACE('',(#323),#205,.T.);
#3623=ADVANCED_FACE('',(#324),#78,.T.);
#3624=ADVANCED_FACE('',(#325),#206,.T.);
#3625=ADVANCED_FACE('',(#326,#55,#56,#57),#207,.T.);
#3626=ADVANCED_FACE('',(#327),#208,.T.);
#3627=ADVANCED_FACE('',(#328),#3573,.F.);
#3628=ADVANCED_FACE('',(#329),#209,.F.);
#3629=ADVANCED_FACE('',(#330),#3574,.F.);
#3630=ADVANCED_FACE('',(#331),#210,.F.);
#3631=ADVANCED_FACE('',(#332),#3575,.F.);
#3632=ADVANCED_FACE('',(#333),#211,.F.);
#3633=ADVANCED_FACE('',(#334),#3576,.F.);
#3634=ADVANCED_FACE('',(#335),#212,.F.);
#3635=ADVANCED_FACE('',(#336),#3577,.F.);
#3636=ADVANCED_FACE('',(#337),#213,.F.);
#3637=ADVANCED_FACE('',(#338),#3578,.F.);
#3638=ADVANCED_FACE('',(#339),#214,.F.);
#3639=ADVANCED_FACE('',(#340),#3579,.F.);
#3640=ADVANCED_FACE('',(#341),#215,.F.);
#3641=ADVANCED_FACE('',(#342,#58),#216,.F.);
#3642=ADVANCED_FACE('',(#343),#217,.T.);
#3643=ADVANCED_FACE('',(#344),#35,.T.);
#3644=ADVANCED_FACE('',(#345),#218,.T.);
#3645=ADVANCED_FACE('',(#346,#59),#219,.F.);
#3646=ADVANCED_FACE('',(#347),#220,.T.);
#3647=ADVANCED_FACE('',(#348),#36,.T.);
#3648=ADVANCED_FACE('',(#349),#221,.T.);
#3649=ADVANCED_FACE('',(#350),#222,.T.);
#3650=ADVANCED_FACE('',(#351),#3580,.F.);
#3651=ADVANCED_FACE('',(#352),#223,.T.);
#3652=ADVANCED_FACE('',(#353),#3581,.F.);
#3653=ADVANCED_FACE('',(#354),#224,.T.);
#3654=ADVANCED_FACE('',(#355),#225,.T.);
#3655=ADVANCED_FACE('',(#356),#3582,.F.);
#3656=ADVANCED_FACE('',(#357),#3583,.F.);
#3657=ADVANCED_FACE('',(#358),#226,.T.);
#3658=ADVANCED_FACE('',(#359),#3584,.F.);
#3659=ADVANCED_FACE('',(#360),#3585,.F.);
#3660=ADVANCED_FACE('',(#361),#3586,.F.);
#3661=ADVANCED_FACE('',(#362),#3587,.F.);
#3662=ADVANCED_FACE('',(#363),#227,.T.);
#3663=ADVANCED_FACE('',(#364),#3588,.F.);
#3664=ADVANCED_FACE('',(#365),#79,.T.);
#3665=ADVANCED_FACE('',(#366),#228,.T.);
#3666=ADVANCED_FACE('',(#367),#80,.T.);
#3667=ADVANCED_FACE('',(#368),#81,.T.);
#3668=ADVANCED_FACE('',(#369),#229,.T.);
#3669=ADVANCED_FACE('',(#370),#82,.T.);
#3670=ADVANCED_FACE('',(#371),#83,.T.);
#3671=ADVANCED_FACE('',(#372),#230,.T.);
#3672=ADVANCED_FACE('',(#373),#84,.T.);
#3673=ADVANCED_FACE('',(#374),#231,.T.);
#3674=ADVANCED_FACE('',(#375),#3589,.F.);
#3675=ADVANCED_FACE('',(#376),#85,.T.);
#3676=ADVANCED_FACE('',(#377),#232,.T.);
#3677=ADVANCED_FACE('',(#378),#17,.F.);
#3678=ADVANCED_FACE('',(#379),#233,.T.);
#3679=ADVANCED_FACE('',(#380),#86,.T.);
#3680=ADVANCED_FACE('',(#381),#234,.T.);
#3681=ADVANCED_FACE('',(#382),#235,.T.);
#3682=ADVANCED_FACE('',(#383),#3590,.F.);
#3683=ADVANCED_FACE('',(#384),#3591,.F.);
#3684=ADVANCED_FACE('',(#385),#236,.T.);
#3685=ADVANCED_FACE('',(#386),#87,.T.);
#3686=ADVANCED_FACE('',(#387),#88,.T.);
#3687=ADVANCED_FACE('',(#388),#237,.T.);
#3688=ADVANCED_FACE('',(#389),#18,.F.);
#3689=ADVANCED_FACE('',(#390),#238,.T.);
#3690=ADVANCED_FACE('',(#391),#19,.F.);
#3691=ADVANCED_FACE('',(#392),#239,.T.);
#3692=ADVANCED_FACE('',(#393),#89,.T.);
#3693=ADVANCED_FACE('',(#394),#90,.T.);
#3694=ADVANCED_FACE('',(#395),#240,.T.);
#3695=ADVANCED_FACE('',(#396),#241,.T.);
#3696=ADVANCED_FACE('',(#397),#3592,.F.);
#3697=ADVANCED_FACE('',(#398),#3593,.F.);
#3698=ADVANCED_FACE('',(#399),#242,.T.);
#3699=ADVANCED_FACE('',(#400),#91,.T.);
#3700=ADVANCED_FACE('',(#401),#92,.T.);
#3701=ADVANCED_FACE('',(#402),#243,.T.);
#3702=ADVANCED_FACE('',(#403),#20,.F.);
#3703=ADVANCED_FACE('',(#404),#244,.T.);
#3704=ADVANCED_FACE('',(#405),#21,.F.);
#3705=ADVANCED_FACE('',(#406),#245,.T.);
#3706=ADVANCED_FACE('',(#407),#93,.T.);
#3707=ADVANCED_FACE('',(#408),#94,.T.);
#3708=ADVANCED_FACE('',(#409),#246,.T.);
#3709=ADVANCED_FACE('',(#410,#60,#61),#247,.T.);
#3710=ADVANCED_FACE('',(#411),#95,.T.);
#3711=ADVANCED_FACE('',(#412),#96,.T.);
#3712=ADVANCED_FACE('',(#413),#22,.F.);
#3713=ADVANCED_FACE('',(#414),#248,.T.);
#3714=ADVANCED_FACE('',(#415),#249,.T.);
#3715=ADVANCED_FACE('',(#416),#250,.T.);
#3716=ADVANCED_FACE('',(#417),#251,.F.);
#3717=ADVANCED_FACE('',(#418),#252,.T.);
#3718=ADVANCED_FACE('',(#419),#253,.T.);
#3719=ADVANCED_FACE('',(#420),#254,.T.);
#3720=ADVANCED_FACE('',(#421),#255,.T.);
#3721=ADVANCED_FACE('',(#422),#256,.T.);
#3722=ADVANCED_FACE('',(#423,#62,#63,#64),#257,.T.);
#3723=ADVANCED_FACE('',(#424,#65),#258,.T.);
#3724=ADVANCED_FACE('',(#425),#3594,.F.);
#3725=ADVANCED_FACE('',(#426),#259,.F.);
#3726=ADVANCED_FACE('',(#427,#66,#67,#68),#260,.F.);
#3727=ADVANCED_FACE('',(#428),#261,.T.);
#3728=ADVANCED_FACE('',(#429),#262,.F.);
#3729=ADVANCED_FACE('',(#430),#263,.T.);
#3730=ADVANCED_FACE('',(#431),#97,.T.);
#3731=ADVANCED_FACE('',(#432),#264,.T.);
#3732=ADVANCED_FACE('',(#433),#98,.T.);
#3733=ADVANCED_FACE('',(#434),#265,.T.);
#3734=ADVANCED_FACE('',(#435,#69,#70,#71),#266,.F.);
#3735=ADVANCED_FACE('',(#436),#267,.T.);
#3736=ADVANCED_FACE('',(#437),#3595,.F.);
#3737=ADVANCED_FACE('',(#438),#268,.T.);
#3738=ADVANCED_FACE('',(#439),#3596,.F.);
#3739=ADVANCED_FACE('',(#440),#269,.T.);
#3740=ADVANCED_FACE('',(#441),#3597,.F.);
#3741=ADVANCED_FACE('',(#442),#270,.T.);
#3742=ADVANCED_FACE('',(#443),#3598,.F.);
#3743=ADVANCED_FACE('',(#444),#271,.T.);
#3744=ADVANCED_FACE('',(#445),#3599,.F.);
#3745=ADVANCED_FACE('',(#446),#272,.T.);
#3746=ADVANCED_FACE('',(#447),#3600,.F.);
#3747=ADVANCED_FACE('',(#448),#273,.T.);
#3748=ADVANCED_FACE('',(#449),#3601,.F.);
#3749=ADVANCED_FACE('',(#450,#72),#274,.F.);
#3750=ADVANCED_FACE('',(#451),#275,.T.);
#3751=ADVANCED_FACE('',(#452),#276,.T.);
#3752=ADVANCED_FACE('',(#453),#277,.T.);
#3753=ADVANCED_FACE('',(#454),#278,.T.);
#3754=ADVANCED_FACE('',(#455),#279,.T.);
#3755=ADVANCED_FACE('',(#456,#73,#74),#280,.T.);
#3756=ADVANCED_FACE('',(#457),#281,.T.);
#3757=ADVANCED_FACE('',(#458),#23,.F.);
#3758=ADVANCED_FACE('',(#459),#282,.T.);
#3759=ADVANCED_FACE('',(#460),#99,.T.);
#3760=ADVANCED_FACE('',(#461),#283,.T.);
#3761=ADVANCED_FACE('',(#462),#100,.T.);
#3762=ADVANCED_FACE('',(#463),#284,.T.);
#3763=ADVANCED_FACE('',(#464),#3602,.F.);
#3764=ADVANCED_FACE('',(#465),#285,.T.);
#3765=ADVANCED_FACE('',(#466),#3603,.F.);
#3766=ADVANCED_FACE('',(#467),#286,.T.);
#3767=ADVANCED_FACE('',(#468),#101,.T.);
#3768=ADVANCED_FACE('',(#469),#24,.F.);
#3769=ADVANCED_FACE('',(#470),#287,.T.);
#3770=ADVANCED_FACE('',(#471),#102,.T.);
#3771=ADVANCED_FACE('',(#472),#288,.T.);
#3772=ADVANCED_FACE('',(#473),#3604,.F.);
#3773=ADVANCED_FACE('',(#474),#289,.T.);
#3774=ADVANCED_FACE('',(#475),#103,.T.);
#3775=ADVANCED_FACE('',(#476),#104,.T.);
#3776=ADVANCED_FACE('',(#477),#290,.T.);
#3777=ADVANCED_FACE('',(#478),#25,.F.);
#3778=ADVANCED_FACE('',(#479),#291,.T.);
#3779=ADVANCED_FACE('',(#480),#26,.F.);
#3780=ADVANCED_FACE('',(#481),#292,.T.);
#3781=ADVANCED_FACE('',(#482),#105,.T.);
#3782=ADVANCED_FACE('',(#483),#106,.T.);
#3783=ADVANCED_FACE('',(#484),#293,.T.);
#3784=ADVANCED_FACE('',(#485),#3605,.F.);
#3785=ADVANCED_FACE('',(#486),#3606,.F.);
#3786=ADVANCED_FACE('',(#487),#294,.T.);
#3787=ADVANCED_FACE('',(#488),#295,.T.);
#3788=ADVANCED_FACE('',(#489),#107,.T.);
#3789=ADVANCED_FACE('',(#490),#108,.T.);
#3790=ADVANCED_FACE('',(#491),#296,.T.);
#3791=ADVANCED_FACE('',(#492),#27,.F.);
#3792=ADVANCED_FACE('',(#493),#297,.T.);
#3793=ADVANCED_FACE('',(#494),#28,.F.);
#3794=ADVANCED_FACE('',(#495),#298,.T.);
#3795=ADVANCED_FACE('',(#496),#109,.T.);
#3796=ADVANCED_FACE('',(#497),#110,.T.);
#3797=ADVANCED_FACE('',(#498),#299,.T.);
#3798=ADVANCED_FACE('',(#499),#3607,.F.);
#3799=ADVANCED_FACE('',(#500),#3608,.F.);
#3800=ADVANCED_FACE('',(#501),#300,.T.);
#3801=ADVANCED_FACE('',(#502),#111,.T.);
#3802=ADVANCED_FACE('',(#503),#112,.T.);
#3803=ADVANCED_FACE('',(#504),#113,.T.);
#3804=ADVANCED_FACE('',(#505),#114,.T.);
#3805=ADVANCED_FACE('',(#506),#301,.T.);
#3806=ADVANCED_FACE('',(#507),#115,.T.);
#3807=ADVANCED_FACE('',(#508),#116,.T.);
#3808=ADVANCED_FACE('',(#509),#302,.T.);
#3809=ADVANCED_FACE('',(#510),#117,.T.);
#3810=ADVANCED_FACE('',(#511),#303,.T.);
#3811=ADVANCED_FACE('',(#512),#3609,.F.);
#3812=ADVANCED_FACE('',(#513),#3610,.F.);
#3813=ADVANCED_FACE('',(#514),#3611,.F.);
#3814=ADVANCED_FACE('',(#515),#3612,.F.);
#3815=ADVANCED_FACE('',(#516),#3613,.F.);
#3816=ADVANCED_FACE('',(#517),#304,.T.);
#3817=ADVANCED_FACE('',(#518),#305,.T.);
#3818=ADVANCED_FACE('',(#519),#306,.F.);
#3819=ADVANCED_FACE('',(#520),#307,.T.);
#3820=ADVANCED_FACE('',(#521),#308,.T.);
#3821=ADVANCED_FACE('',(#522),#3614,.F.);
#3822=ADVANCED_FACE('',(#523),#309,.T.);
#3823=ADVANCED_FACE('',(#524),#3615,.F.);
#3824=ADVANCED_FACE('',(#525),#310,.T.);
#3825=ADVANCED_FACE('',(#526),#118,.T.);
#3826=ADVANCED_FACE('',(#527),#119,.T.);
#3827=ADVANCED_FACE('',(#528),#311,.T.);
#3828=ADVANCED_FACE('',(#529,#75),#312,.F.);
#3829=ADVANCED_FACE('',(#530),#313,.T.);
#3830=ADVANCED_FACE('',(#531),#37,.T.);
#3831=ADVANCED_FACE('',(#532),#314,.T.);
#3832=ADVANCED_FACE('',(#533),#38,.T.);
#3833=ADVANCED_FACE('',(#534),#315,.T.);
#3834=ADVANCED_FACE('',(#535,#76),#316,.F.);
#3835=CLOSED_SHELL('',(#3616,#3617,#3618,#3619,#3620,#3621,#3622,#3623,
#3624,#3625,#3626,#3627,#3628,#3629,#3630,#3631,#3632,#3633,#3634,#3635,
#3636,#3637,#3638,#3639,#3640,#3641,#3642,#3643,#3644,#3645,#3646,#3647,
#3648,#3649,#3650,#3651,#3652,#3653,#3654,#3655,#3656,#3657,#3658,#3659,
#3660,#3661,#3662,#3663,#3664,#3665,#3666,#3667,#3668,#3669,#3670,#3671,
#3672,#3673,#3674,#3675,#3676,#3677,#3678,#3679,#3680,#3681,#3682,#3683,
#3684,#3685,#3686,#3687,#3688,#3689,#3690,#3691,#3692,#3693,#3694,#3695,
#3696,#3697,#3698,#3699,#3700,#3701,#3702,#3703,#3704,#3705,#3706,#3707,
#3708,#3709,#3710,#3711,#3712,#3713,#3714,#3715,#3716,#3717,#3718,#3719,
#3720,#3721,#3722,#3723));
#3836=CLOSED_SHELL('',(#3724,#3725,#3726,#3727,#3728,#3729,#3730,#3731,
#3732,#3733,#3734,#3735,#3736,#3737,#3738,#3739,#3740,#3741,#3742,#3743,
#3744,#3745,#3746,#3747,#3748,#3749,#3750,#3751,#3752,#3753,#3754,#3755,
#3756,#3757,#3758,#3759,#3760,#3761,#3762,#3763,#3764,#3765,#3766,#3767,
#3768,#3769,#3770,#3771,#3772,#3773,#3774,#3775,#3776,#3777,#3778,#3779,
#3780,#3781,#3782,#3783,#3784,#3785,#3786,#3787,#3788,#3789,#3790,#3791,
#3792,#3793,#3794,#3795,#3796,#3797,#3798,#3799,#3800,#3801,#3802,#3803,
#3804,#3805,#3806,#3807,#3808,#3809,#3810,#3811,#3812,#3813,#3814,#3815,
#3816,#3817,#3818,#3819,#3820,#3821,#3822,#3823,#3824,#3825,#3826,#3827,
#3828,#3829,#3830,#3831,#3832,#3833,#3834));
#3837=AXIS2_PLACEMENT_3D('',#5008,#4106,#4107);
#3838=AXIS2_PLACEMENT_3D('',#5009,#4108,#4109);
#3839=AXIS2_PLACEMENT_3D('',#5012,#4110,#4111);
#3840=AXIS2_PLACEMENT_3D('',#5016,#4113,#4114);
#3841=AXIS2_PLACEMENT_3D('',#5018,#4116,#4117);
#3842=AXIS2_PLACEMENT_3D('',#5024,#4121,#4122);
#3843=AXIS2_PLACEMENT_3D('',#5038,#4130,#4131);
#3844=AXIS2_PLACEMENT_3D('',#5042,#4134,#4135);
#3845=AXIS2_PLACEMENT_3D('',#5168,#4143,#4144);
#3846=AXIS2_PLACEMENT_3D('',#5226,#4152,#4153);
#3847=AXIS2_PLACEMENT_3D('',#5234,#4158,#4159);
#3848=AXIS2_PLACEMENT_3D('',#5247,#4166,#4167);
#3849=AXIS2_PLACEMENT_3D('',#5249,#4168,#4169);
#3850=AXIS2_PLACEMENT_3D('',#5251,#4170,#4171);
#3851=AXIS2_PLACEMENT_3D('',#5252,#4172,#4173);
#3852=AXIS2_PLACEMENT_3D('',#5256,#4176,#4177);
#3853=AXIS2_PLACEMENT_3D('',#5259,#4179,#4180);
#3854=AXIS2_PLACEMENT_3D('',#5260,#4181,#4182);
#3855=AXIS2_PLACEMENT_3D('',#5261,#4183,#4184);
#3856=AXIS2_PLACEMENT_3D('',#5263,#4185,#4186);
#3857=AXIS2_PLACEMENT_3D('',#5266,#4188,#4189);
#3858=AXIS2_PLACEMENT_3D('',#5267,#4190,#4191);
#3859=AXIS2_PLACEMENT_3D('',#5268,#4192,#4193);
#3860=AXIS2_PLACEMENT_3D('',#5270,#4194,#4195);
#3861=AXIS2_PLACEMENT_3D('',#5273,#4197,#4198);
#3862=AXIS2_PLACEMENT_3D('',#5274,#4199,#4200);
#3863=AXIS2_PLACEMENT_3D('',#5275,#4201,#4202);
#3864=AXIS2_PLACEMENT_3D('',#5277,#4203,#4204);
#3865=AXIS2_PLACEMENT_3D('',#5280,#4206,#4207);
#3866=AXIS2_PLACEMENT_3D('',#5281,#4208,#4209);
#3867=AXIS2_PLACEMENT_3D('',#5282,#4210,#4211);
#3868=AXIS2_PLACEMENT_3D('',#5284,#4212,#4213);
#3869=AXIS2_PLACEMENT_3D('',#5287,#4215,#4216);
#3870=AXIS2_PLACEMENT_3D('',#5288,#4217,#4218);
#3871=AXIS2_PLACEMENT_3D('',#5289,#4219,#4220);
#3872=AXIS2_PLACEMENT_3D('',#5292,#4222,#4223);
#3873=AXIS2_PLACEMENT_3D('',#5293,#4224,#4225);
#3874=AXIS2_PLACEMENT_3D('',#5294,#4226,#4227);
#3875=AXIS2_PLACEMENT_3D('',#5297,#4229,#4230);
#3876=AXIS2_PLACEMENT_3D('',#5298,#4231,#4232);
#3877=AXIS2_PLACEMENT_3D('',#5299,#4233,#4234);
#3878=AXIS2_PLACEMENT_3D('',#5303,#4236,#4237);
#3879=AXIS2_PLACEMENT_3D('',#5306,#4239,#4240);
#3880=AXIS2_PLACEMENT_3D('',#5307,#4241,#4242);
#3881=AXIS2_PLACEMENT_3D('',#5319,#4246,#4247);
#3882=AXIS2_PLACEMENT_3D('',#5320,#4248,#4249);
#3883=AXIS2_PLACEMENT_3D('',#5322,#4251,#4252);
#3884=AXIS2_PLACEMENT_3D('',#5326,#4254,#4255);
#3885=AXIS2_PLACEMENT_3D('',#5329,#4257,#4258);
#3886=AXIS2_PLACEMENT_3D('',#5330,#4259,#4260);
#3887=AXIS2_PLACEMENT_3D('',#5342,#4264,#4265);
#3888=AXIS2_PLACEMENT_3D('',#5343,#4266,#4267);
#3889=AXIS2_PLACEMENT_3D('',#5345,#4269,#4270);
#3890=AXIS2_PLACEMENT_3D('',#5347,#4271,#4272);
#3891=AXIS2_PLACEMENT_3D('',#5348,#4273,#4274);
#3892=AXIS2_PLACEMENT_3D('',#5350,#4276,#4277);
#3893=AXIS2_PLACEMENT_3D('',#5352,#4278,#4279);
#3894=AXIS2_PLACEMENT_3D('',#5353,#4280,#4281);
#3895=AXIS2_PLACEMENT_3D('',#5355,#4283,#4284);
#3896=AXIS2_PLACEMENT_3D('',#5360,#4286,#4287);
#3897=AXIS2_PLACEMENT_3D('',#5364,#4289,#4290);
#3898=AXIS2_PLACEMENT_3D('',#5368,#4292,#4293);
#3899=AXIS2_PLACEMENT_3D('',#5371,#4295,#4296);
#3900=AXIS2_PLACEMENT_3D('',#5372,#4297,#4298);
#3901=AXIS2_PLACEMENT_3D('',#5377,#4300,#4301);
#3902=AXIS2_PLACEMENT_3D('',#5381,#4303,#4304);
#3903=AXIS2_PLACEMENT_3D('',#5385,#4306,#4307);
#3904=AXIS2_PLACEMENT_3D('',#5388,#4309,#4310);
#3905=AXIS2_PLACEMENT_3D('',#5389,#4311,#4312);
#3906=AXIS2_PLACEMENT_3D('',#5404,#4315,#4316);
#3907=AXIS2_PLACEMENT_3D('',#5419,#4319,#4320);
#3908=AXIS2_PLACEMENT_3D('',#5434,#4329,#4330);
#3909=AXIS2_PLACEMENT_3D('',#5442,#4331,#4332);
#3910=AXIS2_PLACEMENT_3D('',#5449,#4334,#4335);
#3911=AXIS2_PLACEMENT_3D('',#5462,#4337,#4338);
#3912=AXIS2_PLACEMENT_3D('',#5475,#4340,#4341);
#3913=AXIS2_PLACEMENT_3D('',#5478,#4342,#4343);
#3914=AXIS2_PLACEMENT_3D('',#5482,#4345,#4346);
#3915=AXIS2_PLACEMENT_3D('',#5484,#4348,#4349);
#3916=AXIS2_PLACEMENT_3D('',#5495,#4353,#4354);
#3917=AXIS2_PLACEMENT_3D('',#5503,#4355,#4356);
#3918=AXIS2_PLACEMENT_3D('',#5571,#4359,#4360);
#3919=AXIS2_PLACEMENT_3D('',#5670,#4366,#4367);
#3920=AXIS2_PLACEMENT_3D('',#5986,#4371,#4372);
#3921=AXIS2_PLACEMENT_3D('',#6020,#4375,#4376);
#3922=AXIS2_PLACEMENT_3D('',#6024,#4379,#4380);
#3923=AXIS2_PLACEMENT_3D('',#6026,#4381,#4382);
#3924=AXIS2_PLACEMENT_3D('',#6052,#4386,#4387);
#3925=AXIS2_PLACEMENT_3D('',#6060,#4392,#4393);
#3926=AXIS2_PLACEMENT_3D('',#6063,#4395,#4396);
#3927=AXIS2_PLACEMENT_3D('',#6064,#4397,#4398);
#3928=AXIS2_PLACEMENT_3D('',#6093,#4401,#4402);
#3929=AXIS2_PLACEMENT_3D('',#6097,#4405,#4406);
#3930=AXIS2_PLACEMENT_3D('',#6101,#4409,#4410);
#3931=AXIS2_PLACEMENT_3D('',#6103,#4411,#4412);
#3932=AXIS2_PLACEMENT_3D('',#6105,#4414,#4415);
#3933=AXIS2_PLACEMENT_3D('',#6108,#4416,#4417);
#3934=AXIS2_PLACEMENT_3D('',#6111,#4420,#4421);
#3935=AXIS2_PLACEMENT_3D('',#6161,#4427,#4428);
#3936=AXIS2_PLACEMENT_3D('',#6165,#4431,#4432);
#3937=AXIS2_PLACEMENT_3D('',#6168,#4434,#4435);
#3938=AXIS2_PLACEMENT_3D('',#6169,#4436,#4437);
#3939=AXIS2_PLACEMENT_3D('',#6174,#4441,#4442);
#3940=AXIS2_PLACEMENT_3D('',#6177,#4444,#4445);
#3941=AXIS2_PLACEMENT_3D('',#6178,#4446,#4447);
#3942=AXIS2_PLACEMENT_3D('',#6234,#4451,#4452);
#3943=AXIS2_PLACEMENT_3D('',#6236,#4454,#4455);
#3944=AXIS2_PLACEMENT_3D('',#6242,#4459,#4460);
#3945=AXIS2_PLACEMENT_3D('',#6244,#4461,#4462);
#3946=AXIS2_PLACEMENT_3D('',#6246,#4463,#4464);
#3947=AXIS2_PLACEMENT_3D('',#6248,#4466,#4467);
#3948=AXIS2_PLACEMENT_3D('',#6251,#4468,#4469);
#3949=AXIS2_PLACEMENT_3D('',#6254,#4472,#4473);
#3950=AXIS2_PLACEMENT_3D('',#6304,#4479,#4480);
#3951=AXIS2_PLACEMENT_3D('',#6308,#4483,#4484);
#3952=AXIS2_PLACEMENT_3D('',#6311,#4486,#4487);
#3953=AXIS2_PLACEMENT_3D('',#6312,#4488,#4489);
#3954=AXIS2_PLACEMENT_3D('',#6317,#4493,#4494);
#3955=AXIS2_PLACEMENT_3D('',#6320,#4496,#4497);
#3956=AXIS2_PLACEMENT_3D('',#6321,#4498,#4499);
#3957=AXIS2_PLACEMENT_3D('',#6377,#4503,#4504);
#3958=AXIS2_PLACEMENT_3D('',#6379,#4506,#4507);
#3959=AXIS2_PLACEMENT_3D('',#6388,#4512,#4513);
#3960=AXIS2_PLACEMENT_3D('',#6442,#4519,#4520);
#3961=AXIS2_PLACEMENT_3D('',#6445,#4523,#4524);
#3962=AXIS2_PLACEMENT_3D('',#6449,#4527,#4528);
#3963=AXIS2_PLACEMENT_3D('',#6450,#4529,#4530);
#3964=AXIS2_PLACEMENT_3D('',#6454,#4533,#4534);
#3965=AXIS2_PLACEMENT_3D('',#6460,#4539,#4540);
#3966=AXIS2_PLACEMENT_3D('',#6462,#4542,#4543);
#3967=AXIS2_PLACEMENT_3D('',#6466,#4546,#4547);
#3968=AXIS2_PLACEMENT_3D('',#6468,#4549,#4550);
#3969=AXIS2_PLACEMENT_3D('',#6470,#4552,#4553);
#3970=AXIS2_PLACEMENT_3D('',#6471,#4554,#4555);
#3971=AXIS2_PLACEMENT_3D('',#6472,#4556,#4557);
#3972=AXIS2_PLACEMENT_3D('',#6473,#4558,#4559);
#3973=AXIS2_PLACEMENT_3D('',#6476,#4560,#4561);
#3974=AXIS2_PLACEMENT_3D('',#6480,#4563,#4564);
#3975=AXIS2_PLACEMENT_3D('',#6482,#4566,#4567);
#3976=AXIS2_PLACEMENT_3D('',#6488,#4571,#4572);
#3977=AXIS2_PLACEMENT_3D('',#6503,#4580,#4581);
#3978=AXIS2_PLACEMENT_3D('',#6505,#4582,#4583);
#3979=AXIS2_PLACEMENT_3D('',#6507,#4584,#4585);
#3980=AXIS2_PLACEMENT_3D('',#6508,#4586,#4587);
#3981=AXIS2_PLACEMENT_3D('',#6516,#4592,#4593);
#3982=AXIS2_PLACEMENT_3D('',#6520,#4596,#4597);
#3983=AXIS2_PLACEMENT_3D('',#6636,#4605,#4606);
#3984=AXIS2_PLACEMENT_3D('',#6712,#4610,#4611);
#3985=AXIS2_PLACEMENT_3D('',#6716,#4614,#4615);
#3986=AXIS2_PLACEMENT_3D('',#6729,#4622,#4623);
#3987=AXIS2_PLACEMENT_3D('',#6731,#4624,#4625);
#3988=AXIS2_PLACEMENT_3D('',#6733,#4626,#4627);
#3989=AXIS2_PLACEMENT_3D('',#6734,#4628,#4629);
#3990=AXIS2_PLACEMENT_3D('',#6736,#4630,#4631);
#3991=AXIS2_PLACEMENT_3D('',#6737,#4632,#4633);
#3992=AXIS2_PLACEMENT_3D('',#6739,#4635,#4636);
#3993=AXIS2_PLACEMENT_3D('',#6741,#4637,#4638);
#3994=AXIS2_PLACEMENT_3D('',#6742,#4639,#4640);
#3995=AXIS2_PLACEMENT_3D('',#6744,#4642,#4643);
#3996=AXIS2_PLACEMENT_3D('',#6746,#4644,#4645);
#3997=AXIS2_PLACEMENT_3D('',#6747,#4646,#4647);
#3998=AXIS2_PLACEMENT_3D('',#6749,#4649,#4650);
#3999=AXIS2_PLACEMENT_3D('',#6751,#4651,#4652);
#4000=AXIS2_PLACEMENT_3D('',#6752,#4653,#4654);
#4001=AXIS2_PLACEMENT_3D('',#6755,#4656,#4657);
#4002=AXIS2_PLACEMENT_3D('',#6756,#4658,#4659);
#4003=AXIS2_PLACEMENT_3D('',#6758,#4660,#4661);
#4004=AXIS2_PLACEMENT_3D('',#6759,#4662,#4663);
#4005=AXIS2_PLACEMENT_3D('',#6761,#4665,#4666);
#4006=AXIS2_PLACEMENT_3D('',#6763,#4667,#4668);
#4007=AXIS2_PLACEMENT_3D('',#6764,#4669,#4670);
#4008=AXIS2_PLACEMENT_3D('',#6766,#4672,#4673);
#4009=AXIS2_PLACEMENT_3D('',#6768,#4674,#4675);
#4010=AXIS2_PLACEMENT_3D('',#6769,#4676,#4677);
#4011=AXIS2_PLACEMENT_3D('',#6771,#4679,#4680);
#4012=AXIS2_PLACEMENT_3D('',#6784,#4687,#4688);
#4013=AXIS2_PLACEMENT_3D('',#6788,#4691,#4692);
#4014=AXIS2_PLACEMENT_3D('',#6796,#4697,#4698);
#4015=AXIS2_PLACEMENT_3D('',#6818,#4710,#4711);
#4016=AXIS2_PLACEMENT_3D('',#6822,#4714,#4715);
#4017=AXIS2_PLACEMENT_3D('',#6828,#4719,#4720);
#4018=AXIS2_PLACEMENT_3D('',#6844,#4723,#4724);
#4019=AXIS2_PLACEMENT_3D('',#6848,#4726,#4727);
#4020=AXIS2_PLACEMENT_3D('',#6923,#4732,#4733);
#4021=AXIS2_PLACEMENT_3D('',#6927,#4735,#4736);
#4022=AXIS2_PLACEMENT_3D('',#6957,#4740,#4741);
#4023=AXIS2_PLACEMENT_3D('',#6961,#4743,#4744);
#4024=AXIS2_PLACEMENT_3D('',#6987,#4747,#4748);
#4025=AXIS2_PLACEMENT_3D('',#6991,#4751,#4752);
#4026=AXIS2_PLACEMENT_3D('',#6994,#4754,#4755);
#4027=AXIS2_PLACEMENT_3D('',#6995,#4756,#4757);
#4028=AXIS2_PLACEMENT_3D('',#7028,#4762,#4763);
#4029=AXIS2_PLACEMENT_3D('',#7050,#4765,#4766);
#4030=AXIS2_PLACEMENT_3D('',#7054,#4769,#4770);
#4031=AXIS2_PLACEMENT_3D('',#7057,#4772,#4773);
#4032=AXIS2_PLACEMENT_3D('',#7058,#4774,#4775);
#4033=AXIS2_PLACEMENT_3D('',#7062,#4778,#4779);
#4034=AXIS2_PLACEMENT_3D('',#7065,#4781,#4782);
#4035=AXIS2_PLACEMENT_3D('',#7066,#4783,#4784);
#4036=AXIS2_PLACEMENT_3D('',#7113,#4796,#4797);
#4037=AXIS2_PLACEMENT_3D('',#7115,#4798,#4799);
#4038=AXIS2_PLACEMENT_3D('',#7117,#4801,#4802);
#4039=AXIS2_PLACEMENT_3D('',#7141,#4805,#4806);
#4040=AXIS2_PLACEMENT_3D('',#7147,#4810,#4811);
#4041=AXIS2_PLACEMENT_3D('',#7148,#4812,#4813);
#4042=AXIS2_PLACEMENT_3D('',#7149,#4814,#4815);
#4043=AXIS2_PLACEMENT_3D('',#7206,#4820,#4821);
#4044=AXIS2_PLACEMENT_3D('',#7212,#4825,#4826);
#4045=AXIS2_PLACEMENT_3D('',#7213,#4827,#4828);
#4046=AXIS2_PLACEMENT_3D('',#7215,#4830,#4831);
#4047=AXIS2_PLACEMENT_3D('',#7217,#4833,#4834);
#4048=AXIS2_PLACEMENT_3D('',#7219,#4835,#4836);
#4049=AXIS2_PLACEMENT_3D('',#7221,#4838,#4839);
#4050=AXIS2_PLACEMENT_3D('',#7265,#4842,#4843);
#4051=AXIS2_PLACEMENT_3D('',#7271,#4847,#4848);
#4052=AXIS2_PLACEMENT_3D('',#7272,#4849,#4850);
#4053=AXIS2_PLACEMENT_3D('',#7273,#4851,#4852);
#4054=AXIS2_PLACEMENT_3D('',#7276,#4854,#4855);
#4055=AXIS2_PLACEMENT_3D('',#7277,#4856,#4857);
#4056=AXIS2_PLACEMENT_3D('',#7281,#4860,#4861);
#4057=AXIS2_PLACEMENT_3D('',#7338,#4866,#4867);
#4058=AXIS2_PLACEMENT_3D('',#7344,#4871,#4872);
#4059=AXIS2_PLACEMENT_3D('',#7345,#4873,#4874);
#4060=AXIS2_PLACEMENT_3D('',#7347,#4876,#4877);
#4061=AXIS2_PLACEMENT_3D('',#7349,#4879,#4880);
#4062=AXIS2_PLACEMENT_3D('',#7351,#4881,#4882);
#4063=AXIS2_PLACEMENT_3D('',#7353,#4884,#4885);
#4064=AXIS2_PLACEMENT_3D('',#7397,#4888,#4889);
#4065=AXIS2_PLACEMENT_3D('',#7403,#4893,#4894);
#4066=AXIS2_PLACEMENT_3D('',#7404,#4895,#4896);
#4067=AXIS2_PLACEMENT_3D('',#7405,#4897,#4898);
#4068=AXIS2_PLACEMENT_3D('',#7408,#4900,#4901);
#4069=AXIS2_PLACEMENT_3D('',#7409,#4902,#4903);
#4070=AXIS2_PLACEMENT_3D('',#7519,#4908,#4909);
#4071=AXIS2_PLACEMENT_3D('',#7625,#4911,#4912);
#4072=AXIS2_PLACEMENT_3D('',#7643,#4914,#4915);
#4073=AXIS2_PLACEMENT_3D('',#7645,#4917,#4918);
#4074=AXIS2_PLACEMENT_3D('',#7646,#4919,#4920);
#4075=AXIS2_PLACEMENT_3D('',#7647,#4921,#4922);
#4076=AXIS2_PLACEMENT_3D('',#7648,#4923,#4924);
#4077=AXIS2_PLACEMENT_3D('',#7649,#4925,#4926);
#4078=AXIS2_PLACEMENT_3D('',#7650,#4927,#4928);
#4079=AXIS2_PLACEMENT_3D('',#7651,#4929,#4930);
#4080=AXIS2_PLACEMENT_3D('',#7652,#4931,#4932);
#4081=AXIS2_PLACEMENT_3D('',#7653,#4933,#4934);
#4082=AXIS2_PLACEMENT_3D('',#7654,#4935,#4936);
#4083=AXIS2_PLACEMENT_3D('',#7655,#4937,#4938);
#4084=AXIS2_PLACEMENT_3D('',#7656,#4939,#4940);
#4085=AXIS2_PLACEMENT_3D('',#7657,#4941,#4942);
#4086=AXIS2_PLACEMENT_3D('',#7663,#4945,#4946);
#4087=AXIS2_PLACEMENT_3D('',#7671,#4950,#4951);
#4088=AXIS2_PLACEMENT_3D('',#7673,#4953,#4954);
#4089=AXIS2_PLACEMENT_3D('',#7684,#4961,#4962);
#4090=AXIS2_PLACEMENT_3D('',#7690,#4966,#4967);
#4091=AXIS2_PLACEMENT_3D('',#7692,#4968,#4969);
#4092=AXIS2_PLACEMENT_3D('',#7695,#4971,#4972);
#4093=AXIS2_PLACEMENT_3D('',#7696,#4973,#4974);
#4094=AXIS2_PLACEMENT_3D('',#7697,#4975,#4976);
#4095=AXIS2_PLACEMENT_3D('',#7699,#4977,#4978);
#4096=AXIS2_PLACEMENT_3D('',#7702,#4980,#4981);
#4097=AXIS2_PLACEMENT_3D('',#7703,#4982,#4983);
#4098=AXIS2_PLACEMENT_3D('',#7773,#4984,#4985);
#4099=AXIS2_PLACEMENT_3D('',#7777,#4988,#4989);
#4100=AXIS2_PLACEMENT_3D('',#7780,#4991,#4992);
#4101=AXIS2_PLACEMENT_3D('',#7781,#4993,#4994);
#4102=AXIS2_PLACEMENT_3D('',#7789,#4996,#4997);
#4103=AXIS2_PLACEMENT_3D('',#7800,#5000,#5001);
#4104=AXIS2_PLACEMENT_3D('',#7802,#5003,#5004);
#4105=AXIS2_PLACEMENT_3D('',#7804,#5006,#5007);
#4106=DIRECTION('axis',(0.,0.,1.));
#4107=DIRECTION('refdir',(1.,0.,0.));
#4108=DIRECTION('center_axis',(0.,0.,-1.));
#4109=DIRECTION('ref_axis',(0.707106781186553,0.707106781186542,0.));
#4110=DIRECTION('center_axis',(4.92806669124665E-17,0.,1.));
#4111=DIRECTION('ref_axis',(0.707106781186553,0.707106781186542,0.));
#4112=DIRECTION('',(0.,0.,-1.));
#4113=DIRECTION('center_axis',(-5.63207621687593E-17,0.,-1.));
#4114=DIRECTION('ref_axis',(0.707106781186553,0.707106781186542,0.));
#4115=DIRECTION('',(0.,0.,1.));
#4116=DIRECTION('center_axis',(0.,1.,0.));
#4117=DIRECTION('ref_axis',(0.,0.,1.));
#4118=DIRECTION('',(1.,0.,-4.92806669124665E-17));
#4119=DIRECTION('',(0.,0.,1.));
#4120=DIRECTION('',(-1.,0.,5.63207621687593E-17));
#4121=DIRECTION('center_axis',(4.92806669124665E-17,0.,1.));
#4122=DIRECTION('ref_axis',(1.,1.01397740988609E-32,-4.92806669124665E-17));
#4123=DIRECTION('',(0.,-1.,0.));
#4124=DIRECTION('',(1.,0.,-4.92806669124665E-17));
#4125=DIRECTION('',(0.,1.,0.));
#4126=DIRECTION('',(1.,2.38644180378938E-18,-4.92806669124665E-17));
#4127=DIRECTION('',(1.66533453693773E-15,-1.,-8.20687966126552E-32));
#4128=DIRECTION('',(-1.,-2.526249437458E-15,4.92806669124665E-17));
#4129=DIRECTION('',(0.,1.,0.));
#4130=DIRECTION('center_axis',(1.,0.,0.));
#4131=DIRECTION('ref_axis',(0.,-1.,7.57742928939152E-34));
#4132=DIRECTION('',(0.,1.,0.));
#4133=DIRECTION('',(0.,0.,1.));
#4134=DIRECTION('center_axis',(0.,-1.,0.));
#4135=DIRECTION('ref_axis',(1.,0.,0.));
#4136=DIRECTION('',(0.,0.,1.));
#4137=DIRECTION('',(-1.,0.,5.06886859671085E-16));
#4138=DIRECTION('',(2.7315796184014E-8,0.,1.));
#4139=DIRECTION('',(-1.,0.,5.63207621687593E-17));
#4140=DIRECTION('',(-2.73157962042158E-8,0.,-1.));
#4141=DIRECTION('',(1.,0.,-4.50566097350075E-16));
#4142=DIRECTION('',(0.,1.,0.));
#4143=DIRECTION('center_axis',(-1.,0.,2.7315796184014E-8));
#4144=DIRECTION('ref_axis',(2.7315796184014E-8,0.,1.));
#4145=DIRECTION('',(0.,1.,0.));
#4146=DIRECTION('',(2.72118513326695E-8,-0.0871557427476577,0.996194698091745));
#4147=DIRECTION('',(8.08710022918943E-23,-1.,2.96059473233375E-15));
#4148=DIRECTION('',(-2.72118513326695E-8,0.0871557427476591,-0.996194698091745));
#4149=DIRECTION('',(-7.58165646486509E-24,1.,-2.77555756156289E-16));
#4150=DIRECTION('',(2.72118513326695E-8,-0.0871557427476577,0.996194698091745));
#4151=DIRECTION('',(0.,1.,0.));
#4152=DIRECTION('center_axis',(-5.06886859671085E-16,0.,-1.));
#4153=DIRECTION('ref_axis',(-1.,-8.5591154022103E-32,5.06886859671085E-16));
#4154=DIRECTION('',(0.,-1.,0.));
#4155=DIRECTION('',(1.,2.56628479168364E-15,-5.06886859671085E-16));
#4156=DIRECTION('',(-7.40148683083438E-16,1.,3.75171641657853E-31));
#4157=DIRECTION('',(-1.,-4.2421796029427E-17,5.06886859671085E-16));
#4158=DIRECTION('center_axis',(-1.,0.,0.));
#4159=DIRECTION('ref_axis',(0.,0.,1.));
#4160=DIRECTION('',(0.,1.,0.));
#4161=DIRECTION('',(0.,0.737277336810124,-0.675590207615661));
#4162=DIRECTION('',(0.,0.0871557427476617,-0.996194698091745));
#4163=DIRECTION('',(0.,-0.675590207615655,-0.737277336810129));
#4164=DIRECTION('',(0.,-1.,0.));
#4165=DIRECTION('',(0.,-0.0871557427476591,0.996194698091746));
#4166=DIRECTION('center_axis',(1.,0.,0.));
#4167=DIRECTION('ref_axis',(0.,0.,-1.));
#4168=DIRECTION('center_axis',(1.,0.,0.));
#4169=DIRECTION('ref_axis',(0.,0.,-1.));
#4170=DIRECTION('center_axis',(1.,0.,0.));
#4171=DIRECTION('ref_axis',(0.,0.,-1.));
#4172=DIRECTION('center_axis',(4.50566097350075E-16,0.,1.));
#4173=DIRECTION('ref_axis',(1.,8.55911539963944E-32,-4.50566097350075E-16));
#4174=DIRECTION('',(0.,1.,0.));
#4175=DIRECTION('',(1.,3.9419425687251E-17,-4.50566097350075E-16));
#4176=DIRECTION('center_axis',(1.,0.,0.));
#4177=DIRECTION('ref_axis',(0.,0.,-1.));
#4178=DIRECTION('',(1.,0.,0.));
#4179=DIRECTION('center_axis',(1.,0.,0.));
#4180=DIRECTION('ref_axis',(0.,0.,-1.));
#4181=DIRECTION('center_axis',(1.,0.,0.));
#4182=DIRECTION('ref_axis',(0.,0.,-1.));
#4183=DIRECTION('center_axis',(1.,0.,0.));
#4184=DIRECTION('ref_axis',(0.,0.,-1.));
#4185=DIRECTION('center_axis',(1.,0.,0.));
#4186=DIRECTION('ref_axis',(0.,0.,-1.));
#4187=DIRECTION('',(1.,0.,0.));
#4188=DIRECTION('center_axis',(1.,0.,0.));
#4189=DIRECTION('ref_axis',(0.,0.,-1.));
#4190=DIRECTION('center_axis',(1.,0.,0.));
#4191=DIRECTION('ref_axis',(0.,0.,-1.));
#4192=DIRECTION('center_axis',(1.,0.,0.));
#4193=DIRECTION('ref_axis',(0.,0.,-1.));
#4194=DIRECTION('center_axis',(1.,0.,0.));
#4195=DIRECTION('ref_axis',(0.,0.,-1.));
#4196=DIRECTION('',(1.,0.,0.));
#4197=DIRECTION('center_axis',(1.,0.,0.));
#4198=DIRECTION('ref_axis',(0.,0.,-1.));
#4199=DIRECTION('center_axis',(1.,0.,0.));
#4200=DIRECTION('ref_axis',(0.,0.,-1.));
#4201=DIRECTION('center_axis',(1.,0.,0.));
#4202=DIRECTION('ref_axis',(0.,0.,-1.));
#4203=DIRECTION('center_axis',(1.,0.,0.));
#4204=DIRECTION('ref_axis',(0.,0.,-1.));
#4205=DIRECTION('',(1.,0.,0.));
#4206=DIRECTION('center_axis',(1.,0.,0.));
#4207=DIRECTION('ref_axis',(0.,0.,-1.));
#4208=DIRECTION('center_axis',(1.,0.,0.));
#4209=DIRECTION('ref_axis',(0.,0.,-1.));
#4210=DIRECTION('center_axis',(1.,0.,0.));
#4211=DIRECTION('ref_axis',(0.,0.,-1.));
#4212=DIRECTION('center_axis',(1.,0.,0.));
#4213=DIRECTION('ref_axis',(0.,0.,-1.));
#4214=DIRECTION('',(1.,0.,0.));
#4215=DIRECTION('center_axis',(1.,0.,0.));
#4216=DIRECTION('ref_axis',(0.,0.,-1.));
#4217=DIRECTION('center_axis',(1.,0.,0.));
#4218=DIRECTION('ref_axis',(0.,0.,-1.));
#4219=DIRECTION('center_axis',(1.,0.,0.));
#4220=DIRECTION('ref_axis',(0.,0.,-1.));
#4221=DIRECTION('',(1.,0.,0.));
#4222=DIRECTION('center_axis',(1.,0.,0.));
#4223=DIRECTION('ref_axis',(0.,0.,-1.));
#4224=DIRECTION('center_axis',(1.,0.,0.));
#4225=DIRECTION('ref_axis',(0.,0.,-1.));
#4226=DIRECTION('center_axis',(1.,0.,0.));
#4227=DIRECTION('ref_axis',(0.,0.,-1.));
#4228=DIRECTION('',(1.,0.,0.));
#4229=DIRECTION('center_axis',(1.,0.,0.));
#4230=DIRECTION('ref_axis',(0.,0.,-1.));
#4231=DIRECTION('center_axis',(1.,0.,0.));
#4232=DIRECTION('ref_axis',(0.,0.,-1.));
#4233=DIRECTION('center_axis',(1.91773245561645E-18,0.996194698091746,0.0871557427476577));
#4234=DIRECTION('ref_axis',(1.,-1.91043490464358E-18,-1.67141396560542E-19));
#4235=DIRECTION('',(-1.,1.92505788204851E-18,-3.562072640644E-34));
#4236=DIRECTION('center_axis',(0.,-0.996194698091746,-0.0871557427476578));
#4237=DIRECTION('ref_axis',(1.,-3.53182439992662E-16,4.03689376153301E-15));
#4238=DIRECTION('',(0.,0.0871557427476577,-0.996194698091746));
#4239=DIRECTION('center_axis',(-1.91773245561645E-18,-0.996194698091746,
-0.0871557427476577));
#4240=DIRECTION('ref_axis',(-4.39981464418775E-33,0.0871557427476577,-0.996194698091746));
#4241=DIRECTION('center_axis',(-1.,-1.66533453693773E-15,-1.45697892960245E-16));
#4242=DIRECTION('ref_axis',(0.,-0.0871557427476577,0.996194698091746));
#4243=DIRECTION('',(-1.66533453693773E-15,1.,-2.77555756156289E-16));
#4244=DIRECTION('',(0.,0.0871557427476577,-0.996194698091746));
#4245=DIRECTION('',(1.66533453693773E-15,-1.,2.77555756156289E-16));
#4246=DIRECTION('center_axis',(0.,-0.996194698091746,-0.0871557427476578));
#4247=DIRECTION('ref_axis',(1.,-3.53182439992662E-16,4.03689376153301E-15));
#4248=DIRECTION('center_axis',(1.781036320322E-34,2.77555756156289E-16,
1.));
#4249=DIRECTION('ref_axis',(1.,-1.92505788204851E-18,3.562072640644E-34));
#4250=DIRECTION('',(-1.,1.92505788204851E-18,-3.562072640644E-34));
#4251=DIRECTION('center_axis',(1.91773245561645E-18,0.996194698091746,0.0871557427476577));
#4252=DIRECTION('ref_axis',(1.,-1.91043490464358E-18,-1.67141396560542E-19));
#4253=DIRECTION('',(0.,0.0871557427476577,-0.996194698091746));
#4254=DIRECTION('center_axis',(0.,-0.996194698091746,-0.0871557427476582));
#4255=DIRECTION('ref_axis',(0.,-0.0871557427476582,0.996194698091746));
#4256=DIRECTION('',(1.,-1.92505788204851E-18,3.562072640644E-34));
#4257=DIRECTION('center_axis',(-1.91773245561645E-18,-0.996194698091746,
-0.0871557427476577));
#4258=DIRECTION('ref_axis',(0.,0.0871557427476577,-0.996194698091746));
#4259=DIRECTION('center_axis',(-5.343108960966E-33,-2.96059473233375E-15,
-1.));
#4260=DIRECTION('ref_axis',(-1.,1.92505788204851E-18,-3.562072640644E-34));
#4261=DIRECTION('',(-7.40148683083437E-16,1.,-2.96059473233375E-15));
#4262=DIRECTION('',(1.,-1.92505788204851E-18,3.562072640644E-34));
#4263=DIRECTION('',(7.40148683083437E-16,-1.,2.96059473233375E-15));
#4264=DIRECTION('center_axis',(0.,-0.996194698091746,-0.0871557427476582));
#4265=DIRECTION('ref_axis',(0.,-0.0871557427476582,0.996194698091746));
#4266=DIRECTION('center_axis',(-1.,-7.40148683083438E-16,-6.47546190934423E-17));
#4267=DIRECTION('ref_axis',(0.,-0.0871557427476577,0.996194698091746));
#4268=DIRECTION('',(0.,0.0871557427476577,-0.996194698091746));
#4269=DIRECTION('center_axis',(-2.25858826812544E-17,-1.,1.9203857723246E-16));
#4270=DIRECTION('ref_axis',(1.,-2.25858826812544E-17,0.));
#4271=DIRECTION('center_axis',(2.25858826812544E-17,1.,-1.9203857723246E-16));
#4272=DIRECTION('ref_axis',(1.,0.,0.));
#4273=DIRECTION('center_axis',(0.,1.,0.));
#4274=DIRECTION('ref_axis',(1.,0.,0.));
#4275=DIRECTION('',(0.,1.,0.));
#4276=DIRECTION('center_axis',(-2.25858826812544E-17,-1.,1.9203857723246E-16));
#4277=DIRECTION('ref_axis',(1.,-2.25858826812544E-17,0.));
#4278=DIRECTION('center_axis',(2.25858826812544E-17,1.,-1.9203857723246E-16));
#4279=DIRECTION('ref_axis',(1.,0.,-4.41662122134939E-33));
#4280=DIRECTION('center_axis',(0.,1.,-1.9554786871425E-16));
#4281=DIRECTION('ref_axis',(1.,0.,-4.41662122134939E-33));
#4282=DIRECTION('',(0.,1.,-1.9554786871425E-16));
#4283=DIRECTION('center_axis',(8.50436206704942E-19,-0.996194698091745,
-0.0871557427476602));
#4284=DIRECTION('ref_axis',(1.,0.,9.7576611694675E-18));
#4285=DIRECTION('',(1.,8.47200040184719E-19,7.41203992548734E-20));
#4286=DIRECTION('center_axis',(8.50436206704942E-19,-0.996194698091745,
-0.0871557427476602));
#4287=DIRECTION('ref_axis',(0.707106781186582,-0.0616284167162183,0.704416026402725));
#4288=DIRECTION('',(-6.00311431890193E-17,-0.0871557427476601,0.996194698091745));
#4289=DIRECTION('center_axis',(8.50436206704942E-19,-0.996194698091745,
-0.0871557427476602));
#4290=DIRECTION('ref_axis',(-2.90324551343128E-15,0.0871557427476602,-0.996194698091745));
#4291=DIRECTION('',(-1.,0.,-9.7576611694675E-18));
#4292=DIRECTION('center_axis',(8.50436206704942E-19,-0.996194698091745,
-0.0871557427476602));
#4293=DIRECTION('ref_axis',(2.90324551343128E-15,0.0871557427476602,-0.996194698091745));
#4294=DIRECTION('',(-6.00311431890193E-17,-0.0871557427476601,0.996194698091745));
#4295=DIRECTION('center_axis',(8.50436206704942E-19,-0.996194698091745,
-0.0871557427476602));
#4296=DIRECTION('ref_axis',(-0.707106781186582,-0.0616284167162183,0.704416026402725));
#4297=DIRECTION('center_axis',(8.50436206704942E-19,-0.996194698091745,
-0.0871557427476602));
#4298=DIRECTION('ref_axis',(1.,0.,9.7576611694675E-18));
#4299=DIRECTION('',(1.,8.47200040184719E-19,7.41203992548734E-20));
#4300=DIRECTION('center_axis',(8.50436206704942E-19,-0.996194698091745,
-0.0871557427476602));
#4301=DIRECTION('ref_axis',(0.707106781186531,-0.0616284167162227,0.704416026402775));
#4302=DIRECTION('',(-6.00311431890193E-17,-0.0871557427476601,0.996194698091745));
#4303=DIRECTION('center_axis',(8.50436206704942E-19,-0.996194698091745,
-0.0871557427476602));
#4304=DIRECTION('ref_axis',(5.39174166780094E-15,0.0871557427476602,-0.996194698091745));
#4305=DIRECTION('',(-1.,0.,-9.7576611694675E-18));
#4306=DIRECTION('center_axis',(8.50436206704942E-19,-0.996194698091745,
-0.0871557427476602));
#4307=DIRECTION('ref_axis',(-5.39174166780094E-15,0.0871557427476602,-0.996194698091745));
#4308=DIRECTION('',(-6.00311431890193E-17,-0.0871557427476601,0.996194698091745));
#4309=DIRECTION('center_axis',(8.50436206704942E-19,-0.996194698091745,
-0.0871557427476602));
#4310=DIRECTION('ref_axis',(-0.707106781186528,-0.0616284167162224,0.704416026402778));
#4311=DIRECTION('center_axis',(0.,-1.,0.));
#4312=DIRECTION('ref_axis',(-0.707106781186578,0.,-0.707106781186517));
#4313=DIRECTION('',(0.,-1.,0.));
#4314=DIRECTION('',(0.,1.,0.));
#4315=DIRECTION('center_axis',(0.,-1.,0.));
#4316=DIRECTION('ref_axis',(-0.707106781186527,0.,-0.707106781186568));
#4317=DIRECTION('',(0.,-1.,0.));
#4318=DIRECTION('',(0.,1.,0.));
#4319=DIRECTION('center_axis',(-9.7576611694675E-18,0.,1.));
#4320=DIRECTION('ref_axis',(-1.,-1.01123403807795E-16,-9.7576611694675E-18));
#4321=DIRECTION('',(0.,1.,0.));
#4322=DIRECTION('',(-1.,-1.01123403807795E-16,-9.7576611694675E-18));
#4323=DIRECTION('',(0.,-1.,0.));
#4324=DIRECTION('',(1.,-8.53684734855551E-19,9.7576611694675E-18));
#4325=DIRECTION('',(0.,-1.,0.));
#4326=DIRECTION('',(1.,-8.53684734855551E-19,9.7576611694675E-18));
#4327=DIRECTION('',(0.,-1.,0.));
#4328=DIRECTION('',(1.,-8.53684734855551E-19,9.7576611694675E-18));
#4329=DIRECTION('center_axis',(0.,-1.,0.));
#4330=DIRECTION('ref_axis',(0.707106781186526,0.,-0.70710678118657));
#4331=DIRECTION('center_axis',(2.51234120252506E-15,-0.996194698091745,
-0.0871557427476591));
#4332=DIRECTION('ref_axis',(3.66361933837756E-14,0.0871557427476591,-0.996194698091745));
#4333=DIRECTION('',(0.,1.,0.));
#4334=DIRECTION('center_axis',(0.,1.,0.));
#4335=DIRECTION('ref_axis',(0.707106781186527,0.,-0.707106781186568));
#4336=DIRECTION('',(0.,1.,0.));
#4337=DIRECTION('center_axis',(0.,1.,0.));
#4338=DIRECTION('ref_axis',(0.707106781186578,0.,-0.707106781186517));
#4339=DIRECTION('',(0.,1.,0.));
#4340=DIRECTION('center_axis',(0.,-0.996194698091745,-0.0871557427476621));
#4341=DIRECTION('ref_axis',(0.707106781186531,0.0616284167162227,-0.704416026402775));
#4342=DIRECTION('center_axis',(0.,-0.996194698091745,-0.0871557427476617));
#4343=DIRECTION('ref_axis',(0.707106781186531,0.0616284167162227,-0.704416026402775));
#4344=DIRECTION('',(0.,-0.996194698091745,-0.0871557427476621));
#4345=DIRECTION('center_axis',(2.51234120252506E-15,-0.996194698091745,
-0.0871557427476591));
#4346=DIRECTION('ref_axis',(0.707106781186531,0.0616284167162227,-0.704416026402775));
#4347=DIRECTION('',(0.,0.996194698091745,0.0871557427476621));
#4348=DIRECTION('center_axis',(-1.,0.,0.));
#4349=DIRECTION('ref_axis',(0.,0.0871557427476619,-0.996194698091745));
#4350=DIRECTION('',(0.,-0.0871557427476617,0.996194698091745));
#4351=DIRECTION('',(0.,0.0871557427476619,-0.996194698091745));
#4352=DIRECTION('',(0.,-1.,0.));
#4353=DIRECTION('center_axis',(0.,-1.,0.));
#4354=DIRECTION('ref_axis',(0.707106781186522,0.,0.707106781186573));
#4355=DIRECTION('center_axis',(2.51234120252506E-15,-0.996194698091745,
-0.0871557427476591));
#4356=DIRECTION('ref_axis',(-3.53919453065908E-14,-0.0871557427476591,0.996194698091745));
#4357=DIRECTION('',(0.,1.,0.));
#4358=DIRECTION('',(0.,1.,0.));
#4359=DIRECTION('center_axis',(1.,0.,-2.73157962042158E-8));
#4360=DIRECTION('ref_axis',(-2.73157962042158E-8,0.,-1.));
#4361=DIRECTION('',(0.,1.,0.));
#4362=DIRECTION('',(-2.72118513527944E-8,0.0871557427476616,-0.996194698091745));
#4363=DIRECTION('',(0.,1.,0.));
#4364=DIRECTION('',(-0.707265522306187,0.70517745901879,0.050002322433656));
#4365=DIRECTION('',(0.707106780344831,-0.704416025564247,-0.0616284359580546));
#4366=DIRECTION('center_axis',(3.05560794327054E-16,0.675590207615661,0.737277336810124));
#4367=DIRECTION('ref_axis',(1.,0.,-4.14444848730983E-16));
#4368=DIRECTION('',(2.80450625260379E-8,-0.737277336810104,0.675590207615681));
#4369=DIRECTION('',(-1.,-3.9419425687251E-17,4.50566097350075E-16));
#4370=DIRECTION('',(0.,-0.675590207615659,-0.737277336810125));
#4371=DIRECTION('center_axis',(0.707106782028263,0.704416027241269,0.0616283974743972));
#4372=DIRECTION('ref_axis',(0.0868265668567664,0.,-0.996223442450471));
#4373=DIRECTION('',(-0.70710678034483,0.704416025564251,0.0616284359580333));
#4374=DIRECTION('',(2.72118513527944E-8,-0.0871557427476616,0.996194698091745));
#4375=DIRECTION('center_axis',(-1.,0.,-6.02604524035428E-17));
#4376=DIRECTION('ref_axis',(0.,-1.,0.));
#4377=DIRECTION('',(-6.00311431890193E-17,-0.0871557427476617,0.996194698091745));
#4378=DIRECTION('',(5.2520444875409E-18,-0.996194698091745,-0.0871557427476619));
#4379=DIRECTION('center_axis',(5.2520444875409E-18,-0.996194698091745,-0.087155742747662));
#4380=DIRECTION('ref_axis',(0.707106781186582,-0.0616284167162183,0.704416026402725));
#4381=DIRECTION('center_axis',(0.,-0.996194698091745,-0.0871557427476617));
#4382=DIRECTION('ref_axis',(0.707106781186582,-0.0616284167162183,0.704416026402725));
#4383=DIRECTION('',(-5.2520444875409E-18,0.996194698091745,0.0871557427476619));
#4384=DIRECTION('',(-0.707106781186558,-0.704416026402748,-0.0616284167162171));
#4385=DIRECTION('',(0.709807814216492,0.701714953885184,0.0613921034915756));
#4386=DIRECTION('center_axis',(0.,0.766044443118989,-0.642787609686526));
#4387=DIRECTION('ref_axis',(-1.,0.,0.));
#4388=DIRECTION('',(0.,-0.642787609686526,-0.766044443118989));
#4389=DIRECTION('',(1.,0.,0.));
#4390=DIRECTION('',(0.,0.642787609686531,0.766044443118985));
#4391=DIRECTION('',(-1.,0.,0.));
#4392=DIRECTION('center_axis',(0.,0.996194698091745,0.0871557427476612));
#4393=DIRECTION('ref_axis',(0.707106781186581,-0.0616284167162187,0.704416026402725));
#4394=DIRECTION('',(0.707106781186558,0.704416026402748,0.0616284167162191));
#4395=DIRECTION('center_axis',(0.,0.996194698091745,0.0871557427476617));
#4396=DIRECTION('ref_axis',(0.707106781186581,-0.0616284167162189,0.704416026402725));
#4397=DIRECTION('center_axis',(-0.707106781186537,0.704416026402769,0.0616284167162227));
#4398=DIRECTION('ref_axis',(0.0868265938642535,0.,0.996223440096614));
#4399=DIRECTION('',(6.00311431890193E-17,0.0871557427476617,-0.996194698091745));
#4400=DIRECTION('',(0.,0.73727733681012,-0.675590207615664));
#4401=DIRECTION('center_axis',(-6.61736139326114E-18,0.675590207615664,
0.73727733681012));
#4402=DIRECTION('ref_axis',(1.,0.,8.97540323413655E-18));
#4403=DIRECTION('',(0.,0.73727733681012,-0.675590207615664));
#4404=DIRECTION('',(-1.,8.53684734855551E-19,-9.7576611694675E-18));
#4405=DIRECTION('center_axis',(-1.,0.,-6.02604524035428E-17));
#4406=DIRECTION('ref_axis',(0.,-1.,0.));
#4407=DIRECTION('',(-6.00311431890193E-17,-0.0871557427476617,0.996194698091745));
#4408=DIRECTION('',(5.2520444875409E-18,-0.996194698091745,-0.0871557427476619));
#4409=DIRECTION('center_axis',(5.2520444875409E-18,-0.996194698091745,-0.087155742747662));
#4410=DIRECTION('ref_axis',(0.707106781186531,-0.0616284167162227,0.704416026402775));
#4411=DIRECTION('center_axis',(0.,-0.996194698091745,-0.0871557427476617));
#4412=DIRECTION('ref_axis',(0.707106781186531,-0.0616284167162227,0.704416026402775));
#4413=DIRECTION('',(-5.2520444875409E-18,0.996194698091745,0.0871557427476619));
#4414=DIRECTION('center_axis',(-5.2520444875409E-18,0.996194698091745,0.087155742747662));
#4415=DIRECTION('ref_axis',(-0.707106781186582,-0.0616284167162183,0.704416026402725));
#4416=DIRECTION('center_axis',(0.,-0.996194698091745,-0.0871557427476617));
#4417=DIRECTION('ref_axis',(-0.707106781186582,-0.0616284167162183,0.704416026402725));
#4418=DIRECTION('',(5.2520444875409E-18,-0.996194698091745,-0.0871557427476619));
#4419=DIRECTION('',(-5.2520444875409E-18,0.996194698091745,0.0871557427476619));
#4420=DIRECTION('center_axis',(1.,0.,6.02604524035428E-17));
#4421=DIRECTION('ref_axis',(0.,1.,0.));
#4422=DIRECTION('',(6.00311431890193E-17,0.0871557427476617,-0.996194698091745));
#4423=DIRECTION('',(0.709807814216492,-0.701714953885184,-0.0613921034915756));
#4424=DIRECTION('',(-0.70710678118657,0.704416026402737,0.0616284167162159));
#4425=DIRECTION('',(-0.707106781186558,-0.704416026402748,-0.0616284167162166));
#4426=DIRECTION('',(0.709807814216505,0.701714953885171,0.061392103491574));
#4427=DIRECTION('center_axis',(0.707106781186525,0.704416026402781,0.0616284167162238));
#4428=DIRECTION('ref_axis',(0.0868265938642565,0.,-0.996223440096614));
#4429=DIRECTION('',(-6.00311431890193E-17,-0.0871557427476617,0.996194698091745));
#4430=DIRECTION('',(-0.707106781186546,0.70441602640276,0.0616284167162202));
#4431=DIRECTION('center_axis',(0.,0.996194698091745,0.0871557427476614));
#4432=DIRECTION('ref_axis',(-0.707106781186582,-0.0616284167162187,0.704416026402725));
#4433=DIRECTION('',(0.,0.642787609686526,0.766044443118989));
#4434=DIRECTION('center_axis',(0.,0.996194698091745,0.0871557427476617));
#4435=DIRECTION('ref_axis',(-0.707106781186582,-0.0616284167162189,0.704416026402725));
#4436=DIRECTION('center_axis',(0.,0.766044443118989,-0.642787609686526));
#4437=DIRECTION('ref_axis',(-1.,0.,0.));
#4438=DIRECTION('',(1.,0.,0.));
#4439=DIRECTION('',(0.,0.642787609686534,0.766044443118983));
#4440=DIRECTION('',(-1.,0.,0.));
#4441=DIRECTION('center_axis',(0.,0.996194698091745,0.0871557427476614));
#4442=DIRECTION('ref_axis',(0.707106781186531,-0.0616284167162231,0.704416026402775));
#4443=DIRECTION('',(0.707106781186559,0.704416026402747,0.0616284167162191));
#4444=DIRECTION('center_axis',(0.,0.996194698091745,0.0871557427476617));
#4445=DIRECTION('ref_axis',(0.707106781186531,-0.0616284167162232,0.704416026402775));
#4446=DIRECTION('center_axis',(-0.707106781186537,0.704416026402769,0.0616284167162227));
#4447=DIRECTION('ref_axis',(0.0868265938642535,0.,0.996223440096614));
#4448=DIRECTION('',(6.00311431890193E-17,0.0871557427476617,-0.996194698091745));
#4449=DIRECTION('',(0.,-0.737277336810117,0.675590207615668));
#4450=DIRECTION('',(0.,0.737277336810117,-0.675590207615668));
#4451=DIRECTION('center_axis',(-6.61736139326111E-18,0.675590207615668,
0.737277336810117));
#4452=DIRECTION('ref_axis',(1.,0.,8.97540323413655E-18));
#4453=DIRECTION('',(-1.,8.53684734855551E-19,-9.7576611694675E-18));
#4454=DIRECTION('center_axis',(-1.,0.,0.));
#4455=DIRECTION('ref_axis',(0.,0.0871557427476619,-0.996194698091745));
#4456=DIRECTION('',(0.,-0.0871557427476617,0.996194698091745));
#4457=DIRECTION('',(0.,0.0871557427476619,-0.996194698091745));
#4458=DIRECTION('',(0.,-0.996194698091745,-0.0871557427476619));
#4459=DIRECTION('center_axis',(0.,0.996194698091745,0.087155742747662));
#4460=DIRECTION('ref_axis',(0.707106781186531,-0.0616284167162227,0.704416026402775));
#4461=DIRECTION('center_axis',(0.,-0.996194698091745,-0.0871557427476617));
#4462=DIRECTION('ref_axis',(0.707106781186531,-0.0616284167162227,0.704416026402775));
#4463=DIRECTION('center_axis',(2.51234120252506E-15,-0.996194698091745,
-0.0871557427476591));
#4464=DIRECTION('ref_axis',(0.707106781186531,-0.0616284167162227,0.704416026402775));
#4465=DIRECTION('',(0.,0.996194698091745,0.0871557427476619));
#4466=DIRECTION('center_axis',(-5.2520444875409E-18,0.996194698091745,0.087155742747662));
#4467=DIRECTION('ref_axis',(-0.707106781186528,-0.0616284167162224,0.704416026402778));
#4468=DIRECTION('center_axis',(0.,-0.996194698091745,-0.0871557427476617));
#4469=DIRECTION('ref_axis',(-0.707106781186528,-0.0616284167162224,0.704416026402778));
#4470=DIRECTION('',(5.2520444875409E-18,-0.996194698091745,-0.0871557427476619));
#4471=DIRECTION('',(-5.2520444875409E-18,0.996194698091745,0.0871557427476619));
#4472=DIRECTION('center_axis',(1.,0.,6.02604524035428E-17));
#4473=DIRECTION('ref_axis',(0.,1.,0.));
#4474=DIRECTION('',(6.00311431890193E-17,0.0871557427476617,-0.996194698091745));
#4475=DIRECTION('',(0.709807814216505,-0.701714953885171,-0.061392103491574));
#4476=DIRECTION('',(-0.707106781186558,0.704416026402748,0.0616284167162165));
#4477=DIRECTION('',(-0.707106781186563,-0.704416026402745,-0.0616284167162022));
#4478=DIRECTION('',(0.709807814216492,0.701714953885185,0.0613921034915684));
#4479=DIRECTION('center_axis',(0.707106781186537,0.704416026402769,0.0616284167162228));
#4480=DIRECTION('ref_axis',(0.0868265938642536,0.,-0.996223440096614));
#4481=DIRECTION('',(-6.00311431890193E-17,-0.0871557427476617,0.996194698091745));
#4482=DIRECTION('',(-0.707106781186548,0.704416026402758,0.0616284167162203));
#4483=DIRECTION('center_axis',(0.,0.996194698091745,0.0871557427476618));
#4484=DIRECTION('ref_axis',(-0.707106781186528,-0.0616284167162232,0.704416026402778));
#4485=DIRECTION('',(0.,0.642787609686526,0.766044443118989));
#4486=DIRECTION('center_axis',(0.,0.996194698091745,0.0871557427476617));
#4487=DIRECTION('ref_axis',(-0.707106781186528,-0.0616284167162235,0.704416026402778));
#4488=DIRECTION('center_axis',(0.,0.766044443118989,-0.642787609686526));
#4489=DIRECTION('ref_axis',(-1.,0.,0.));
#4490=DIRECTION('',(1.,0.,0.));
#4491=DIRECTION('',(0.,0.642787609686532,0.766044443118984));
#4492=DIRECTION('',(-1.,0.,0.));
#4493=DIRECTION('center_axis',(0.,0.996194698091745,0.0871557427476614));
#4494=DIRECTION('ref_axis',(0.707106781186531,-0.0616284167162231,0.704416026402775));
#4495=DIRECTION('',(0.707106781186563,0.704416026402744,0.0616284167162101));
#4496=DIRECTION('center_axis',(0.,0.996194698091745,0.0871557427476617));
#4497=DIRECTION('ref_axis',(0.707106781186531,-0.0616284167162233,0.704416026402775));
#4498=DIRECTION('center_axis',(-0.707106781186532,0.704416026402774,0.0616284167162232));
#4499=DIRECTION('ref_axis',(0.0868265938642549,0.,0.996223440096614));
#4500=DIRECTION('',(0.,0.0871557427476617,-0.996194698091745));
#4501=DIRECTION('',(0.,-0.737277336810115,0.67559020761567));
#4502=DIRECTION('',(0.,0.737277336810115,-0.67559020761567));
#4503=DIRECTION('center_axis',(-6.61736139326108E-18,0.67559020761567,0.737277336810115));
#4504=DIRECTION('ref_axis',(1.,0.,8.97540323413654E-18));
#4505=DIRECTION('',(-1.,8.53684734855551E-19,-9.7576611694675E-18));
#4506=DIRECTION('center_axis',(0.,0.996194698091745,0.0871557427476617));
#4507=DIRECTION('ref_axis',(0.,-0.0871557427476617,0.996194698091745));
#4508=DIRECTION('',(1.,4.92742821090637E-18,-5.63207621687593E-17));
#4509=DIRECTION('',(0.,0.0871557427476617,-0.996194698091745));
#4510=DIRECTION('',(0.,0.0871557427476617,-0.996194698091745));
#4511=DIRECTION('',(-1.,0.,0.));
#4512=DIRECTION('center_axis',(0.,0.996194698091745,0.0871557427476617));
#4513=DIRECTION('ref_axis',(0.707106781186531,0.0616284167162233,-0.704416026402775));
#4514=DIRECTION('',(0.,0.0871557427476617,-0.996194698091745));
#4515=DIRECTION('',(1.,0.,0.));
#4516=DIRECTION('',(0.707106781186557,0.704416026402748,0.0616284167162268));
#4517=DIRECTION('',(-0.694047986365017,-0.696561672820381,-0.181931933921285));
#4518=DIRECTION('',(0.,-0.675590207615655,-0.737277336810129));
#4519=DIRECTION('center_axis',(0.,0.996194698091745,0.0871557427476622));
#4520=DIRECTION('ref_axis',(0.707106781186531,0.0616284167162231,-0.704416026402775));
#4521=DIRECTION('',(0.,0.766044443118971,-0.642787609686547));
#4522=DIRECTION('',(-0.707106781186557,-0.704416026402749,-0.0616284167162237));
#4523=DIRECTION('center_axis',(0.,0.642787609686547,0.766044443118971));
#4524=DIRECTION('ref_axis',(1.,0.,0.));
#4525=DIRECTION('',(0.,0.766044443118971,-0.642787609686547));
#4526=DIRECTION('',(1.,0.,0.));
#4527=DIRECTION('center_axis',(-0.707106781186538,0.704416026402768,0.0616284167162227));
#4528=DIRECTION('ref_axis',(0.0868265938642534,0.,0.996223440096614));
#4529=DIRECTION('center_axis',(0.,0.087155742747662,-0.996194698091745));
#4530=DIRECTION('ref_axis',(0.,-0.996194698091745,-0.0871557427476619));
#4531=DIRECTION('',(0.,-0.996194698091745,-0.0871557427476619));
#4532=DIRECTION('',(-1.,0.,0.));
#4533=DIRECTION('center_axis',(-2.51234120252506E-15,0.996194698091745,
0.0871557427476591));
#4534=DIRECTION('ref_axis',(1.,2.5027809857529E-15,2.18964963541626E-16));
#4535=DIRECTION('',(1.,0.,0.));
#4536=DIRECTION('',(-1.,0.,0.));
#4537=DIRECTION('',(0.,-0.0871557427476591,0.996194698091746));
#4538=DIRECTION('',(0.,-0.0871557427476591,0.996194698091746));
#4539=DIRECTION('center_axis',(0.,-0.0871557427476621,0.996194698091745));
#4540=DIRECTION('ref_axis',(0.,0.996194698091745,0.0871557427476621));
#4541=DIRECTION('',(0.,0.996194698091745,0.0871557427476621));
#4542=DIRECTION('center_axis',(-4.16826365553244E-17,0.737277336810125,
-0.675590207615659));
#4543=DIRECTION('ref_axis',(-1.,0.,6.169810646373E-17));
#4544=DIRECTION('',(0.,-0.675590207615659,-0.737277336810125));
#4545=DIRECTION('',(-1.,-4.92742821090637E-18,5.63207621687593E-17));
#4546=DIRECTION('center_axis',(-5.63207621687593E-17,0.,-1.));
#4547=DIRECTION('ref_axis',(-1.,-1.01397740958152E-32,5.63207621687593E-17));
#4548=DIRECTION('',(0.,-1.,0.));
#4549=DIRECTION('center_axis',(0.,0.737277336810129,-0.675590207615655));
#4550=DIRECTION('ref_axis',(-1.,0.,0.));
#4551=DIRECTION('',(-1.,0.,0.));
#4552=DIRECTION('center_axis',(0.,0.,-1.));
#4553=DIRECTION('ref_axis',(1.,0.,0.));
#4554=DIRECTION('center_axis',(-1.,0.,0.));
#4555=DIRECTION('ref_axis',(0.,0.,1.));
#4556=DIRECTION('center_axis',(-1.,0.,0.));
#4557=DIRECTION('ref_axis',(0.,0.,1.));
#4558=DIRECTION('center_axis',(0.,0.,1.));
#4559=DIRECTION('ref_axis',(-0.70710678118654,0.707106781186555,0.));
#4560=DIRECTION('center_axis',(-5.63207621687593E-17,0.,-1.));
#4561=DIRECTION('ref_axis',(-0.70710678118654,0.707106781186555,0.));
#4562=DIRECTION('',(0.,0.,1.));
#4563=DIRECTION('center_axis',(4.92806669124665E-17,0.,1.));
#4564=DIRECTION('ref_axis',(-0.70710678118654,0.707106781186555,0.));
#4565=DIRECTION('',(0.,0.,-1.));
#4566=DIRECTION('center_axis',(0.,1.,0.));
#4567=DIRECTION('ref_axis',(0.,0.,1.));
#4568=DIRECTION('',(-1.,0.,5.63207621687593E-17));
#4569=DIRECTION('',(0.,0.,-1.));
#4570=DIRECTION('',(1.,0.,-4.92806669124665E-17));
#4571=DIRECTION('center_axis',(-1.,0.,0.));
#4572=DIRECTION('ref_axis',(0.,0.,1.));
#4573=DIRECTION('',(0.,-1.,0.));
#4574=DIRECTION('',(0.,-0.675590207615659,-0.737277336810125));
#4575=DIRECTION('',(0.,0.0871557427476617,-0.996194698091745));
#4576=DIRECTION('',(0.,0.73727733681012,-0.675590207615664));
#4577=DIRECTION('',(0.,1.,0.));
#4578=DIRECTION('',(0.,-0.0871557427476591,0.996194698091746));
#4579=DIRECTION('',(0.,1.,0.));
#4580=DIRECTION('center_axis',(-1.,0.,0.));
#4581=DIRECTION('ref_axis',(0.,0.,-1.));
#4582=DIRECTION('center_axis',(-1.,0.,0.));
#4583=DIRECTION('ref_axis',(0.,0.,-1.));
#4584=DIRECTION('center_axis',(-1.,0.,0.));
#4585=DIRECTION('ref_axis',(0.,0.,-1.));
#4586=DIRECTION('center_axis',(-5.63207621687593E-17,0.,-1.));
#4587=DIRECTION('ref_axis',(-1.,-1.01397740958152E-32,5.63207621687593E-17));
#4588=DIRECTION('',(0.,-1.,0.));
#4589=DIRECTION('',(-1.,0.,5.63207621687593E-17));
#4590=DIRECTION('',(0.,1.,0.));
#4591=DIRECTION('',(-1.,-4.92742821090637E-18,5.63207621687593E-17));
#4592=DIRECTION('center_axis',(-1.,0.,0.));
#4593=DIRECTION('ref_axis',(0.,1.,-2.40079917818777E-49));
#4594=DIRECTION('',(0.,1.,0.));
#4595=DIRECTION('',(0.,0.,-1.));
#4596=DIRECTION('center_axis',(0.,-1.,0.));
#4597=DIRECTION('ref_axis',(1.,0.,0.));
#4598=DIRECTION('',(0.,0.,-1.));
#4599=DIRECTION('',(1.,0.,-4.50566097350075E-16));
#4600=DIRECTION('',(2.73157964610792E-8,0.,1.));
#4601=DIRECTION('',(1.,0.,-4.92806669124665E-17));
#4602=DIRECTION('',(-2.7315796440877E-8,0.,-1.));
#4603=DIRECTION('',(-1.,0.,5.06886859671085E-16));
#4604=DIRECTION('',(0.,1.,0.));
#4605=DIRECTION('center_axis',(-1.,0.,2.73157964610792E-8));
#4606=DIRECTION('ref_axis',(2.73157964610792E-8,0.,1.));
#4607=DIRECTION('',(0.,1.,0.));
#4608=DIRECTION('',(2.72118516086803E-8,-0.0871557427476616,0.996194698091745));
#4609=DIRECTION('',(0.,1.,0.));
#4610=DIRECTION('center_axis',(4.50566097350075E-16,0.,1.));
#4611=DIRECTION('ref_axis',(1.,8.55911539963944E-32,-4.50566097350075E-16));
#4612=DIRECTION('',(0.,1.,0.));
#4613=DIRECTION('',(1.,3.9419425687251E-17,-4.50566097350075E-16));
#4614=DIRECTION('center_axis',(-1.,0.,0.));
#4615=DIRECTION('ref_axis',(0.,0.,1.));
#4616=DIRECTION('',(0.,-1.,0.));
#4617=DIRECTION('',(0.,-0.0871557427476591,0.996194698091746));
#4618=DIRECTION('',(0.,-1.,0.));
#4619=DIRECTION('',(0.,-0.675590207615655,-0.737277336810129));
#4620=DIRECTION('',(0.,0.0871557427476617,-0.996194698091745));
#4621=DIRECTION('',(0.,0.737277336810124,-0.675590207615661));
#4622=DIRECTION('center_axis',(-1.,0.,0.));
#4623=DIRECTION('ref_axis',(0.,0.,-1.));
#4624=DIRECTION('center_axis',(-1.,0.,0.));
#4625=DIRECTION('ref_axis',(0.,0.,-1.));
#4626=DIRECTION('center_axis',(-1.,0.,0.));
#4627=DIRECTION('ref_axis',(0.,0.,-1.));
#4628=DIRECTION('center_axis',(1.,0.,0.));
#4629=DIRECTION('ref_axis',(0.,0.,-1.));
#4630=DIRECTION('center_axis',(-1.,0.,0.));
#4631=DIRECTION('ref_axis',(0.,0.,-1.));
#4632=DIRECTION('center_axis',(1.,0.,0.));
#4633=DIRECTION('ref_axis',(0.,0.,-1.));
#4634=DIRECTION('',(1.,0.,0.));
#4635=DIRECTION('center_axis',(1.,0.,0.));
#4636=DIRECTION('ref_axis',(0.,0.,-1.));
#4637=DIRECTION('center_axis',(-1.,0.,0.));
#4638=DIRECTION('ref_axis',(0.,0.,-1.));
#4639=DIRECTION('center_axis',(1.,0.,0.));
#4640=DIRECTION('ref_axis',(0.,0.,-1.));
#4641=DIRECTION('',(1.,0.,0.));
#4642=DIRECTION('center_axis',(1.,0.,0.));
#4643=DIRECTION('ref_axis',(0.,0.,-1.));
#4644=DIRECTION('center_axis',(-1.,0.,0.));
#4645=DIRECTION('ref_axis',(0.,0.,-1.));
#4646=DIRECTION('center_axis',(1.,0.,0.));
#4647=DIRECTION('ref_axis',(0.,0.,-1.));
#4648=DIRECTION('',(1.,0.,0.));
#4649=DIRECTION('center_axis',(1.,0.,0.));
#4650=DIRECTION('ref_axis',(0.,0.,-1.));
#4651=DIRECTION('center_axis',(-1.,0.,0.));
#4652=DIRECTION('ref_axis',(0.,0.,-1.));
#4653=DIRECTION('center_axis',(1.,0.,0.));
#4654=DIRECTION('ref_axis',(0.,0.,-1.));
#4655=DIRECTION('',(1.,0.,0.));
#4656=DIRECTION('center_axis',(-1.,0.,0.));
#4657=DIRECTION('ref_axis',(0.,0.,-1.));
#4658=DIRECTION('center_axis',(1.,0.,0.));
#4659=DIRECTION('ref_axis',(0.,0.,-1.));
#4660=DIRECTION('center_axis',(-1.,0.,0.));
#4661=DIRECTION('ref_axis',(0.,0.,-1.));
#4662=DIRECTION('center_axis',(1.,0.,0.));
#4663=DIRECTION('ref_axis',(0.,0.,-1.));
#4664=DIRECTION('',(1.,0.,0.));
#4665=DIRECTION('center_axis',(1.,0.,0.));
#4666=DIRECTION('ref_axis',(0.,0.,-1.));
#4667=DIRECTION('center_axis',(-1.,0.,0.));
#4668=DIRECTION('ref_axis',(0.,0.,-1.));
#4669=DIRECTION('center_axis',(1.,0.,0.));
#4670=DIRECTION('ref_axis',(0.,0.,-1.));
#4671=DIRECTION('',(1.,0.,0.));
#4672=DIRECTION('center_axis',(1.,0.,0.));
#4673=DIRECTION('ref_axis',(0.,0.,-1.));
#4674=DIRECTION('center_axis',(-1.,0.,0.));
#4675=DIRECTION('ref_axis',(0.,0.,-1.));
#4676=DIRECTION('center_axis',(1.,0.,0.));
#4677=DIRECTION('ref_axis',(0.,0.,-1.));
#4678=DIRECTION('',(1.,0.,0.));
#4679=DIRECTION('center_axis',(-1.,0.,0.));
#4680=DIRECTION('ref_axis',(0.,0.,1.));
#4681=DIRECTION('',(0.,-0.996194698091745,-0.0871557427476619));
#4682=DIRECTION('',(0.,-0.642787609686526,-0.766044443118989));
#4683=DIRECTION('',(0.,0.0871557427476617,-0.996194698091745));
#4684=DIRECTION('',(0.,0.766044443118971,-0.642787609686547));
#4685=DIRECTION('',(0.,0.996194698091745,0.0871557427476621));
#4686=DIRECTION('',(0.,-0.0871557427476591,0.996194698091746));
#4687=DIRECTION('center_axis',(3.05560794327054E-16,0.675590207615661,0.737277336810124));
#4688=DIRECTION('ref_axis',(1.,0.,-4.14444848730983E-16));
#4689=DIRECTION('',(-1.,-3.9419425687251E-17,4.50566097350075E-16));
#4690=DIRECTION('',(1.50584179004959E-15,-0.737277336810124,0.67559020761566));
#4691=DIRECTION('center_axis',(4.92806669124665E-17,0.,1.));
#4692=DIRECTION('ref_axis',(1.,1.01397740988609E-32,-4.92806669124665E-17));
#4693=DIRECTION('',(-1.,-2.526249437458E-15,4.92806669124665E-17));
#4694=DIRECTION('',(-1.66533453693773E-15,1.,8.20687966126552E-32));
#4695=DIRECTION('',(1.,2.38644180378938E-18,-4.92806669124665E-17));
#4696=DIRECTION('',(0.,1.,0.));
#4697=DIRECTION('center_axis',(-9.7576611694675E-18,0.,1.));
#4698=DIRECTION('ref_axis',(-1.,-1.01123403807795E-16,-9.7576611694675E-18));
#4699=DIRECTION('',(1.,-8.53684734855551E-19,9.7576611694675E-18));
#4700=DIRECTION('',(0.,1.,0.));
#4701=DIRECTION('',(-1.,0.,-9.7576611694675E-18));
#4702=DIRECTION('',(0.,-1.,0.));
#4703=DIRECTION('',(1.,-8.53684734855551E-19,9.7576611694675E-18));
#4704=DIRECTION('',(0.,1.,0.));
#4705=DIRECTION('',(-1.,0.,-9.7576611694675E-18));
#4706=DIRECTION('',(0.,-1.,0.));
#4707=DIRECTION('',(1.,-8.53684734855551E-19,9.7576611694675E-18));
#4708=DIRECTION('',(0.,1.,0.));
#4709=DIRECTION('',(-1.,-1.01123403807795E-16,-9.7576611694675E-18));
#4710=DIRECTION('center_axis',(-6.61736139326114E-18,0.675590207615664,
0.73727733681012));
#4711=DIRECTION('ref_axis',(1.,0.,8.97540323413655E-18));
#4712=DIRECTION('',(-1.,8.53684734855551E-19,-9.7576611694675E-18));
#4713=DIRECTION('',(0.,-0.73727733681012,0.675590207615664));
#4714=DIRECTION('center_axis',(0.,0.642787609686547,0.766044443118971));
#4715=DIRECTION('ref_axis',(1.,0.,0.));
#4716=DIRECTION('',(-1.,0.,0.));
#4717=DIRECTION('',(2.45326946669343E-16,-0.766044443118973,0.642787609686546));
#4718=DIRECTION('',(1.,0.,0.));
#4719=DIRECTION('center_axis',(0.,0.996194698091745,0.0871557427476617));
#4720=DIRECTION('ref_axis',(0.,-0.0871557427476617,0.996194698091745));
#4721=DIRECTION('',(1.,0.,0.));
#4722=DIRECTION('',(2.91050847401186E-17,-0.0871557427476617,0.996194698091745));
#4723=DIRECTION('center_axis',(0.,0.996194698091745,0.0871557427476617));
#4724=DIRECTION('ref_axis',(-0.707106781186555,0.0616284167162212,-0.704416026402751));
#4725=DIRECTION('',(1.,0.,0.));
#4726=DIRECTION('center_axis',(0.,0.996194698091745,0.0871557427476617));
#4727=DIRECTION('ref_axis',(-0.707106781186553,-0.0616284167162213,0.704416026402753));
#4728=DIRECTION('',(-6.00311431890193E-17,-0.0871557427476617,0.996194698091745));
#4729=DIRECTION('',(1.,4.92742821090637E-18,-5.63207621687593E-17));
#4730=DIRECTION('',(-2.72118516086803E-8,0.0871557427476616,-0.996194698091745));
#4731=DIRECTION('',(6.00311431890193E-17,0.0871557427476617,-0.996194698091745));
#4732=DIRECTION('center_axis',(0.,0.996194698091745,0.0871557427476617));
#4733=DIRECTION('ref_axis',(0.707106781186556,-0.0616284167162211,0.70441602640275));
#4734=DIRECTION('',(1.,0.,0.));
#4735=DIRECTION('center_axis',(0.,0.996194698091745,0.0871557427476617));
#4736=DIRECTION('ref_axis',(-0.707106781186566,-0.0616284167162202,0.70441602640274));
#4737=DIRECTION('',(-6.00311431890193E-17,-0.0871557427476617,0.996194698091745));
#4738=DIRECTION('',(-1.,8.53684734855551E-19,-9.7576611694675E-18));
#4739=DIRECTION('',(6.00311431890193E-17,0.0871557427476617,-0.996194698091745));
#4740=DIRECTION('center_axis',(0.,0.996194698091745,0.0871557427476617));
#4741=DIRECTION('ref_axis',(0.70710678118655,-0.0616284167162216,0.704416026402756));
#4742=DIRECTION('',(1.,0.,0.));
#4743=DIRECTION('center_axis',(0.,0.996194698091745,0.0871557427476617));
#4744=DIRECTION('ref_axis',(-0.707106781186555,-0.0616284167162211,0.704416026402751));
#4745=DIRECTION('',(2.91050847401186E-17,-0.0871557427476617,0.996194698091745));
#4746=DIRECTION('',(-1.,8.53684734855551E-19,-9.7576611694675E-18));
#4747=DIRECTION('center_axis',(0.,0.766044443118989,-0.642787609686526));
#4748=DIRECTION('ref_axis',(-1.,0.,0.));
#4749=DIRECTION('',(-1.,0.,0.));
#4750=DIRECTION('',(0.,0.642787609686526,0.766044443118989));
#4751=DIRECTION('center_axis',(0.,0.996194698091745,0.0871557427476622));
#4752=DIRECTION('ref_axis',(-0.707106781186555,0.061628416716221,-0.704416026402751));
#4753=DIRECTION('',(0.707106781186555,-0.704416026402751,-0.0616284167162215));
#4754=DIRECTION('center_axis',(0.,-0.996194698091745,-0.0871557427476617));
#4755=DIRECTION('ref_axis',(-0.707106781186555,0.0616284167162206,-0.704416026402751));
#4756=DIRECTION('center_axis',(0.70710678118655,0.704416026402756,0.0616284167162216));
#4757=DIRECTION('ref_axis',(0.0868265938642504,0.,-0.996223440096614));
#4758=DIRECTION('',(0.707106781186546,-0.704416026402761,-0.0616284167162148));
#4759=DIRECTION('',(-2.91050847401186E-17,0.0871557427476617,-0.996194698091745));
#4760=DIRECTION('',(-0.694047986365023,0.696561672820378,0.181931933921271));
#4761=DIRECTION('',(-1.05276337213448E-15,-0.675590207615663,-0.737277336810122));
#4762=DIRECTION('center_axis',(0.,0.737277336810129,-0.675590207615655));
#4763=DIRECTION('ref_axis',(-1.,0.,0.));
#4764=DIRECTION('',(-1.,0.,0.));
#4765=DIRECTION('center_axis',(0.,-0.0871557427476621,0.996194698091745));
#4766=DIRECTION('ref_axis',(0.,0.996194698091745,0.0871557427476621));
#4767=DIRECTION('',(2.54636496572185E-18,0.996194698091745,0.0871557427476621));
#4768=DIRECTION('',(-1.,0.,0.));
#4769=DIRECTION('center_axis',(2.54636496572186E-18,0.996194698091745,0.0871557427476621));
#4770=DIRECTION('ref_axis',(-0.707106781186555,0.0616284167162206,-0.704416026402751));
#4771=DIRECTION('',(-2.54636496572185E-18,-0.996194698091745,-0.0871557427476621));
#4772=DIRECTION('center_axis',(2.51234120252506E-15,-0.996194698091745,
-0.0871557427476591));
#4773=DIRECTION('ref_axis',(-0.707106781186555,0.0616284167162206,-0.704416026402751));
#4774=DIRECTION('center_axis',(1.,0.,-2.92162614355112E-17));
#4775=DIRECTION('ref_axis',(2.91050847401186E-17,-0.0871557427476616,0.996194698091745));
#4776=DIRECTION('',(0.,1.,0.));
#4777=DIRECTION('',(2.91050847401186E-17,-0.0871557427476616,0.996194698091745));
#4778=DIRECTION('center_axis',(0.,-1.,0.));
#4779=DIRECTION('ref_axis',(-0.707106781186542,0.,0.707106781186553));
#4780=DIRECTION('',(0.,-1.,0.));
#4781=DIRECTION('center_axis',(2.51234120252506E-15,-0.996194698091745,
-0.0871557427476591));
#4782=DIRECTION('ref_axis',(-1.54839760716335E-14,-0.0871557427476591,0.996194698091745));
#4783=DIRECTION('center_axis',(0.,0.087155742747662,-0.996194698091745));
#4784=DIRECTION('ref_axis',(0.,-0.996194698091745,-0.0871557427476619));
#4785=DIRECTION('',(-1.,0.,0.));
#4786=DIRECTION('',(-2.54636496572185E-18,-0.996194698091745,-0.0871557427476619));
#4787=DIRECTION('',(-1.,0.,0.));
#4788=DIRECTION('',(-5.2520444875409E-18,0.996194698091745,0.0871557427476619));
#4789=DIRECTION('',(1.,8.47200040184719E-19,7.41203992548734E-20));
#4790=DIRECTION('',(5.2520444875409E-18,-0.996194698091745,-0.0871557427476619));
#4791=DIRECTION('',(-1.,0.,0.));
#4792=DIRECTION('',(-5.2520444875409E-18,0.996194698091745,0.0871557427476619));
#4793=DIRECTION('',(1.,8.47200040184719E-19,7.41203992548734E-20));
#4794=DIRECTION('',(5.2520444875409E-18,-0.996194698091745,-0.0871557427476619));
#4795=DIRECTION('',(0.709807814216474,-0.701714953885203,-0.0613921034915715));
#4796=DIRECTION('center_axis',(0.,0.996194698091745,0.0871557427476616));
#4797=DIRECTION('ref_axis',(-0.707106781186553,-0.0616284167162211,0.704416026402753));
#4798=DIRECTION('center_axis',(0.,-0.996194698091745,-0.0871557427476617));
#4799=DIRECTION('ref_axis',(-0.707106781186553,-0.0616284167162202,0.704416026402753));
#4800=DIRECTION('',(-0.707106781186553,0.704416026402753,0.0616284167162213));
#4801=DIRECTION('center_axis',(0.707106781186551,0.704416026402756,0.0616284167162216));
#4802=DIRECTION('ref_axis',(0.0868265938642504,0.,-0.996223440096614));
#4803=DIRECTION('',(-0.707106781186545,0.704416026402762,0.0616284167162187));
#4804=DIRECTION('',(6.00311431890193E-17,0.0871557427476617,-0.996194698091745));
#4805=DIRECTION('center_axis',(1.,0.,6.02604524035428E-17));
#4806=DIRECTION('ref_axis',(0.,1.,0.));
#4807=DIRECTION('',(-5.2520444875409E-18,0.996194698091745,0.0871557427476619));
#4808=DIRECTION('',(-6.00311431890193E-17,-0.0871557427476601,0.996194698091745));
#4809=DIRECTION('',(0.,-1.,0.));
#4810=DIRECTION('center_axis',(-5.2520444875409E-18,0.996194698091745,0.087155742747662));
#4811=DIRECTION('ref_axis',(-0.707106781186553,-0.0616284167162202,0.704416026402753));
#4812=DIRECTION('center_axis',(8.50436206704942E-19,-0.996194698091745,
-0.0871557427476602));
#4813=DIRECTION('ref_axis',(-0.707106781186553,-0.0616284167162202,0.704416026402753));
#4814=DIRECTION('center_axis',(-6.61736139326117E-18,0.675590207615661,
0.737277336810123));
#4815=DIRECTION('ref_axis',(1.,0.,8.97540323413656E-18));
#4816=DIRECTION('',(0.,0.737277336810123,-0.675590207615661));
#4817=DIRECTION('',(1.20467343203968E-14,-0.737277336810123,0.675590207615661));
#4818=DIRECTION('',(0.709807814216474,0.701714953885203,0.0613921034915716));
#4819=DIRECTION('',(0.709807814216482,-0.701714953885195,-0.0613921034915715));
#4820=DIRECTION('center_axis',(-0.707106781186544,0.704416026402763,0.0616284167162222));
#4821=DIRECTION('ref_axis',(0.086826593864252,0.,0.996223440096614));
#4822=DIRECTION('',(-0.707106781186552,-0.704416026402755,-0.0616284167162182));
#4823=DIRECTION('',(-6.00311431890193E-17,-0.0871557427476617,0.996194698091745));
#4824=DIRECTION('',(0.707106781186552,0.704416026402754,0.0616284167162196));
#4825=DIRECTION('center_axis',(0.,0.996194698091745,0.0871557427476614));
#4826=DIRECTION('ref_axis',(0.707106781186556,-0.0616284167162209,0.70441602640275));
#4827=DIRECTION('center_axis',(0.,-0.996194698091745,-0.0871557427476617));
#4828=DIRECTION('ref_axis',(0.707106781186556,-0.0616284167162205,0.70441602640275));
#4829=DIRECTION('',(0.,0.64278760968653,0.766044443118985));
#4830=DIRECTION('center_axis',(0.,0.766044443118989,-0.642787609686526));
#4831=DIRECTION('ref_axis',(-1.,0.,0.));
#4832=DIRECTION('',(0.,0.642787609686526,0.766044443118989));
#4833=DIRECTION('center_axis',(0.,0.996194698091745,0.0871557427476612));
#4834=DIRECTION('ref_axis',(-0.707106781186566,-0.0616284167162199,0.70441602640274));
#4835=DIRECTION('center_axis',(0.,-0.996194698091745,-0.0871557427476617));
#4836=DIRECTION('ref_axis',(-0.707106781186566,-0.0616284167162191,0.70441602640274));
#4837=DIRECTION('',(-0.707106781186547,0.704416026402759,0.0616284167162216));
#4838=DIRECTION('center_axis',(0.707106781186543,0.704416026402763,0.0616284167162223));
#4839=DIRECTION('ref_axis',(0.0868265938642523,0.,-0.996223440096614));
#4840=DIRECTION('',(-0.707106781186552,0.704416026402754,0.0616284167162186));
#4841=DIRECTION('',(6.00311431890193E-17,0.0871557427476617,-0.996194698091745));
#4842=DIRECTION('center_axis',(1.,0.,6.02604524035428E-17));
#4843=DIRECTION('ref_axis',(0.,1.,0.));
#4844=DIRECTION('',(-5.2520444875409E-18,0.996194698091745,0.0871557427476619));
#4845=DIRECTION('',(-6.00311431890193E-17,-0.0871557427476601,0.996194698091745));
#4846=DIRECTION('',(0.,-1.,0.));
#4847=DIRECTION('center_axis',(-5.2520444875409E-18,0.996194698091745,0.087155742747662));
#4848=DIRECTION('ref_axis',(-0.707106781186566,-0.0616284167162191,0.70441602640274));
#4849=DIRECTION('center_axis',(8.50436206704942E-19,-0.996194698091745,
-0.0871557427476602));
#4850=DIRECTION('ref_axis',(-0.707106781186566,-0.0616284167162191,0.70441602640274));
#4851=DIRECTION('center_axis',(5.2520444875409E-18,-0.996194698091745,-0.087155742747662));
#4852=DIRECTION('ref_axis',(0.707106781186556,-0.0616284167162205,0.70441602640275));
#4853=DIRECTION('',(5.2520444875409E-18,-0.996194698091745,-0.0871557427476619));
#4854=DIRECTION('center_axis',(8.50436206704942E-19,-0.996194698091745,
-0.0871557427476602));
#4855=DIRECTION('ref_axis',(0.707106781186556,-0.0616284167162205,0.70441602640275));
#4856=DIRECTION('center_axis',(-1.,0.,-6.02604524035428E-17));
#4857=DIRECTION('ref_axis',(0.,-1.,0.));
#4858=DIRECTION('',(0.,1.,0.));
#4859=DIRECTION('',(-6.00311431890193E-17,-0.0871557427476601,0.996194698091745));
#4860=DIRECTION('center_axis',(-6.61736139326119E-18,0.67559020761566,0.737277336810125));
#4861=DIRECTION('ref_axis',(1.,0.,8.97540323413656E-18));
#4862=DIRECTION('',(0.,0.737277336810125,-0.67559020761566));
#4863=DIRECTION('',(0.,-0.737277336810125,0.67559020761566));
#4864=DIRECTION('',(0.709807814216482,0.701714953885195,0.0613921034915714));
#4865=DIRECTION('',(0.709807814216482,-0.701714953885194,-0.0613921034915802));
#4866=DIRECTION('center_axis',(-0.70710678118654,0.704416026402766,0.0616284167162225));
#4867=DIRECTION('ref_axis',(0.0868265938642529,0.,0.996223440096614));
#4868=DIRECTION('',(-0.707106781186555,-0.704416026402751,-0.0616284167162185));
#4869=DIRECTION('',(-6.00311431890193E-17,-0.0871557427476617,0.996194698091745));
#4870=DIRECTION('',(0.707106781186556,0.704416026402751,0.0616284167162193));
#4871=DIRECTION('center_axis',(0.,0.996194698091745,0.0871557427476612));
#4872=DIRECTION('ref_axis',(0.70710678118655,-0.0616284167162215,0.704416026402756));
#4873=DIRECTION('center_axis',(0.,-0.996194698091745,-0.0871557427476617));
#4874=DIRECTION('ref_axis',(0.70710678118655,-0.061628416716221,0.704416026402756));
#4875=DIRECTION('',(0.,0.642787609686533,0.766044443118983));
#4876=DIRECTION('center_axis',(0.,0.766044443118989,-0.642787609686526));
#4877=DIRECTION('ref_axis',(-1.,0.,0.));
#4878=DIRECTION('',(-1.96261557335475E-16,0.642787609686527,0.766044443118988));
#4879=DIRECTION('center_axis',(0.,0.996194698091745,0.0871557427476614));
#4880=DIRECTION('ref_axis',(-0.707106781186555,-0.061628416716221,0.704416026402751));
#4881=DIRECTION('center_axis',(0.,-0.996194698091745,-0.0871557427476617));
#4882=DIRECTION('ref_axis',(-0.707106781186555,-0.0616284167162206,0.704416026402751));
#4883=DIRECTION('',(-0.707106781186551,0.704416026402755,0.0616284167162214));
#4884=DIRECTION('center_axis',(0.707106781186551,0.704416026402755,0.0616284167162215));
#4885=DIRECTION('ref_axis',(0.0868265938642503,0.,-0.996223440096614));
#4886=DIRECTION('',(-0.707106781186545,0.704416026402762,0.0616284167162188));
#4887=DIRECTION('',(-2.91050847401186E-17,0.0871557427476617,-0.996194698091745));
#4888=DIRECTION('center_axis',(1.,0.,-2.92162614355112E-17));
#4889=DIRECTION('ref_axis',(2.91050847401186E-17,-0.0871557427476616,0.996194698091745));
#4890=DIRECTION('',(2.54636496572185E-18,0.996194698091745,0.0871557427476619));
#4891=DIRECTION('',(2.91050847401186E-17,-0.0871557427476616,0.996194698091745));
#4892=DIRECTION('',(0.,-1.,0.));
#4893=DIRECTION('center_axis',(-2.54636496572185E-18,-0.996194698091745,
-0.087155742747662));
#4894=DIRECTION('ref_axis',(-0.707106781186555,-0.0616284167162206,0.704416026402751));
#4895=DIRECTION('center_axis',(2.51234120252506E-15,-0.996194698091745,
-0.0871557427476591));
#4896=DIRECTION('ref_axis',(-0.707106781186555,-0.0616284167162206,0.704416026402751));
#4897=DIRECTION('center_axis',(5.2520444875409E-18,-0.996194698091745,-0.087155742747662));
#4898=DIRECTION('ref_axis',(0.70710678118655,-0.061628416716221,0.704416026402756));
#4899=DIRECTION('',(5.2520444875409E-18,-0.996194698091745,-0.0871557427476619));
#4900=DIRECTION('center_axis',(8.50436206704942E-19,-0.996194698091745,
-0.0871557427476602));
#4901=DIRECTION('ref_axis',(0.70710678118655,-0.061628416716221,0.704416026402756));
#4902=DIRECTION('center_axis',(-1.,0.,-6.02604524035428E-17));
#4903=DIRECTION('ref_axis',(0.,-1.,0.));
#4904=DIRECTION('',(0.,1.,0.));
#4905=DIRECTION('',(-6.00311431890193E-17,-0.0871557427476601,0.996194698091745));
#4906=DIRECTION('',(-0.707264051233731,-0.705163211713925,-0.0502235669556752));
#4907=DIRECTION('',(-9.03835870710576E-15,0.675590207615658,0.737277336810126));
#4908=DIRECTION('center_axis',(-4.16826365553244E-17,0.737277336810125,
-0.675590207615659));
#4909=DIRECTION('ref_axis',(-1.,0.,6.169810646373E-17));
#4910=DIRECTION('',(0.707106780846245,0.704416026063746,0.0616284244956857));
#4911=DIRECTION('center_axis',(-0.70710678034484,0.70441602556424,0.0616284359580458));
#4912=DIRECTION('ref_axis',(0.0868266208717338,0.,0.996223437742757));
#4913=DIRECTION('',(0.707106782028255,0.704416027241277,0.0616283974743996));
#4914=DIRECTION('center_axis',(0.,0.,-1.));
#4915=DIRECTION('ref_axis',(1.,0.,0.));
#4916=DIRECTION('',(1.,0.,0.));
#4917=DIRECTION('center_axis',(0.,1.,0.));
#4918=DIRECTION('ref_axis',(0.707106781186546,0.,-0.707106781186549));
#4919=DIRECTION('center_axis',(8.50436206704942E-19,-0.996194698091745,
-0.0871557427476602));
#4920=DIRECTION('ref_axis',(-1.58987254306951E-15,0.0871557427476601,-0.996194698091745));
#4921=DIRECTION('center_axis',(0.,1.,0.));
#4922=DIRECTION('ref_axis',(0.707106781186553,0.,-0.707106781186543));
#4923=DIRECTION('center_axis',(8.50436206704942E-19,-0.996194698091745,
-0.0871557427476602));
#4924=DIRECTION('ref_axis',(6.91248931769351E-15,0.0871557427476601,-0.996194698091745));
#4925=DIRECTION('center_axis',(0.,-1.,0.));
#4926=DIRECTION('ref_axis',(-0.707106781186553,0.,-0.707106781186542));
#4927=DIRECTION('center_axis',(8.50436206704942E-19,-0.996194698091745,
-0.0871557427476602));
#4928=DIRECTION('ref_axis',(4.00924380426224E-15,0.0871557427476601,-0.996194698091745));
#4929=DIRECTION('center_axis',(0.,-1.,0.));
#4930=DIRECTION('ref_axis',(-0.707106781186553,0.,-0.707106781186542));
#4931=DIRECTION('center_axis',(8.50436206704942E-19,-0.996194698091745,
-0.0871557427476602));
#4932=DIRECTION('ref_axis',(4.00924380426224E-15,0.0871557427476601,-0.996194698091745));
#4933=DIRECTION('center_axis',(0.,-1.,0.));
#4934=DIRECTION('ref_axis',(-0.707106781186552,0.,-0.707106781186543));
#4935=DIRECTION('center_axis',(2.51234120252506E-15,-0.996194698091745,
-0.0871557427476591));
#4936=DIRECTION('ref_axis',(2.78573319503049E-14,0.0871557427476591,-0.996194698091745));
#4937=DIRECTION('center_axis',(8.50436206704942E-19,-0.996194698091745,
-0.0871557427476602));
#4938=DIRECTION('ref_axis',(1.,0.,9.7576611694675E-18));
#4939=DIRECTION('center_axis',(8.50436206704942E-19,-0.996194698091745,
-0.0871557427476602));
#4940=DIRECTION('ref_axis',(1.,0.,9.7576611694675E-18));
#4941=DIRECTION('center_axis',(-2.51234120252506E-15,0.996194698091745,
0.0871557427476591));
#4942=DIRECTION('ref_axis',(1.,2.5027809857529E-15,2.18964963541626E-16));
#4943=DIRECTION('',(1.,2.56628479168364E-15,-5.06886859671085E-16));
#4944=DIRECTION('',(4.62592926927146E-17,-0.0871557427476577,0.996194698091746));
#4945=DIRECTION('center_axis',(4.44089209850062E-16,-0.996194698091746,
-0.0871557427476578));
#4946=DIRECTION('ref_axis',(-1.,-4.42399316332384E-16,-3.87049249307026E-17));
#4947=DIRECTION('',(1.,-1.92505788204851E-18,3.562072640644E-34));
#4948=DIRECTION('',(2.72118515885551E-8,-0.087155742747659,0.996194698091745));
#4949=DIRECTION('',(-1.,5.95682089566337E-18,-4.60832621179568E-17));
#4950=DIRECTION('center_axis',(-4.05523809090177E-32,-0.996194698091746,
-0.0871557427476577));
#4951=DIRECTION('ref_axis',(3.88578058618805E-16,0.0871557427476577,-0.996194698091746));
#4952=DIRECTION('',(0.,-0.0871557427476577,0.996194698091746));
#4953=DIRECTION('center_axis',(1.,0.,-2.7315796440877E-8));
#4954=DIRECTION('ref_axis',(-2.7315796440877E-8,0.,-1.));
#4955=DIRECTION('',(0.,1.,0.));
#4956=DIRECTION('',(-2.72118515885551E-8,0.0871557427476577,-0.996194698091745));
#4957=DIRECTION('',(7.58165653615889E-24,-1.,2.77555756156289E-16));
#4958=DIRECTION('',(-8.08710030523615E-23,1.,-2.96059473233375E-15));
#4959=DIRECTION('',(-2.72118515885551E-8,0.0871557427476577,-0.996194698091745));
#4960=DIRECTION('',(0.,1.,0.));
#4961=DIRECTION('center_axis',(-5.06886859671085E-16,0.,-1.));
#4962=DIRECTION('ref_axis',(-1.,-8.5591154022103E-32,5.06886859671085E-16));
#4963=DIRECTION('',(0.,1.,0.));
#4964=DIRECTION('',(-1.,-4.2421796029427E-17,5.06886859671085E-16));
#4965=DIRECTION('',(7.40148683083437E-16,-1.,-3.75171641657852E-31));
#4966=DIRECTION('center_axis',(3.25913114523751E-17,1.,-1.9554786871425E-16));
#4967=DIRECTION('ref_axis',(1.,-3.25913114523751E-17,1.9565402717649E-33));
#4968=DIRECTION('center_axis',(-1.91773245561645E-18,-0.996194698091746,
-0.0871557427476577));
#4969=DIRECTION('ref_axis',(2.84051995675199E-18,0.0871557427476577,-0.996194698091746));
#4970=DIRECTION('',(3.25913114523751E-17,1.,-1.9554786871425E-16));
#4971=DIRECTION('center_axis',(2.25858826812544E-17,1.,-1.9203857723246E-16));
#4972=DIRECTION('ref_axis',(1.,-3.25913114523751E-17,1.9565402717649E-33));
#4973=DIRECTION('center_axis',(-2.25858826812544E-17,-1.,1.9203857723246E-16));
#4974=DIRECTION('ref_axis',(1.,-2.25858826812544E-17,0.));
#4975=DIRECTION('center_axis',(0.,1.,0.));
#4976=DIRECTION('ref_axis',(1.,0.,0.));
#4977=DIRECTION('center_axis',(-1.91773245561645E-18,-0.996194698091746,
-0.0871557427476577));
#4978=DIRECTION('ref_axis',(0.,0.0871557427476577,-0.996194698091746));
#4979=DIRECTION('',(0.,1.,0.));
#4980=DIRECTION('center_axis',(2.25858826812544E-17,1.,-1.9203857723246E-16));
#4981=DIRECTION('ref_axis',(1.,0.,0.));
#4982=DIRECTION('center_axis',(-2.25858826812544E-17,-1.,1.9203857723246E-16));
#4983=DIRECTION('ref_axis',(1.,-2.25858826812544E-17,0.));
#4984=DIRECTION('center_axis',(-4.60832621179568E-17,2.77555756156289E-16,
1.));
#4985=DIRECTION('ref_axis',(1.,-5.95682089566337E-18,4.60832621179568E-17));
#4986=DIRECTION('',(-1.,5.95682089566337E-18,-4.60832621179568E-17));
#4987=DIRECTION('',(-1.66533453693773E-15,1.,-2.77555756156289E-16));
#4988=DIRECTION('center_axis',(1.91773245561645E-18,0.996194698091746,0.0871557427476577));
#4989=DIRECTION('ref_axis',(1.,-1.91043490464358E-18,-1.67141396560542E-19));
#4990=DIRECTION('',(0.,-0.0871557427476577,0.996194698091746));
#4991=DIRECTION('center_axis',(-4.05523809090177E-32,-0.996194698091746,
-0.0871557427476577));
#4992=DIRECTION('ref_axis',(3.88578058618805E-16,0.0871557427476577,-0.996194698091746));
#4993=DIRECTION('center_axis',(1.,1.66533453693773E-15,1.45697892960245E-16));
#4994=DIRECTION('ref_axis',(0.,0.0871557427476577,-0.996194698091746));
#4995=DIRECTION('',(1.66533453693773E-15,-1.,2.77555756156289E-16));
#4996=DIRECTION('center_axis',(-5.343108960966E-33,-2.96059473233375E-15,
-1.));
#4997=DIRECTION('ref_axis',(-1.,1.92505788204851E-18,-3.562072640644E-34));
#4998=DIRECTION('',(7.40148683083437E-16,-1.,2.96059473233375E-15));
#4999=DIRECTION('',(1.,-1.92505788204851E-18,3.562072640644E-34));
#5000=DIRECTION('center_axis',(4.44089209850062E-16,-0.996194698091746,
-0.0871557427476578));
#5001=DIRECTION('ref_axis',(-1.,-4.42399316332384E-16,-3.87049249307026E-17));
#5002=DIRECTION('',(-7.40148683083437E-16,1.,-2.96059473233375E-15));
#5003=DIRECTION('center_axis',(1.,7.40148683083437E-16,1.83186234177713E-17));
#5004=DIRECTION('ref_axis',(-4.62592926927146E-17,0.0871557427476577,-0.996194698091746));
#5005=DIRECTION('',(4.62592926927146E-17,-0.0871557427476577,0.996194698091746));
#5006=DIRECTION('center_axis',(1.91773245561645E-18,0.996194698091746,0.0871557427476577));
#5007=DIRECTION('ref_axis',(1.,-1.91043490464358E-18,-1.67141396560542E-19));
#5008=CARTESIAN_POINT('',(0.,0.,0.));
#5009=CARTESIAN_POINT('Origin',(163.299983431111,-1.58252359135721,-8.4672173421811));
#5010=CARTESIAN_POINT('',(164.299983431111,-1.58252359135721,-7.76721734218102));
#5011=CARTESIAN_POINT('',(163.299983431111,-0.582523591357216,-7.76721734218102));
#5012=CARTESIAN_POINT('Origin',(163.299983431111,-1.58252359135721,-7.76721734218101));
#5013=CARTESIAN_POINT('',(163.299983431111,-0.582523591357216,-10.267217342181));
#5014=CARTESIAN_POINT('',(163.299983431111,-0.582523591357215,-8.4672173421811));
#5015=CARTESIAN_POINT('',(164.299983431111,-1.58252359135721,-10.267217342181));
#5016=CARTESIAN_POINT('Origin',(163.299983431111,-1.58252359135721,-10.267217342181));
#5017=CARTESIAN_POINT('',(164.299983431111,-1.58252359135721,-8.4672173421811));
#5018=CARTESIAN_POINT('Origin',(141.499983431111,-0.582523591357215,-8.4672173421811));
#5019=CARTESIAN_POINT('',(152.399994589185,-0.582523591357215,-7.76721734218102));
#5020=CARTESIAN_POINT('',(68.0999871117147,-0.582523591357216,-7.76721734218101));
#5021=CARTESIAN_POINT('',(152.399994589185,-0.582523591357215,-10.267217342181));
#5022=CARTESIAN_POINT('',(152.399994589185,-0.582523591357215,25.6928799952256));
#5023=CARTESIAN_POINT('',(225.799987117399,-0.582523591357216,-10.267217342181));
#5024=CARTESIAN_POINT('Origin',(-5.3000092076813,-21.8325235913592,-7.76721734218101));
#5025=CARTESIAN_POINT('',(164.299983431111,-13.8325235913592,-7.76721734218102));
#5026=CARTESIAN_POINT('',(164.299983431111,-14.2075235913582,-7.76721734218102));
#5027=CARTESIAN_POINT('',(310.099990803687,-13.8325235913592,-7.76721734218103));
#5028=CARTESIAN_POINT('',(73.5499917311143,-13.8325235913592,-7.76721734218102));
#5029=CARTESIAN_POINT('',(310.099990803687,7.56073390880031,-7.76721734218103));
#5030=CARTESIAN_POINT('',(310.099990803687,-21.8325235913592,-7.76721734218103));
#5031=CARTESIAN_POINT('',(302.9,7.56073390880031,-7.76721734218103));
#5032=CARTESIAN_POINT('',(73.5499953961594,7.56073390880031,-7.76721734218101));
#5033=CARTESIAN_POINT('',(302.9,13.5607339088003,-7.76721734218103));
#5034=CARTESIAN_POINT('',(302.9,-7.14901814080807,-7.76721734218103));
#5035=CARTESIAN_POINT('',(152.399994589185,13.5607339087996,-7.76721734218102));
#5036=CARTESIAN_POINT('',(73.549809733369,13.5607339087994,-7.76721734218101));
#5037=CARTESIAN_POINT('',(152.399994589185,-11.8024373007144,-7.76721734218102));
#5038=CARTESIAN_POINT('Origin',(164.299983431111,-7.58252359135722,-8.4672173421811));
#5039=CARTESIAN_POINT('',(164.299983431111,-13.8325235913592,-10.267217342181));
#5040=CARTESIAN_POINT('',(164.299983431111,-14.2075235913582,-10.267217342181));
#5041=CARTESIAN_POINT('',(164.299983431111,-13.8325235913592,25.6929214741234));
#5042=CARTESIAN_POINT('Origin',(152.39999266991,-13.8325235913592,59.8530602904279));
#5043=CARTESIAN_POINT('',(152.399994589185,-13.8325235913592,127.473337934828));
#5044=CARTESIAN_POINT('',(152.399994589185,-13.8325235913592,129.973337934828));
#5045=CARTESIAN_POINT('',(152.399994589185,-13.8325235913592,59.8530188115301));
#5046=CARTESIAN_POINT('',(310.099994547501,-13.8325235913592,127.473337934828));
#5047=CARTESIAN_POINT('',(231.249993608706,-13.8325235913592,127.473337934828));
#5048=CARTESIAN_POINT('',(312.899994440891,-13.8325235913592,124.686656522136));
#5049=CARTESIAN_POINT('Ctrl Pts',(312.899994440891,-13.8325235913592,124.686656522136));
#5050=CARTESIAN_POINT('Ctrl Pts',(312.899994437022,-13.8325235913592,125.036998084074));
#5051=CARTESIAN_POINT('Ctrl Pts',(312.83360415482,-13.8325235913592,125.384194761151));
#5052=CARTESIAN_POINT('Ctrl Pts',(312.704374429971,-13.8325235913592,125.70996836837));
#5053=CARTESIAN_POINT('Ctrl Pts',(312.570769787581,-13.8325235913592,126.046770650844));
#5054=CARTESIAN_POINT('Ctrl Pts',(312.37262775248,-13.8325235913592,126.354077861352));
#5055=CARTESIAN_POINT('Ctrl Pts',(312.121412240079,-13.8325235913592,126.614928947069));
#5056=CARTESIAN_POINT('Ctrl Pts',(311.868794519395,-13.8325235913592,126.877236023896));
#5057=CARTESIAN_POINT('Ctrl Pts',(311.567366092253,-13.8325235913592,127.087546287785));
#5058=CARTESIAN_POINT('Ctrl Pts',(311.234331740981,-13.8325235913592,127.234416155506));
#5059=CARTESIAN_POINT('Ctrl Pts',(311.056151507962,-13.8325235913592,127.312994557866));
#5060=CARTESIAN_POINT('Ctrl Pts',(310.870288448787,-13.8325235913592,127.372812269935));
#5061=CARTESIAN_POINT('Ctrl Pts',(310.67977003048,-13.8325235913592,127.412943795143));
#5062=CARTESIAN_POINT('Ctrl Pts',(310.489121868623,-13.8325235913592,127.453102650025));
#5063=CARTESIAN_POINT('Ctrl Pts',(310.294812860828,-13.8325235913592,127.473337927445));
#5064=CARTESIAN_POINT('Ctrl Pts',(310.099994547501,-13.8325235913592,127.473337934828));
#5065=CARTESIAN_POINT('',(312.899990898929,-13.8325235913592,-4.98053586823147));
#5066=CARTESIAN_POINT('',(312.899991784419,-13.8325235913592,27.4362600190056));
#5067=CARTESIAN_POINT('Ctrl Pts',(310.099990803687,-13.8325235913592,-7.76721734218103));
#5068=CARTESIAN_POINT('Ctrl Pts',(310.466156969297,-13.8325235913592,-7.76721735457707));
#5069=CARTESIAN_POINT('Ctrl Pts',(310.828929919482,-13.8325235913592,-7.69573878086491));
#5070=CARTESIAN_POINT('Ctrl Pts',(311.167731991496,-13.8325235913592,-7.55664498625315));
#5071=CARTESIAN_POINT('Ctrl Pts',(311.505464393142,-13.8325235913592,-7.41799034040354));
#5072=CARTESIAN_POINT('Ctrl Pts',(311.813054797723,-13.8325235913592,-7.21473190712705));
#5073=CARTESIAN_POINT('Ctrl Pts',(312.072867570504,-13.8325235913592,-6.95797922077445));
#5074=CARTESIAN_POINT('Ctrl Pts',(312.331225134467,-13.8325235913592,-6.70266460372496));
#5075=CARTESIAN_POINT('Ctrl Pts',(312.537380982724,-13.8325235913592,-6.39933077115388));
#5076=CARTESIAN_POINT('Ctrl Pts',(312.679354365844,-13.8325235913592,-6.06479383624363));
#5077=CARTESIAN_POINT('Ctrl Pts',(312.820645147394,-13.8325235913592,-5.73186533970124));
#5078=CARTESIAN_POINT('Ctrl Pts',(312.895592232708,-13.8325235913592,-5.3745444937236));
#5079=CARTESIAN_POINT('Ctrl Pts',(312.899803008129,-13.8325235913592,-5.01281844556433));
#5080=CARTESIAN_POINT('Ctrl Pts',(312.899928303343,-13.8325235913592,-5.00205497844755));
#5081=CARTESIAN_POINT('Ctrl Pts',(312.899990899048,-13.8325235913592,-4.99129394049702));
#5082=CARTESIAN_POINT('Ctrl Pts',(312.899990898929,-13.8325235913592,-4.98053586823147));
#5083=CARTESIAN_POINT('',(310.099990803687,-13.8325235913592,-10.267217342181));
#5084=CARTESIAN_POINT('',(231.249991736799,-13.8325235913592,-10.267217342181));
#5085=CARTESIAN_POINT('',(315.399990898929,-13.8325235913592,-4.98053584062365));
#5086=CARTESIAN_POINT('Ctrl Pts',(315.399990898929,-13.8325235913592,-4.98053584062366));
#5087=CARTESIAN_POINT('Ctrl Pts',(315.399990899155,-13.8325235913592,-5.00099140977085));
#5088=CARTESIAN_POINT('Ctrl Pts',(315.399871878561,-13.8325235913592,-5.02145263035699));
#5089=CARTESIAN_POINT('Ctrl Pts',(315.399633640476,-13.8325235913592,-5.04191843832585));
#5090=CARTESIAN_POINT('Ctrl Pts',(315.391626918247,-13.8325235913592,-5.7297347431343));
#5091=CARTESIAN_POINT('Ctrl Pts',(315.249080517276,-13.8325235913592,-6.40903035616679));
#5092=CARTESIAN_POINT('Ctrl Pts',(314.980688544816,-13.8325235913592,-7.04145191187456));
#5093=CARTESIAN_POINT('Ctrl Pts',(314.711022485138,-13.8325235913592,-7.6768756446327));
#5094=CARTESIAN_POINT('Ctrl Pts',(314.319717487604,-13.8325235913592,-8.25236753995753));
#5095=CARTESIAN_POINT('Ctrl Pts',(313.830131600796,-13.8325235913592,-8.73618706235013));
#5096=CARTESIAN_POINT('Ctrl Pts',(313.337839279732,-13.8325235913592,-9.22268114249602));
#5097=CARTESIAN_POINT('Ctrl Pts',(312.755657360374,-13.8325235913592,-9.60721364326267));
#5098=CARTESIAN_POINT('Ctrl Pts',(312.117195861262,-13.8325235913592,-9.86933138090518));
#5099=CARTESIAN_POINT('Ctrl Pts',(311.476753059302,-13.8325235913592,-10.1322625342683));
#5100=CARTESIAN_POINT('Ctrl Pts',(310.79150370345,-13.8325235913592,-10.2672173545798));
#5101=CARTESIAN_POINT('Ctrl Pts',(310.099990803687,-13.8325235913592,-10.267217342181));
#5102=CARTESIAN_POINT('',(315.399994440891,-13.8325235913592,124.686656549745));
#5103=CARTESIAN_POINT('',(315.399993555401,-13.8325235913592,92.2698561401458));
#5104=CARTESIAN_POINT('',(310.099994642236,-13.8325235913592,129.973337934828));
#5105=CARTESIAN_POINT('Ctrl Pts',(310.099994642236,-13.8325235913592,129.973337934828));
#5106=CARTESIAN_POINT('Ctrl Pts',(310.467925275031,-13.8325235913592,129.973337920886));
#5107=CARTESIAN_POINT('Ctrl Pts',(310.834914035256,-13.8325235913592,129.935125230517));
#5108=CARTESIAN_POINT('Ctrl Pts',(311.195071455645,-13.8325235913592,129.859260299854));
#5109=CARTESIAN_POINT('Ctrl Pts',(311.554985864801,-13.8325235913592,129.783446558002));
#5110=CARTESIAN_POINT('Ctrl Pts',(311.906226828505,-13.8325235913592,129.670420022023));
#5111=CARTESIAN_POINT('Ctrl Pts',(312.243104230887,-13.8325235913592,129.521855348929));
#5112=CARTESIAN_POINT('Ctrl Pts',(312.872765253664,-13.8325235913592,129.244171588168));
#5113=CARTESIAN_POINT('Ctrl Pts',(313.443384271279,-13.8325235913592,128.846227524805));
#5114=CARTESIAN_POINT('Ctrl Pts',(313.922124549014,-13.8325235913592,128.349124778124));
#5115=CARTESIAN_POINT('Ctrl Pts',(314.398256887184,-13.8325235913592,127.854730000631));
#5116=CARTESIAN_POINT('Ctrl Pts',(314.77441258564,-13.8325235913592,127.271602713363));
#5117=CARTESIAN_POINT('Ctrl Pts',(315.028212503654,-13.8325235913592,126.631801654436));
#5118=CARTESIAN_POINT('Ctrl Pts',(315.273719771101,-13.8325235913592,126.012905435258));
#5119=CARTESIAN_POINT('Ctrl Pts',(315.399994433534,-13.8325235913592,125.352834072835));
#5120=CARTESIAN_POINT('Ctrl Pts',(315.399994440891,-13.8325235913592,124.686656549745));
#5121=CARTESIAN_POINT('',(73.5499936030216,-13.8325235913592,129.973337934828));
#5122=CARTESIAN_POINT('Ctrl Pts',(310.099990803687,-21.8325235913592,-7.76721734218103));
#5123=CARTESIAN_POINT('Ctrl Pts',(310.099990803687,31.1674764086408,-7.76721734218103));
#5124=CARTESIAN_POINT('Ctrl Pts',(310.466156969297,-21.8325235913592,-7.76721735457707));
#5125=CARTESIAN_POINT('Ctrl Pts',(310.466156969297,31.1674764086408,-7.76721735457707));
#5126=CARTESIAN_POINT('Ctrl Pts',(310.828929919482,-21.8325235913592,-7.69573878086491));
#5127=CARTESIAN_POINT('Ctrl Pts',(310.828929919482,31.1674764086408,-7.69573878086491));
#5128=CARTESIAN_POINT('Ctrl Pts',(311.167731991496,-21.8325235913592,-7.55664498625315));
#5129=CARTESIAN_POINT('Ctrl Pts',(311.167731991496,31.1674764086408,-7.55664498625315));
#5130=CARTESIAN_POINT('Ctrl Pts',(311.505464393142,-21.8325235913592,-7.41799034040354));
#5131=CARTESIAN_POINT('Ctrl Pts',(311.505464393142,31.1674764086408,-7.41799034040354));
#5132=CARTESIAN_POINT('Ctrl Pts',(311.813054797723,-21.8325235913592,-7.21473190712705));
#5133=CARTESIAN_POINT('Ctrl Pts',(311.813054797723,31.1674764086408,-7.21473190712705));
#5134=CARTESIAN_POINT('Ctrl Pts',(312.072867570504,-21.8325235913592,-6.95797922077445));
#5135=CARTESIAN_POINT('Ctrl Pts',(312.072867570504,31.1674764086408,-6.95797922077445));
#5136=CARTESIAN_POINT('Ctrl Pts',(312.331225134467,-21.8325235913592,-6.70266460372496));
#5137=CARTESIAN_POINT('Ctrl Pts',(312.331225134467,31.1674764086408,-6.70266460372496));
#5138=CARTESIAN_POINT('Ctrl Pts',(312.537380982724,-21.8325235913592,-6.39933077115388));
#5139=CARTESIAN_POINT('Ctrl Pts',(312.537380982724,31.1674764086408,-6.39933077115388));
#5140=CARTESIAN_POINT('Ctrl Pts',(312.679354365844,-21.8325235913592,-6.06479383624363));
#5141=CARTESIAN_POINT('Ctrl Pts',(312.679354365844,31.1674764086408,-6.06479383624363));
#5142=CARTESIAN_POINT('Ctrl Pts',(312.820645147394,-21.8325235913592,-5.73186533970124));
#5143=CARTESIAN_POINT('Ctrl Pts',(312.820645147394,31.1674764086408,-5.73186533970124));
#5144=CARTESIAN_POINT('Ctrl Pts',(312.895592232708,-21.8325235913592,-5.3745444937236));
#5145=CARTESIAN_POINT('Ctrl Pts',(312.895592232708,31.1674764086408,-5.3745444937236));
#5146=CARTESIAN_POINT('Ctrl Pts',(312.899803008129,-21.8325235913592,-5.01281844556433));
#5147=CARTESIAN_POINT('Ctrl Pts',(312.899803008129,31.1674764086408,-5.01281844556433));
#5148=CARTESIAN_POINT('Ctrl Pts',(312.899928303343,-21.8325235913592,-5.00205497844755));
#5149=CARTESIAN_POINT('Ctrl Pts',(312.899928303343,31.1674764086408,-5.00205497844755));
#5150=CARTESIAN_POINT('Ctrl Pts',(312.899990899048,-21.8325235913592,-4.99129394049702));
#5151=CARTESIAN_POINT('Ctrl Pts',(312.899990899048,31.1674764086408,-4.99129394049702));
#5152=CARTESIAN_POINT('Ctrl Pts',(312.899990898929,-21.8325235913592,-4.98053586823147));
#5153=CARTESIAN_POINT('Ctrl Pts',(312.899990898929,31.1674764086408,-4.98053586823147));
#5154=CARTESIAN_POINT('',(312.899990898929,7.31693087097201,-4.98053586823147));
#5155=CARTESIAN_POINT('',(312.899990898929,-21.8325235913592,-4.98053586823147));
#5156=CARTESIAN_POINT('Ctrl Pts',(310.099990803687,7.56073390880031,-7.76721734218102));
#5157=CARTESIAN_POINT('Ctrl Pts',(310.463939672866,7.56073390987826,-7.767217354502));
#5158=CARTESIAN_POINT('Ctrl Pts',(310.824424003815,7.55455585183796,-7.69660182797198));
#5159=CARTESIAN_POINT('Ctrl Pts',(311.498228648129,7.53052512339588,-7.42192934500546));
#5160=CARTESIAN_POINT('Ctrl Pts',(311.805073941242,7.51289926769766,-7.22046489249385));
#5161=CARTESIAN_POINT('Ctrl Pts',(312.323921155015,7.46841147093666,-6.71196704868094));
#5162=CARTESIAN_POINT('Ctrl Pts',(312.531000068689,7.44198565099832,-6.40991854464257));
#5163=CARTESIAN_POINT('Ctrl Pts',(312.748489337235,7.39773013496484,-5.90407568169419));
#5164=CARTESIAN_POINT('Ctrl Pts',(312.805007870451,7.38200313752988,-5.72431527844717));
#5165=CARTESIAN_POINT('Ctrl Pts',(312.880868675337,7.34978698048969,-5.35608291848384));
#5166=CARTESIAN_POINT('Ctrl Pts',(312.899990901005,7.33338057990272,-5.16855690167467));
#5167=CARTESIAN_POINT('Ctrl Pts',(312.899990898929,7.31693087097201,-4.98053586823147));
#5168=CARTESIAN_POINT('Origin',(312.899990898929,-21.8325235913592,-4.98053586823147));
#5169=CARTESIAN_POINT('',(312.899994440891,-4.02747849442003,124.686656522136));
#5170=CARTESIAN_POINT('',(312.899994440891,-21.8325235913592,124.686656522136));
#5171=CARTESIAN_POINT('',(312.899994244997,-3.40005702019068,117.515196255819));
#5172=CARTESIAN_POINT('',(312.899991818986,4.3701172933525,28.7016974504471));
#5173=CARTESIAN_POINT('',(312.899994244997,2.59994297980933,117.515196255819));
#5174=CARTESIAN_POINT('',(312.899994244997,-12.6031670062459,117.515196255819));
#5175=CARTESIAN_POINT('',(312.899991094823,12.689509402102,2.19092433682811));
#5176=CARTESIAN_POINT('',(312.899991826106,10.3473131195413,28.9623503498263));
#5177=CARTESIAN_POINT('',(312.899991094823,6.689509402102,2.19092433682811));
#5178=CARTESIAN_POINT('',(312.899991094823,-7.58463039415749,2.19092433682812));
#5179=CARTESIAN_POINT('',(312.899991818986,4.3701172933525,28.7016974504471));
#5180=CARTESIAN_POINT('Ctrl Pts',(312.899994440891,-21.8325235913592,124.686656522136));
#5181=CARTESIAN_POINT('Ctrl Pts',(312.899994440891,31.1674764086408,124.686656522136));
#5182=CARTESIAN_POINT('Ctrl Pts',(312.899994437022,-21.8325235913592,125.036998084074));
#5183=CARTESIAN_POINT('Ctrl Pts',(312.899994437022,31.1674764086408,125.036998084074));
#5184=CARTESIAN_POINT('Ctrl Pts',(312.83360415482,-21.8325235913592,125.384194761151));
#5185=CARTESIAN_POINT('Ctrl Pts',(312.83360415482,31.1674764086408,125.384194761151));
#5186=CARTESIAN_POINT('Ctrl Pts',(312.704374429971,-21.8325235913592,125.70996836837));
#5187=CARTESIAN_POINT('Ctrl Pts',(312.704374429971,31.1674764086408,125.70996836837));
#5188=CARTESIAN_POINT('Ctrl Pts',(312.570769787581,-21.8325235913592,126.046770650844));
#5189=CARTESIAN_POINT('Ctrl Pts',(312.570769787581,31.1674764086408,126.046770650844));
#5190=CARTESIAN_POINT('Ctrl Pts',(312.37262775248,-21.8325235913592,126.354077861352));
#5191=CARTESIAN_POINT('Ctrl Pts',(312.37262775248,31.1674764086408,126.354077861352));
#5192=CARTESIAN_POINT('Ctrl Pts',(312.121412240079,-21.8325235913592,126.614928947069));
#5193=CARTESIAN_POINT('Ctrl Pts',(312.121412240079,31.1674764086408,126.614928947069));
#5194=CARTESIAN_POINT('Ctrl Pts',(311.868794519395,-21.8325235913592,126.877236023896));
#5195=CARTESIAN_POINT('Ctrl Pts',(311.868794519395,31.1674764086408,126.877236023896));
#5196=CARTESIAN_POINT('Ctrl Pts',(311.567366092253,-21.8325235913592,127.087546287785));
#5197=CARTESIAN_POINT('Ctrl Pts',(311.567366092253,31.1674764086408,127.087546287785));
#5198=CARTESIAN_POINT('Ctrl Pts',(311.234331740981,-21.8325235913592,127.234416155506));
#5199=CARTESIAN_POINT('Ctrl Pts',(311.234331740981,31.1674764086408,127.234416155506));
#5200=CARTESIAN_POINT('Ctrl Pts',(311.056151507962,-21.8325235913592,127.312994557866));
#5201=CARTESIAN_POINT('Ctrl Pts',(311.056151507962,31.1674764086408,127.312994557866));
#5202=CARTESIAN_POINT('Ctrl Pts',(310.870288448787,-21.8325235913592,127.372812269935));
#5203=CARTESIAN_POINT('Ctrl Pts',(310.870288448787,31.1674764086408,127.372812269935));
#5204=CARTESIAN_POINT('Ctrl Pts',(310.67977003048,-21.8325235913592,127.412943795143));
#5205=CARTESIAN_POINT('Ctrl Pts',(310.67977003048,31.1674764086408,127.412943795143));
#5206=CARTESIAN_POINT('Ctrl Pts',(310.489121868623,-21.8325235913592,127.453102650025));
#5207=CARTESIAN_POINT('Ctrl Pts',(310.489121868623,31.1674764086408,127.453102650025));
#5208=CARTESIAN_POINT('Ctrl Pts',(310.294812860828,-21.8325235913592,127.473337927445));
#5209=CARTESIAN_POINT('Ctrl Pts',(310.294812860828,31.1674764086408,127.473337927445));
#5210=CARTESIAN_POINT('Ctrl Pts',(310.099994547501,-21.8325235913592,127.473337934828));
#5211=CARTESIAN_POINT('Ctrl Pts',(310.099994547501,31.1674764086408,127.473337934828));
#5212=CARTESIAN_POINT('',(310.099994547501,-4.27128152688898,127.473337934828));
#5213=CARTESIAN_POINT('',(310.099994547501,-21.8325235913592,127.473337934828));
#5214=CARTESIAN_POINT('Ctrl Pts',(312.899994440891,-4.02747849442003,124.686656522136));
#5215=CARTESIAN_POINT('Ctrl Pts',(312.8999944369,-4.05909782448148,125.048067118517));
#5216=CARTESIAN_POINT('Ctrl Pts',(312.829349636413,-4.09041638009718,125.406039847251));
#5217=CARTESIAN_POINT('Ctrl Pts',(312.554698738345,-4.14895166926211,126.075101263963));
#5218=CARTESIAN_POINT('Ctrl Pts',(312.353335730098,-4.17560927959138,126.379799144294));
#5219=CARTESIAN_POINT('Ctrl Pts',(311.844803307618,-4.22076479081318,126.895928999317));
#5220=CARTESIAN_POINT('Ctrl Pts',(311.542388599941,-4.2388228127475,127.10233313451));
#5221=CARTESIAN_POINT('Ctrl Pts',(311.0341934455,-4.25790767446654,127.32047410215));
#5222=CARTESIAN_POINT('Ctrl Pts',(310.852291826425,-4.26290026956006,127.377539725195));
#5223=CARTESIAN_POINT('Ctrl Pts',(310.479775278062,-4.26959521711494,127.454063325912));
#5224=CARTESIAN_POINT('Ctrl Pts',(310.290132101192,-4.27128152625862,127.473337927623));
#5225=CARTESIAN_POINT('Ctrl Pts',(310.099994547501,-4.27128152688898,127.473337934828));
#5226=CARTESIAN_POINT('Origin',(310.099994547501,-21.8325235913592,127.473337934828));
#5227=CARTESIAN_POINT('',(152.399994589185,1.72871847311009,127.473337934828));
#5228=CARTESIAN_POINT('',(152.399994589185,-11.8024373007144,127.473337934828));
#5229=CARTESIAN_POINT('',(302.9,1.72871847311102,127.473337934828));
#5230=CARTESIAN_POINT('',(231.24981161096,1.72871847311029,127.473337934828));
#5231=CARTESIAN_POINT('',(302.9,-4.27128152688898,127.473337934828));
#5232=CARTESIAN_POINT('',(302.9,-12.8210563631152,127.473337934828));
#5233=CARTESIAN_POINT('',(231.249997273751,-4.27128152688898,127.473337934828));
#5234=CARTESIAN_POINT('Origin',(152.399994589185,-1.7723510100695,59.8529773326323));
#5235=CARTESIAN_POINT('',(152.399994589185,3.01954640815458,129.973337934828));
#5236=CARTESIAN_POINT('',(152.399994589185,-11.8024373007144,129.973337934828));
#5237=CARTESIAN_POINT('',(152.399994589185,4.10670215090225,128.977143236736));
#5238=CARTESIAN_POINT('',(152.399994589185,19.4523335096687,114.915462837719));
#5239=CARTESIAN_POINT('',(152.399994589185,4.85297752056866,120.447176729187));
#5240=CARTESIAN_POINT('',(152.399994589185,10.4007216324211,57.0361713683797));
#5241=CARTESIAN_POINT('',(152.399994589185,3.94013326331633,119.450982031095));
#5242=CARTESIAN_POINT('',(152.399994589185,-11.9781118626356,102.079265803039));
#5243=CARTESIAN_POINT('',(152.399994589185,2.43058366945741,119.450982031095));
#5244=CARTESIAN_POINT('',(152.399994589185,1.58389112662341,119.450982031095));
#5245=CARTESIAN_POINT('',(152.399994589185,7.60894734856341,60.2620143361896));
#5246=CARTESIAN_POINT('',(152.399994589185,-12.3696730124421,129.723337934828));
#5247=CARTESIAN_POINT('Origin',(152.399994589185,-12.3696730124421,128.723337934828));
#5248=CARTESIAN_POINT('',(152.399994589185,2.63610945543646,129.537471013422));
#5249=CARTESIAN_POINT('Origin',(152.399994589185,2.63610945543646,128.537471013422));
#5250=CARTESIAN_POINT('',(152.399994589185,3.56911574865693,122.274854239767));
#5251=CARTESIAN_POINT('Origin',(152.399994589185,3.56911574865693,121.274854239767));
#5252=CARTESIAN_POINT('Origin',(-5.30000546386688,-21.8325235913592,129.973337934828));
#5253=CARTESIAN_POINT('',(310.099994643894,3.01954640815459,129.973337934828));
#5254=CARTESIAN_POINT('',(310.099994642236,-21.8325235913592,129.973337934828));
#5255=CARTESIAN_POINT('',(72.8627410642941,3.01954640815458,129.973337934828));
#5256=CARTESIAN_POINT('Origin',(152.399994589185,3.56911574865693,121.274854239767));
#5257=CARTESIAN_POINT('',(157.399994589185,3.56911574865693,122.274854239767));
#5258=CARTESIAN_POINT('',(152.399994589185,3.56911574865693,122.274854239767));
#5259=CARTESIAN_POINT('Origin',(157.399994589185,3.56911574865693,121.274854239767));
#5260=CARTESIAN_POINT('Origin',(157.399994589185,3.56911574865693,121.274854239767));
#5261=CARTESIAN_POINT('Origin',(152.399994589185,14.368457679084,-2.65740072561738));
#5262=CARTESIAN_POINT('',(152.399994589185,14.368457679084,-1.65740072561738));
#5263=CARTESIAN_POINT('Origin',(152.399994589185,14.368457679084,-2.65740072561738));
#5264=CARTESIAN_POINT('',(157.399994589185,14.368457679084,-1.65740072561738));
#5265=CARTESIAN_POINT('',(152.399994589185,14.368457679084,-1.65740072561738));
#5266=CARTESIAN_POINT('Origin',(157.399994589185,14.368457679084,-2.65740072561738));
#5267=CARTESIAN_POINT('Origin',(157.399994589185,14.368457679084,-2.65740072561738));
#5268=CARTESIAN_POINT('Origin',(152.399994589185,14.7212155335967,-8.69758130952087));
#5269=CARTESIAN_POINT('',(152.399994589185,14.7212155335967,-7.69758130952087));
#5270=CARTESIAN_POINT('Origin',(152.399994589185,14.7212155335967,-8.69758130952087));
#5271=CARTESIAN_POINT('',(157.399994589185,14.7212155335967,-7.69758130952087));
#5272=CARTESIAN_POINT('',(152.399994589185,14.7212155335967,-7.69758130952087));
#5273=CARTESIAN_POINT('Origin',(157.399994589185,14.7212155335967,-8.69758130952087));
#5274=CARTESIAN_POINT('Origin',(157.399994589185,14.7212155335967,-8.69758130952087));
#5275=CARTESIAN_POINT('Origin',(152.399994589185,12.2076224417179,22.0410590551266));
#5276=CARTESIAN_POINT('',(152.399994589185,12.2076224417179,23.0410590551266));
#5277=CARTESIAN_POINT('Origin',(152.399994589185,12.2076224417179,22.0410590551266));
#5278=CARTESIAN_POINT('',(157.399994589185,12.2076224417179,23.0410590551266));
#5279=CARTESIAN_POINT('',(152.399994589185,12.2076224417179,23.0410590551266));
#5280=CARTESIAN_POINT('Origin',(157.399994589185,12.2076224417179,22.0410590551266));
#5281=CARTESIAN_POINT('Origin',(157.399994589185,12.2076224417179,22.0410590551266));
#5282=CARTESIAN_POINT('Origin',(152.399994589185,1.08669288913218,-9.01721734218102));
#5283=CARTESIAN_POINT('',(152.399994589185,1.08669288913218,-8.01721734218102));
#5284=CARTESIAN_POINT('Origin',(152.399994589185,1.08669288913218,-9.01721734218102));
#5285=CARTESIAN_POINT('',(157.399994589185,1.08669288913218,-8.01721734218102));
#5286=CARTESIAN_POINT('',(152.399994589185,1.08669288913218,-8.01721734218102));
#5287=CARTESIAN_POINT('Origin',(157.399994589185,1.08669288913218,-9.01721734218102));
#5288=CARTESIAN_POINT('Origin',(157.399994589185,1.08669288913218,-9.01721734218102));
#5289=CARTESIAN_POINT('Origin',(152.399994589185,2.63610945543646,128.537471013422));
#5290=CARTESIAN_POINT('',(157.399994589185,2.63610945543646,129.537471013422));
#5291=CARTESIAN_POINT('',(152.399994589185,2.63610945543646,129.537471013422));
#5292=CARTESIAN_POINT('Origin',(157.399994589185,2.63610945543646,128.537471013422));
#5293=CARTESIAN_POINT('Origin',(157.399994589185,2.63610945543646,128.537471013422));
#5294=CARTESIAN_POINT('Origin',(152.399994589185,-12.3696730124421,128.723337934828));
#5295=CARTESIAN_POINT('',(157.399994589185,-12.3696730124421,129.723337934828));
#5296=CARTESIAN_POINT('',(152.399994589185,-12.3696730124421,129.723337934828));
#5297=CARTESIAN_POINT('Origin',(157.399994589185,-12.3696730124421,128.723337934828));
#5298=CARTESIAN_POINT('Origin',(157.399994589185,-12.3696730124421,128.723337934828));
#5299=CARTESIAN_POINT('Origin',(152.4,1.64472619095566,59.8530602963234));
#5300=CARTESIAN_POINT('',(307.590922872179,6.689509402102,2.19092433682811));
#5301=CARTESIAN_POINT('',(230.,6.689509402102,2.19092433682811));
#5302=CARTESIAN_POINT('',(302.9,7.09825640786267,-2.48107531761347));
#5303=CARTESIAN_POINT('Origin',(302.6,6.66326280304423,2.4909243368281));
#5304=CARTESIAN_POINT('',(302.9,4.5896067503491,26.1929214770712));
#5305=CARTESIAN_POINT('',(307.134508265984,7.2329606733647,-4.02075211770669));
#5306=CARTESIAN_POINT('Origin',(309.134508265984,7.2329606733647,-4.02075211770669));
#5307=CARTESIAN_POINT('Origin',(302.9,7.53448730974254,-7.46721734218109));
#5308=CARTESIAN_POINT('',(302.9,13.0982564078627,-2.48107531761347));
#5309=CARTESIAN_POINT('',(302.9,6.66326280304423,-2.48107531761347));
#5310=CARTESIAN_POINT('',(302.9,10.5668183798674,26.4533937435716));
#5311=CARTESIAN_POINT('Ctrl Pts',(307.590922872179,6.689509402102,2.19092433682812));
#5312=CARTESIAN_POINT('Ctrl Pts',(307.323988700348,6.689509402102,-2.21616881071606));
#5313=CARTESIAN_POINT('Ctrl Pts',(302.9,6.689509402102,-2.48107531761347));
#5314=CARTESIAN_POINT('Ctrl Pts',(307.590922872179,13.0982564078627,2.19092433682811));
#5315=CARTESIAN_POINT('Ctrl Pts',(307.323988700348,13.0982564078627,-2.21616881071606));
#5316=CARTESIAN_POINT('Ctrl Pts',(302.9,13.0982564078627,-2.48107531761347));
#5317=CARTESIAN_POINT('',(307.590922872179,12.689509402102,2.19092433682811));
#5318=CARTESIAN_POINT('',(307.590922872179,6.66326280304424,2.19092433682811));
#5319=CARTESIAN_POINT('Origin',(302.6,12.6632628030442,2.49092433682809));
#5320=CARTESIAN_POINT('Origin',(307.6,6.66326280304423,2.19092433682811));
#5321=CARTESIAN_POINT('',(230.,12.689509402102,2.19092433682811));
#5322=CARTESIAN_POINT('Origin',(152.4,1.64472619095566,59.8530602963234));
#5323=CARTESIAN_POINT('',(302.9,-3.80880402595135,122.18719591026));
#5324=CARTESIAN_POINT('',(302.9,-1.08243147195776,91.0246150213005));
#5325=CARTESIAN_POINT('',(307.590922872179,-3.40005702019068,117.515196255819));
#5326=CARTESIAN_POINT('Origin',(302.6,-3.3738104211329,117.215196255819));
#5327=CARTESIAN_POINT('',(232.5,-3.40005702019068,117.515196255819));
#5328=CARTESIAN_POINT('',(307.134508265984,-3.94350829145338,123.726872710354));
#5329=CARTESIAN_POINT('Origin',(309.134508265984,-3.94350829145338,123.726872710354));
#5330=CARTESIAN_POINT('Origin',(312.6,-3.3738104211329,117.515196255819));
#5331=CARTESIAN_POINT('',(307.590922872179,2.59994297980933,117.515196255819));
#5332=CARTESIAN_POINT('',(307.590922872179,-3.37381042113289,117.515196255819));
#5333=CARTESIAN_POINT('',(232.5,2.59994297980933,117.515196255819));
#5334=CARTESIAN_POINT('Ctrl Pts',(302.9,-3.80880402595135,122.18719591026));
#5335=CARTESIAN_POINT('Ctrl Pts',(307.323988700348,-3.80880402595134,121.922289403363));
#5336=CARTESIAN_POINT('Ctrl Pts',(307.590922872179,-3.80880402595136,117.515196255819));
#5337=CARTESIAN_POINT('Ctrl Pts',(302.9,2.59994297980934,122.18719591026));
#5338=CARTESIAN_POINT('Ctrl Pts',(307.323988700348,2.59994297980934,121.922289403363));
#5339=CARTESIAN_POINT('Ctrl Pts',(307.590922872179,2.59994297980933,117.515196255819));
#5340=CARTESIAN_POINT('',(302.9,2.19119597404866,122.18719591026));
#5341=CARTESIAN_POINT('',(302.9,-3.37381042113288,122.18719591026));
#5342=CARTESIAN_POINT('Origin',(302.6,2.6261895788671,117.215196255819));
#5343=CARTESIAN_POINT('Origin',(302.9,-3.80958913487119,122.196169746277));
#5344=CARTESIAN_POINT('',(302.9,4.89478015756055,91.2850872878008));
#5345=CARTESIAN_POINT('Origin',(309.134508265984,1.05647640864285,123.726872710354));
#5346=CARTESIAN_POINT('',(307.134508265984,1.05647640864285,123.726872710354));
#5347=CARTESIAN_POINT('Origin',(309.134508265984,1.05647640864285,123.726872710354));
#5348=CARTESIAN_POINT('Origin',(309.134508265984,-21.8325235913571,123.726872710354));
#5349=CARTESIAN_POINT('',(307.134508265984,-21.8325235913571,123.726872710354));
#5350=CARTESIAN_POINT('Origin',(309.134508265984,12.2324764086428,-4.02075211770669));
#5351=CARTESIAN_POINT('',(307.134508265984,12.2324764086428,-4.02075211770669));
#5352=CARTESIAN_POINT('Origin',(309.134508265984,12.2324764086428,-4.02075211770669));
#5353=CARTESIAN_POINT('Origin',(309.134508265984,-21.8325235913572,-4.02075211770668));
#5354=CARTESIAN_POINT('',(307.134508265984,-21.8325235913572,-4.02075211770668));
#5355=CARTESIAN_POINT('Origin',(181.475992779634,12.9070658381929,0.70043759159882));
#5356=CARTESIAN_POINT('',(180.975992779634,11.2128562960453,20.0653412701831));
#5357=CARTESIAN_POINT('',(185.738992779634,11.2128562960453,20.0653412701831));
#5358=CARTESIAN_POINT('',(243.437992779634,11.2128562960453,20.0653412701831));
#5359=CARTESIAN_POINT('',(181.475992779634,11.2564341674191,19.5672439211372));
#5360=CARTESIAN_POINT('Origin',(180.975992779634,11.2564341674191,19.5672439211372));
#5361=CARTESIAN_POINT('',(181.475992779634,12.8633215064299,1.20043759159882));
#5362=CARTESIAN_POINT('',(181.475992779634,12.9070658381929,0.70043759159882));
#5363=CARTESIAN_POINT('',(180.975992779634,12.9070658381929,0.70043759159882));
#5364=CARTESIAN_POINT('Origin',(180.975992779634,12.8633215064299,1.20043759159882));
#5365=CARTESIAN_POINT('',(185.738992779634,12.9070658381929,0.70043759159882));
#5366=CARTESIAN_POINT('',(243.437992779634,12.9070658381929,0.700437591598821));
#5367=CARTESIAN_POINT('',(185.238992779634,12.8633215064299,1.20043759159882));
#5368=CARTESIAN_POINT('Origin',(185.738992779634,12.8633215064299,1.20043759159882));
#5369=CARTESIAN_POINT('',(185.238992779634,11.2564341674191,19.5672439211372));
#5370=CARTESIAN_POINT('',(185.238992779634,12.9070658381929,0.70043759159882));
#5371=CARTESIAN_POINT('Origin',(185.738992779634,11.2564341674191,19.5672439211372));
#5372=CARTESIAN_POINT('Origin',(262.438992779634,12.9070658381929,0.700437591598821));
#5373=CARTESIAN_POINT('',(261.938992779634,11.2128562960453,20.0653412701831));
#5374=CARTESIAN_POINT('',(266.701992779634,11.2128562960453,20.0653412701831));
#5375=CARTESIAN_POINT('',(283.919492779634,11.2128562960453,20.0653412701831));
#5376=CARTESIAN_POINT('',(262.438992779634,11.2564341674191,19.5672439211372));
#5377=CARTESIAN_POINT('Origin',(261.938992779634,11.2564341674191,19.5672439211372));
#5378=CARTESIAN_POINT('',(262.438992779634,12.8633215064299,1.20043759159882));
#5379=CARTESIAN_POINT('',(262.438992779634,12.9070658381929,0.700437591598821));
#5380=CARTESIAN_POINT('',(261.938992779634,12.9070658381929,0.700437591598821));
#5381=CARTESIAN_POINT('Origin',(261.938992779634,12.8633215064299,1.20043759159882));
#5382=CARTESIAN_POINT('',(266.701992779634,12.9070658381929,0.700437591598821));
#5383=CARTESIAN_POINT('',(283.919492779634,12.9070658381929,0.700437591598821));
#5384=CARTESIAN_POINT('',(266.201992779634,12.8633215064299,1.20043759159882));
#5385=CARTESIAN_POINT('Origin',(266.701992779634,12.8633215064299,1.20043759159882));
#5386=CARTESIAN_POINT('',(266.201992779634,11.2564341674191,19.5672439211372));
#5387=CARTESIAN_POINT('',(266.201992779634,12.9070658381929,0.700437591598821));
#5388=CARTESIAN_POINT('Origin',(266.701992779634,11.2564341674191,19.5672439211372));
#5389=CARTESIAN_POINT('Origin',(185.738992779634,14.1182627637485,1.20043759159882));
#5390=CARTESIAN_POINT('',(185.238992779634,14.2818955199978,1.20043759159882));
#5391=CARTESIAN_POINT('',(185.246647045879,14.2895498423006,1.11328440201981));
#5392=CARTESIAN_POINT('Ctrl Pts',(185.238992779634,14.2818955199978,1.20043759159882));
#5393=CARTESIAN_POINT('Ctrl Pts',(185.238992779634,14.2844372331483,1.1713856773496));
#5394=CARTESIAN_POINT('Ctrl Pts',(185.241504992555,14.2869689191278,1.14233288583658));
#5395=CARTESIAN_POINT('Ctrl Pts',(185.246647045879,14.2895498423006,1.1132844020198));
#5396=CARTESIAN_POINT('',(185.238992779634,14.1182627637485,1.20043759159882));
#5397=CARTESIAN_POINT('',(185.738992779634,14.3294596893041,0.70043759159882));
#5398=CARTESIAN_POINT('',(185.738992779634,14.1182627637485,0.70043759159882));
#5399=CARTESIAN_POINT('Ctrl Pts',(185.246647045879,14.2895498423006,1.11328440201981));
#5400=CARTESIAN_POINT('Ctrl Pts',(185.266204175888,14.2993660473937,1.00280227772058));
#5401=CARTESIAN_POINT('Ctrl Pts',(185.39682516115,14.320666845992,0.780585374042379));
#5402=CARTESIAN_POINT('Ctrl Pts',(185.615569676377,14.3294596893041,0.70043759159882));
#5403=CARTESIAN_POINT('Ctrl Pts',(185.738992779634,14.3294596893041,0.70043759159882));
#5404=CARTESIAN_POINT('Origin',(266.701992779634,14.1182627637485,1.20043759159882));
#5405=CARTESIAN_POINT('',(266.201992779634,14.2818955199978,1.20043759159882));
#5406=CARTESIAN_POINT('',(266.209647045879,14.2895498423006,1.11328440201981));
#5407=CARTESIAN_POINT('Ctrl Pts',(266.201992779634,14.2818955199978,1.20043759159882));
#5408=CARTESIAN_POINT('Ctrl Pts',(266.201992779634,14.2844372331483,1.1713856773496));
#5409=CARTESIAN_POINT('Ctrl Pts',(266.204504992555,14.2869689191278,1.14233288583658));
#5410=CARTESIAN_POINT('Ctrl Pts',(266.209647045879,14.2895498423006,1.1132844020198));
#5411=CARTESIAN_POINT('',(266.201992779634,14.1182627637485,1.20043759159882));
#5412=CARTESIAN_POINT('',(266.701992779634,14.3294596893042,0.700437591598821));
#5413=CARTESIAN_POINT('',(266.701992779634,14.1182627637485,0.700437591598821));
#5414=CARTESIAN_POINT('Ctrl Pts',(266.209647045879,14.2895498423006,1.11328440201981));
#5415=CARTESIAN_POINT('Ctrl Pts',(266.235723219224,14.302638115758,0.965974902954173));
#5416=CARTESIAN_POINT('Ctrl Pts',(266.392817670757,14.3230855915852,0.758684868021446));
#5417=CARTESIAN_POINT('Ctrl Pts',(266.609425452192,14.3294596893041,0.700437591598821));
#5418=CARTESIAN_POINT('Ctrl Pts',(266.701992779634,14.3294596893041,0.700437591598821));
#5419=CARTESIAN_POINT('Origin',(305.399992779634,15.3294596893042,0.700437591598821));
#5420=CARTESIAN_POINT('',(152.399994589185,12.8199100954452,0.70043759159882));
#5421=CARTESIAN_POINT('',(152.399994589185,14.3294596893041,0.70043759159882));
#5422=CARTESIAN_POINT('',(152.399994589185,6.77855433961733,0.700437591598821));
#5423=CARTESIAN_POINT('',(304.899992779634,12.8199100954452,0.700437591598821));
#5424=CARTESIAN_POINT('',(-0.600007220366406,12.8199100954452,0.700437591598818));
#5425=CARTESIAN_POINT('',(304.899992779634,14.3294596893042,0.700437591598821));
#5426=CARTESIAN_POINT('',(304.899992779634,10.1347964763102,0.700437591598821));
#5427=CARTESIAN_POINT('',(228.212740186044,14.3294596893042,0.700437591598821));
#5428=CARTESIAN_POINT('',(261.938992779634,14.3294596893041,0.700437591598821));
#5429=CARTESIAN_POINT('',(261.938992779634,15.3294596893041,0.700437591598821));
#5430=CARTESIAN_POINT('',(228.212740186044,14.3294596893041,0.700437591598821));
#5431=CARTESIAN_POINT('',(180.975992779634,14.3294596893041,0.70043759159882));
#5432=CARTESIAN_POINT('',(180.975992779634,15.3294596893041,0.70043759159882));
#5433=CARTESIAN_POINT('',(228.212740186044,14.3294596893041,0.700437591598821));
#5434=CARTESIAN_POINT('Origin',(304.899992779634,10.1347964763102,1.20043759159882));
#5435=CARTESIAN_POINT('',(305.392338513388,14.2895498423006,1.11328440201981));
#5436=CARTESIAN_POINT('Ctrl Pts',(304.899992779634,14.3294596893041,0.700437591598824));
#5437=CARTESIAN_POINT('Ctrl Pts',(305.02341588289,14.3294596893041,0.700437591598824));
#5438=CARTESIAN_POINT('Ctrl Pts',(305.242166237084,14.3206648280668,0.780608418574299));
#5439=CARTESIAN_POINT('Ctrl Pts',(305.37278138338,14.2993660473937,1.00280227772058));
#5440=CARTESIAN_POINT('Ctrl Pts',(305.392338513388,14.2895498423006,1.11328440201981));
#5441=CARTESIAN_POINT('',(305.399992779634,12.7761657636823,1.20043759159882));
#5442=CARTESIAN_POINT('Origin',(304.899992779634,12.7761657636819,1.20043759159882));
#5443=CARTESIAN_POINT('',(305.399992779634,14.2818955199978,1.20043759159882));
#5444=CARTESIAN_POINT('',(305.399992779634,10.1347964763102,1.20043759159882));
#5445=CARTESIAN_POINT('Ctrl Pts',(305.392338513388,14.2895498423007,1.11328440201981));
#5446=CARTESIAN_POINT('Ctrl Pts',(305.397480566712,14.2869689191278,1.14233288583658));
#5447=CARTESIAN_POINT('Ctrl Pts',(305.399992779634,14.2844372331484,1.1713856773496));
#5448=CARTESIAN_POINT('Ctrl Pts',(305.399992779634,14.2818955199978,1.20043759159882));
#5449=CARTESIAN_POINT('Origin',(261.938992779634,15.3294596893041,1.20043759159882));
#5450=CARTESIAN_POINT('',(262.431338513388,14.2895498423006,1.11328440201981));
#5451=CARTESIAN_POINT('Ctrl Pts',(261.938992779634,14.3294596893041,0.700437591598821));
#5452=CARTESIAN_POINT('Ctrl Pts',(262.06241588289,14.3294596893041,0.700437591598821));
#5453=CARTESIAN_POINT('Ctrl Pts',(262.281164698918,14.3206653596513,0.780602347925117));
#5454=CARTESIAN_POINT('Ctrl Pts',(262.41178138338,14.2993660473937,1.00280227772058));
#5455=CARTESIAN_POINT('Ctrl Pts',(262.431338513388,14.2895498423006,1.11328440201981));
#5456=CARTESIAN_POINT('',(262.438992779634,14.2818955199978,1.20043759159882));
#5457=CARTESIAN_POINT('',(262.438992779634,15.3294596893041,1.20043759159882));
#5458=CARTESIAN_POINT('Ctrl Pts',(262.431338513388,14.2895498423006,1.1132844020198));
#5459=CARTESIAN_POINT('Ctrl Pts',(262.436480566713,14.2869689191278,1.14233288583658));
#5460=CARTESIAN_POINT('Ctrl Pts',(262.438992779634,14.2844372331483,1.1713856773496));
#5461=CARTESIAN_POINT('Ctrl Pts',(262.438992779634,14.2818955199978,1.20043759159882));
#5462=CARTESIAN_POINT('Origin',(180.975992779634,15.3294596893041,1.20043759159882));
#5463=CARTESIAN_POINT('',(181.468338513388,14.2895498423006,1.11328440201981));
#5464=CARTESIAN_POINT('Ctrl Pts',(180.975992779634,14.3294596893041,0.70043759159882));
#5465=CARTESIAN_POINT('Ctrl Pts',(181.09941588289,14.3294596893041,0.70043759159882));
#5466=CARTESIAN_POINT('Ctrl Pts',(181.318160212891,14.3206669100055,0.780584643013689));
#5467=CARTESIAN_POINT('Ctrl Pts',(181.44878138338,14.2993660473937,1.00280227772058));
#5468=CARTESIAN_POINT('Ctrl Pts',(181.468338513388,14.2895498423006,1.11328440201981));
#5469=CARTESIAN_POINT('',(181.475992779634,14.2818955199978,1.20043759159882));
#5470=CARTESIAN_POINT('',(181.475992779634,15.3294596893041,1.20043759159882));
#5471=CARTESIAN_POINT('Ctrl Pts',(181.468338513388,14.2895498423006,1.1132844020198));
#5472=CARTESIAN_POINT('Ctrl Pts',(181.473480566713,14.2869689191278,1.14233288583658));
#5473=CARTESIAN_POINT('Ctrl Pts',(181.475992779634,14.2844372331483,1.1713856773496));
#5474=CARTESIAN_POINT('Ctrl Pts',(181.475992779634,14.2818955199978,1.20043759159882));
#5475=CARTESIAN_POINT('Origin',(304.899992779634,12.0000610403644,24.4134967286321));
#5476=CARTESIAN_POINT('',(304.899992779634,12.2926875862614,23.9371883152732));
#5477=CARTESIAN_POINT('',(305.399992779634,12.2491097148876,24.4352856643191));
#5478=CARTESIAN_POINT('Origin',(304.899992779634,12.2491097148876,24.4352856643191));
#5479=CARTESIAN_POINT('',(304.899992779634,10.7983955391232,23.8064547011517));
#5480=CARTESIAN_POINT('',(304.899992779634,12.0436389117382,23.9153993795863));
#5481=CARTESIAN_POINT('',(305.399992779634,10.7548176677494,24.3045520501975));
#5482=CARTESIAN_POINT('Origin',(304.899992779634,10.7548176677488,24.3045520501975));
#5483=CARTESIAN_POINT('',(305.399992779634,12.0000610403644,24.4134967286321));
#5484=CARTESIAN_POINT('Origin',(305.399992779634,4.94013326331633,119.450982031095));
#5485=CARTESIAN_POINT('',(305.399992779634,3.98768289698756,118.863826288347));
#5486=CARTESIAN_POINT('',(305.399992779634,6.84275013695671,86.2302584076009));
#5487=CARTESIAN_POINT('',(305.399992779634,2.47432800122037,118.950982031095));
#5488=CARTESIAN_POINT('',(305.399992779634,12.8199100954452,0.700437591598821));
#5489=CARTESIAN_POINT('',(305.399992779634,3.98008629834626,118.950981983064));
#5490=CARTESIAN_POINT('',(305.399992779634,4.94013326331633,118.950982031095));
#5491=CARTESIAN_POINT('Ctrl Pts',(305.399992779634,3.98768289698754,118.863826288347));
#5492=CARTESIAN_POINT('Ctrl Pts',(305.399992779634,3.98516626043956,118.892591575718));
#5493=CARTESIAN_POINT('Ctrl Pts',(305.399992779634,3.9826403205168,118.921349072349));
#5494=CARTESIAN_POINT('Ctrl Pts',(305.399992779634,3.98008629423701,118.95098198271));
#5495=CARTESIAN_POINT('Origin',(304.899992779634,4.94013326331633,118.950982031095));
#5496=CARTESIAN_POINT('',(304.899992779634,3.94013326331633,119.450982031095));
#5497=CARTESIAN_POINT('Ctrl Pts',(305.399992779634,3.98008629423701,118.95098198271));
#5498=CARTESIAN_POINT('Ctrl Pts',(305.399992792898,3.96826301146844,119.088160790993));
#5499=CARTESIAN_POINT('Ctrl Pts',(305.290467240234,3.94765723732467,119.347747741372));
#5500=CARTESIAN_POINT('Ctrl Pts',(305.017339830164,3.94013326331632,119.450982031095));
#5501=CARTESIAN_POINT('Ctrl Pts',(304.899992779634,3.94013326331632,119.450982031095));
#5502=CARTESIAN_POINT('',(304.899992779634,2.43058366945741,119.450982031095));
#5503=CARTESIAN_POINT('Origin',(304.899992779634,2.47432800122033,118.950982031095));
#5504=CARTESIAN_POINT('',(304.899992779634,4.94013326331633,119.450982031095));
#5505=CARTESIAN_POINT('Ctrl Pts',(310.099994642236,-21.8325235913592,129.973337934828));
#5506=CARTESIAN_POINT('Ctrl Pts',(310.099994642236,31.1674764086408,129.973337934828));
#5507=CARTESIAN_POINT('Ctrl Pts',(310.467925275031,-21.8325235913592,129.973337920886));
#5508=CARTESIAN_POINT('Ctrl Pts',(310.467925275031,31.1674764086408,129.973337920886));
#5509=CARTESIAN_POINT('Ctrl Pts',(310.834914035256,-21.8325235913592,129.935125230517));
#5510=CARTESIAN_POINT('Ctrl Pts',(310.834914035256,31.1674764086408,129.935125230517));
#5511=CARTESIAN_POINT('Ctrl Pts',(311.195071455645,-21.8325235913592,129.859260299854));
#5512=CARTESIAN_POINT('Ctrl Pts',(311.195071455645,31.1674764086408,129.859260299854));
#5513=CARTESIAN_POINT('Ctrl Pts',(311.554985864801,-21.8325235913592,129.783446558002));
#5514=CARTESIAN_POINT('Ctrl Pts',(311.554985864801,31.1674764086408,129.783446558002));
#5515=CARTESIAN_POINT('Ctrl Pts',(311.906226828505,-21.8325235913592,129.670420022023));
#5516=CARTESIAN_POINT('Ctrl Pts',(311.906226828505,31.1674764086408,129.670420022023));
#5517=CARTESIAN_POINT('Ctrl Pts',(312.243104230887,-21.8325235913592,129.521855348929));
#5518=CARTESIAN_POINT('Ctrl Pts',(312.243104230887,31.1674764086408,129.521855348929));
#5519=CARTESIAN_POINT('Ctrl Pts',(312.872765253664,-21.8325235913592,129.244171588168));
#5520=CARTESIAN_POINT('Ctrl Pts',(312.872765253664,31.1674764086408,129.244171588168));
#5521=CARTESIAN_POINT('Ctrl Pts',(313.443384271279,-21.8325235913592,128.846227524805));
#5522=CARTESIAN_POINT('Ctrl Pts',(313.443384271279,31.1674764086408,128.846227524805));
#5523=CARTESIAN_POINT('Ctrl Pts',(313.922124549014,-21.8325235913592,128.349124778124));
#5524=CARTESIAN_POINT('Ctrl Pts',(313.922124549014,31.1674764086408,128.349124778124));
#5525=CARTESIAN_POINT('Ctrl Pts',(314.398256887184,-21.8325235913592,127.854730000631));
#5526=CARTESIAN_POINT('Ctrl Pts',(314.398256887184,31.1674764086408,127.854730000631));
#5527=CARTESIAN_POINT('Ctrl Pts',(314.77441258564,-21.8325235913592,127.271602713363));
#5528=CARTESIAN_POINT('Ctrl Pts',(314.77441258564,31.1674764086408,127.271602713363));
#5529=CARTESIAN_POINT('Ctrl Pts',(315.028212503654,-21.8325235913592,126.631801654436));
#5530=CARTESIAN_POINT('Ctrl Pts',(315.028212503654,31.1674764086408,126.631801654436));
#5531=CARTESIAN_POINT('Ctrl Pts',(315.273719771101,-21.8325235913592,126.012905435258));
#5532=CARTESIAN_POINT('Ctrl Pts',(315.273719771101,31.1674764086408,126.012905435258));
#5533=CARTESIAN_POINT('Ctrl Pts',(315.399994433534,-21.8325235913592,125.352834072835));
#5534=CARTESIAN_POINT('Ctrl Pts',(315.399994433534,31.1674764086408,125.352834072835));
#5535=CARTESIAN_POINT('Ctrl Pts',(315.399994440891,-21.8325235913592,124.686656549745));
#5536=CARTESIAN_POINT('Ctrl Pts',(315.399994440891,31.1674764086408,124.686656549745));
#5537=CARTESIAN_POINT('',(315.399994440891,3.47825152475807,124.686656522306));
#5538=CARTESIAN_POINT('',(315.399994440891,-21.8325235913592,124.686656549745));
#5539=CARTESIAN_POINT('Ctrl Pts',(310.099994645551,3.01954640815458,129.973337934828));
#5540=CARTESIAN_POINT('Ctrl Pts',(310.136289467122,3.01954640827591,129.97333793343));
#5541=CARTESIAN_POINT('Ctrl Pts',(310.21051309131,3.01961254515601,129.972569534508));
#5542=CARTESIAN_POINT('Ctrl Pts',(310.357548507743,3.02000857064689,129.967968440193));
#5543=CARTESIAN_POINT('Ctrl Pts',(310.54141754807,3.02099665576796,129.956488837561));
#5544=CARTESIAN_POINT('Ctrl Pts',(310.83377371612,3.02362303415382,129.925977188839));
#5545=CARTESIAN_POINT('Ctrl Pts',(311.051393436694,3.02676167408189,129.889518173422));
#5546=CARTESIAN_POINT('Ctrl Pts',(311.200953296254,3.02947356391589,129.858021488351));
#5547=CARTESIAN_POINT('Ctrl Pts',(311.206831467765,3.02958108601328,129.856772702418));
#5548=CARTESIAN_POINT('Ctrl Pts',(311.529343994834,3.03552893855583,129.787693354553));
#5549=CARTESIAN_POINT('Ctrl Pts',(311.839730975266,3.04386264813505,129.690921396792));
#5550=CARTESIAN_POINT('Ctrl Pts',(312.174379818091,3.05585761916781,129.551729710392));
#5551=CARTESIAN_POINT('Ctrl Pts',(312.208831544128,3.05712965505228,129.5369697905));
#5552=CARTESIAN_POINT('Ctrl Pts',(312.253866424256,3.05884139487796,129.517109163635));
#5553=CARTESIAN_POINT('Ctrl Pts',(312.26461096795,3.05925347821636,129.512328027633));
#5554=CARTESIAN_POINT('Ctrl Pts',(312.867535109838,3.08258499303464,129.241633224709));
#5555=CARTESIAN_POINT('Ctrl Pts',(313.405335247011,3.11468286189039,128.869523688104));
#5556=CARTESIAN_POINT('Ctrl Pts',(313.882039887394,3.15611495473393,128.390408512116));
#5557=CARTESIAN_POINT('Ctrl Pts',(313.902171682283,3.15789356018183,128.369843035991));
#5558=CARTESIAN_POINT('Ctrl Pts',(313.936672180595,3.16099207524712,128.334019120022));
#5559=CARTESIAN_POINT('Ctrl Pts',(313.951124931047,3.16230571406762,128.318832316487));
#5560=CARTESIAN_POINT('Ctrl Pts',(314.408572144741,3.20438455359761,127.832397040935));
#5561=CARTESIAN_POINT('Ctrl Pts',(314.76058501388,3.25183502639153,127.284901265853));
#5562=CARTESIAN_POINT('Ctrl Pts',(315.012797051283,3.30526191556257,126.670330145626));
#5563=CARTESIAN_POINT('Ctrl Pts',(315.02056267724,3.30693500816222,126.65108609448));
#5564=CARTESIAN_POINT('Ctrl Pts',(315.038178548916,3.31079621414778,126.606678303077));
#5565=CARTESIAN_POINT('Ctrl Pts',(315.047948563449,3.31298689673054,126.581486114873));
#5566=CARTESIAN_POINT('Ctrl Pts',(315.1675232843,3.34042469635129,126.26599664857));
#5567=CARTESIAN_POINT('Ctrl Pts',(315.251560713074,3.36646231250961,125.967001365623));
#5568=CARTESIAN_POINT('Ctrl Pts',(315.369579474356,3.42110917925543,125.340392536613));
#5569=CARTESIAN_POINT('Ctrl Pts',(315.399994437281,3.44965320319854,125.013581474171));
#5570=CARTESIAN_POINT('Ctrl Pts',(315.399994440891,3.47825152237598,124.686656522097));
#5571=CARTESIAN_POINT('Origin',(315.399994440891,-21.8325235913592,124.686656442339));
#5572=CARTESIAN_POINT('',(315.399990898929,14.8226606248722,-4.98053584062366));
#5573=CARTESIAN_POINT('',(315.399990898929,-21.8325235913592,-4.98053584062366));
#5574=CARTESIAN_POINT('',(315.399994438511,3.48587639893112,124.599500806998));
#5575=CARTESIAN_POINT('',(315.399993493137,6.51377479792129,89.9904637390941));
#5576=CARTESIAN_POINT('Ctrl Pts',(315.399994440891,3.47825152237598,124.686656522097));
#5577=CARTESIAN_POINT('Ctrl Pts',(315.399994440098,3.48079288793395,124.657604611447));
#5578=CARTESIAN_POINT('Ctrl Pts',(315.399994439304,3.48333442640292,124.628555685947));
#5579=CARTESIAN_POINT('Ctrl Pts',(315.399994438511,3.48587639482822,124.599500853894));
#5580=CARTESIAN_POINT('Ctrl Pts',(315.399990898929,-21.8325235913592,-4.98053584062366));
#5581=CARTESIAN_POINT('Ctrl Pts',(315.399990898929,31.1674764086408,-4.98053584062366));
#5582=CARTESIAN_POINT('Ctrl Pts',(315.399990899155,-21.8325235913592,-5.00099140977085));
#5583=CARTESIAN_POINT('Ctrl Pts',(315.399990899155,31.1674764086408,-5.00099140977085));
#5584=CARTESIAN_POINT('Ctrl Pts',(315.399871878561,-21.8325235913592,-5.02145263035699));
#5585=CARTESIAN_POINT('Ctrl Pts',(315.399871878561,31.1674764086408,-5.02145263035699));
#5586=CARTESIAN_POINT('Ctrl Pts',(315.399633640476,-21.8325235913592,-5.04191843832585));
#5587=CARTESIAN_POINT('Ctrl Pts',(315.399633640476,31.1674764086408,-5.04191843832585));
#5588=CARTESIAN_POINT('Ctrl Pts',(315.391626918247,-21.8325235913592,-5.7297347431343));
#5589=CARTESIAN_POINT('Ctrl Pts',(315.391626918247,31.1674764086408,-5.7297347431343));
#5590=CARTESIAN_POINT('Ctrl Pts',(315.249080517276,-21.8325235913592,-6.40903035616679));
#5591=CARTESIAN_POINT('Ctrl Pts',(315.249080517276,31.1674764086408,-6.40903035616679));
#5592=CARTESIAN_POINT('Ctrl Pts',(314.980688544816,-21.8325235913592,-7.04145191187456));
#5593=CARTESIAN_POINT('Ctrl Pts',(314.980688544816,31.1674764086408,-7.04145191187456));
#5594=CARTESIAN_POINT('Ctrl Pts',(314.711022485138,-21.8325235913592,-7.6768756446327));
#5595=CARTESIAN_POINT('Ctrl Pts',(314.711022485138,31.1674764086408,-7.6768756446327));
#5596=CARTESIAN_POINT('Ctrl Pts',(314.319717487604,-21.8325235913592,-8.25236753995753));
#5597=CARTESIAN_POINT('Ctrl Pts',(314.319717487604,31.1674764086408,-8.25236753995753));
#5598=CARTESIAN_POINT('Ctrl Pts',(313.830131600796,-21.8325235913592,-8.73618706235013));
#5599=CARTESIAN_POINT('Ctrl Pts',(313.830131600796,31.1674764086408,-8.73618706235013));
#5600=CARTESIAN_POINT('Ctrl Pts',(313.337839279732,-21.8325235913592,-9.22268114249602));
#5601=CARTESIAN_POINT('Ctrl Pts',(313.337839279732,31.1674764086408,-9.22268114249602));
#5602=CARTESIAN_POINT('Ctrl Pts',(312.755657360374,-21.8325235913592,-9.60721364326267));
#5603=CARTESIAN_POINT('Ctrl Pts',(312.755657360374,31.1674764086408,-9.60721364326267));
#5604=CARTESIAN_POINT('Ctrl Pts',(312.117195861262,-21.8325235913592,-9.86933138090518));
#5605=CARTESIAN_POINT('Ctrl Pts',(312.117195861262,31.1674764086408,-9.86933138090518));
#5606=CARTESIAN_POINT('Ctrl Pts',(311.476753059302,-21.8325235913592,-10.1322625342683));
#5607=CARTESIAN_POINT('Ctrl Pts',(311.476753059302,31.1674764086408,-10.1322625342683));
#5608=CARTESIAN_POINT('Ctrl Pts',(310.79150370345,-21.8325235913592,-10.2672173545798));
#5609=CARTESIAN_POINT('Ctrl Pts',(310.79150370345,31.1674764086408,-10.2672173545798));
#5610=CARTESIAN_POINT('Ctrl Pts',(310.099990803687,-21.8325235913592,-10.267217342181));
#5611=CARTESIAN_POINT('Ctrl Pts',(310.099990803687,31.1674764086408,-10.267217342181));
#5612=CARTESIAN_POINT('',(310.099990803687,15.2890051614741,-10.267217342181));
#5613=CARTESIAN_POINT('',(310.099990803687,-21.8325235913592,-10.267217342181));
#5614=CARTESIAN_POINT('',(315.399270603099,14.8302860227504,-5.06769156076987));
#5615=CARTESIAN_POINT('Ctrl Pts',(315.399270603099,14.8302860227504,-5.06769156076987));
#5616=CARTESIAN_POINT('Ctrl Pts',(315.398092332181,14.8365226966262,-5.13896733157414));
#5617=CARTESIAN_POINT('Ctrl Pts',(315.395468459188,14.8427569673467,-5.21019171663664));
#5618=CARTESIAN_POINT('Ctrl Pts',(315.385687580471,14.8577454171896,-5.38137228064022));
#5619=CARTESIAN_POINT('Ctrl Pts',(315.3771188621,14.8664930041628,-5.48122979427474));
#5620=CARTESIAN_POINT('Ctrl Pts',(315.337993649926,14.8964200815433,-5.82270051765795));
#5621=CARTESIAN_POINT('Ctrl Pts',(315.293637473784,14.9173885206582,-6.06167526688846));
#5622=CARTESIAN_POINT('Ctrl Pts',(315.12323946222,14.9755030085357,-6.72327534089787));
#5623=CARTESIAN_POINT('Ctrl Pts',(314.960011680192,15.0117639201143,-7.13520860138122));
#5624=CARTESIAN_POINT('Ctrl Pts',(314.495371849803,15.0863005415288,-7.98047870412388));
#5625=CARTESIAN_POINT('Ctrl Pts',(314.177732448188,15.1231397495434,-8.39724270235643));
#5626=CARTESIAN_POINT('Ctrl Pts',(313.805736839317,15.1552662788327,-8.76013932512414));
#5627=CARTESIAN_POINT('Ctrl Pts',(313.431338327969,15.1876003291651,-9.12538007554506));
#5628=CARTESIAN_POINT('Ctrl Pts',(313.001649387506,15.2150735423544,-9.43508023366713));
#5629=CARTESIAN_POINT('Ctrl Pts',(312.323927206058,15.2461683283574,-9.78530251898857));
#5630=CARTESIAN_POINT('Ctrl Pts',(312.102261847751,15.254703079773,-9.88137248802843));
#5631=CARTESIAN_POINT('Ctrl Pts',(311.589389755702,15.2708568463801,-10.0631471909403));
#5632=CARTESIAN_POINT('Ctrl Pts',(311.296901833086,15.2776376627312,-10.1394039504791));
#5633=CARTESIAN_POINT('Ctrl Pts',(310.85172604348,15.2844432864268,-10.2159302985274));
#5634=CARTESIAN_POINT('Ctrl Pts',(310.702259666971,15.2861508407179,-10.2351281130112));
#5635=CARTESIAN_POINT('Ctrl Pts',(310.477033306107,15.2878615437518,-10.2543607484275));
#5636=CARTESIAN_POINT('Ctrl Pts',(310.401786695175,15.2882900036286,-10.2591775430487));
#5637=CARTESIAN_POINT('Ctrl Pts',(310.251048345872,15.288861812533,-10.2656058401289));
#5638=CARTESIAN_POINT('Ctrl Pts',(310.176821291138,15.2890051615946,-10.2672173435586));
#5639=CARTESIAN_POINT('Ctrl Pts',(310.099990803687,15.2890051614741,-10.267217342181));
#5640=CARTESIAN_POINT('Ctrl Pts',(315.399990898929,14.8226606248722,-4.98053584062366));
#5641=CARTESIAN_POINT('Ctrl Pts',(315.399990899155,14.8244507188465,-5.00099670837708));
#5642=CARTESIAN_POINT('Ctrl Pts',(315.399871820626,14.826240793401,-5.02145757783084));
#5643=CARTESIAN_POINT('Ctrl Pts',(315.399533634096,14.8287826245394,-5.05050948176119));
#5644=CARTESIAN_POINT('Ctrl Pts',(315.399412622885,14.829534301667,-5.05910052318823));
#5645=CARTESIAN_POINT('Ctrl Pts',(315.399270603099,14.8302860227504,-5.06769156076987));
#5646=CARTESIAN_POINT('Ctrl Pts',(315.399994438511,3.48587639482822,124.599500853894));
#5647=CARTESIAN_POINT('Ctrl Pts',(315.399994439304,3.48333442640292,124.628555685947));
#5648=CARTESIAN_POINT('Ctrl Pts',(315.399994440098,3.48079288793395,124.657604611447));
#5649=CARTESIAN_POINT('Ctrl Pts',(315.399994440891,3.47825152237598,124.686656522097));
#5650=CARTESIAN_POINT('Ctrl Pts',(315.066661105971,3.81794129476922,124.628552761547));
#5651=CARTESIAN_POINT('Ctrl Pts',(315.066661106343,3.81555883429239,124.655784409406));
#5652=CARTESIAN_POINT('Ctrl Pts',(315.066596112507,3.81317679742528,124.683010553964));
#5653=CARTESIAN_POINT('Ctrl Pts',(315.066466205075,3.81079508202602,124.710236331817));
#5654=CARTESIAN_POINT('Ctrl Pts',(314.733327773431,4.15000619471021,124.6576046692));
#5655=CARTESIAN_POINT('Ctrl Pts',(314.733327773382,4.14778324218187,124.683013132866));
#5656=CARTESIAN_POINT('Ctrl Pts',(314.733197784917,4.14556070691662,124.708416496482));
#5657=CARTESIAN_POINT('Ctrl Pts',(314.732937969259,4.14333864167605,124.733816141536));
#5658=CARTESIAN_POINT('Ctrl Pts',(314.399994440891,4.4820710946512,124.686656576854));
#5659=CARTESIAN_POINT('Ctrl Pts',(314.399994440421,4.48000765007135,124.710241856325));
#5660=CARTESIAN_POINT('Ctrl Pts',(314.399799457327,4.47794461640795,124.733822439));
#5661=CARTESIAN_POINT('Ctrl Pts',(314.399409733443,4.47588220132609,124.757395951256));
#5662=CARTESIAN_POINT('',(314.399409733443,4.47588220132609,124.757395951256));
#5663=CARTESIAN_POINT('',(315.399994440891,3.47825152475807,124.686656522306));
#5664=CARTESIAN_POINT('',(314.399994440891,4.4820710946512,124.686656576854));
#5665=CARTESIAN_POINT('',(314.399994440891,4.4820710946512,124.686656576854));
#5666=CARTESIAN_POINT('Ctrl Pts',(314.399994440891,4.4820710946512,124.686656576854));
#5667=CARTESIAN_POINT('Ctrl Pts',(314.399994440421,4.48000765007135,124.710241856325));
#5668=CARTESIAN_POINT('Ctrl Pts',(314.399799457327,4.47794461640795,124.733822439));
#5669=CARTESIAN_POINT('Ctrl Pts',(314.399409733443,4.47588220132609,124.757395951256));
#5670=CARTESIAN_POINT('Origin',(72.8627410642941,3.56312427952841,129.475240585782));
#5671=CARTESIAN_POINT('',(310.09999460254,4.10670215090225,128.977143236736));
#5672=CARTESIAN_POINT('',(310.09999460254,4.10670215090225,128.977143236736));
#5673=CARTESIAN_POINT('',(72.8627410642941,4.10670215090224,128.977143236736));
#5674=CARTESIAN_POINT('Ctrl Pts',(315.399994440891,3.47825152237598,124.686656522097));
#5675=CARTESIAN_POINT('Ctrl Pts',(315.399994437281,3.44965320319854,125.013581474171));
#5676=CARTESIAN_POINT('Ctrl Pts',(315.369579474356,3.42110917925543,125.340392536613));
#5677=CARTESIAN_POINT('Ctrl Pts',(315.251560713074,3.36646231250961,125.967001365623));
#5678=CARTESIAN_POINT('Ctrl Pts',(315.1675232843,3.34042469635129,126.26599664857));
#5679=CARTESIAN_POINT('Ctrl Pts',(315.047948563449,3.31298689673054,126.581486114873));
#5680=CARTESIAN_POINT('Ctrl Pts',(315.038178548916,3.31079621414778,126.606678303077));
#5681=CARTESIAN_POINT('Ctrl Pts',(315.02056267724,3.30693500816222,126.65108609448));
#5682=CARTESIAN_POINT('Ctrl Pts',(315.012797051283,3.30526191556257,126.670330145626));
#5683=CARTESIAN_POINT('Ctrl Pts',(314.76058501388,3.25183502639153,127.284901265853));
#5684=CARTESIAN_POINT('Ctrl Pts',(314.408572144741,3.20438455359761,127.832397040935));
#5685=CARTESIAN_POINT('Ctrl Pts',(313.951124931047,3.16230571406762,128.318832316487));
#5686=CARTESIAN_POINT('Ctrl Pts',(313.936672180595,3.16099207524712,128.334019120022));
#5687=CARTESIAN_POINT('Ctrl Pts',(313.902171682283,3.15789356018183,128.369843035991));
#5688=CARTESIAN_POINT('Ctrl Pts',(313.882039887394,3.15611495473393,128.390408512116));
#5689=CARTESIAN_POINT('Ctrl Pts',(313.405335247011,3.11468286189039,128.869523688104));
#5690=CARTESIAN_POINT('Ctrl Pts',(312.867535109838,3.08258499303464,129.241633224709));
#5691=CARTESIAN_POINT('Ctrl Pts',(312.26461096795,3.05925347821636,129.512328027633));
#5692=CARTESIAN_POINT('Ctrl Pts',(312.253866424256,3.05884139487796,129.517109163635));
#5693=CARTESIAN_POINT('Ctrl Pts',(312.208831544128,3.05712965505228,129.5369697905));
#5694=CARTESIAN_POINT('Ctrl Pts',(312.174379818091,3.05585761916781,129.551729710392));
#5695=CARTESIAN_POINT('Ctrl Pts',(311.839730975266,3.04386264813505,129.690921396792));
#5696=CARTESIAN_POINT('Ctrl Pts',(311.529343994834,3.03552893855583,129.787693354553));
#5697=CARTESIAN_POINT('Ctrl Pts',(311.206831467765,3.02958108601328,129.856772702418));
#5698=CARTESIAN_POINT('Ctrl Pts',(311.200953296254,3.02947356391589,129.858021488351));
#5699=CARTESIAN_POINT('Ctrl Pts',(311.051393436694,3.02676167408189,129.889518173422));
#5700=CARTESIAN_POINT('Ctrl Pts',(310.83377371612,3.02362303415382,129.925977188839));
#5701=CARTESIAN_POINT('Ctrl Pts',(310.54141754807,3.02099665576796,129.956488837561));
#5702=CARTESIAN_POINT('Ctrl Pts',(310.357548507743,3.02000857064689,129.967968440193));
#5703=CARTESIAN_POINT('Ctrl Pts',(310.210513090751,3.0196125451545,129.972569534525));
#5704=CARTESIAN_POINT('Ctrl Pts',(310.136289465992,3.01954640827491,129.973337933441));
#5705=CARTESIAN_POINT('Ctrl Pts',(310.099994643894,3.01954640815458,129.973337934828));
#5706=CARTESIAN_POINT('Ctrl Pts',(315.066466205075,3.81079508202602,124.710236331817));
#5707=CARTESIAN_POINT('Ctrl Pts',(315.065004226315,3.78399335272039,125.016611702993));
#5708=CARTESIAN_POINT('Ctrl Pts',(315.035044752376,3.75725362727715,125.322615404968));
#5709=CARTESIAN_POINT('Ctrl Pts',(314.921802351719,3.70608302926859,125.908826171392));
#5710=CARTESIAN_POINT('Ctrl Pts',(314.841857647902,3.68171234333193,126.188307332577));
#5711=CARTESIAN_POINT('Ctrl Pts',(314.728685920669,3.65604196238261,126.482970126034));
#5712=CARTESIAN_POINT('Ctrl Pts',(314.719442142206,3.65399242312057,126.506498123735));
#5713=CARTESIAN_POINT('Ctrl Pts',(314.702779913737,3.65038012277516,126.547969651583));
#5714=CARTESIAN_POINT('Ctrl Pts',(314.695436915434,3.64881491984796,126.565940240065));
#5715=CARTESIAN_POINT('Ctrl Pts',(314.45699004234,3.59883493884545,127.139814492839));
#5716=CARTESIAN_POINT('Ctrl Pts',(314.12586027643,3.55448392853998,127.650172398333));
#5717=CARTESIAN_POINT('Ctrl Pts',(313.69703496098,3.51517893770678,128.103076751137));
#5718=CARTESIAN_POINT('Ctrl Pts',(313.68348719293,3.51395186162819,128.11721691718));
#5719=CARTESIAN_POINT('Ctrl Pts',(313.651148988446,3.51105764217997,128.150569717573));
#5720=CARTESIAN_POINT('Ctrl Pts',(313.63228181353,3.50939631479582,128.169716196995));
#5721=CARTESIAN_POINT('Ctrl Pts',(313.18555636238,3.47069860067647,128.615728118864));
#5722=CARTESIAN_POINT('Ctrl Pts',(312.68267166275,3.44074204454265,128.96161846811));
#5723=CARTESIAN_POINT('Ctrl Pts',(312.119643322217,3.41897232554048,129.213125558137));
#5724=CARTESIAN_POINT('Ctrl Pts',(312.109609749366,3.41858782824153,129.217567726988));
#5725=CARTESIAN_POINT('Ctrl Pts',(312.067555677635,3.41699069765469,129.236019889779));
#5726=CARTESIAN_POINT('Ctrl Pts',(312.035386461321,3.41580385104866,129.249732635214));
#5727=CARTESIAN_POINT('Ctrl Pts',(311.722928053362,3.40461252110083,129.379042318424));
#5728=CARTESIAN_POINT('Ctrl Pts',(311.433275121413,3.39683888822252,129.468906712943));
#5729=CARTESIAN_POINT('Ctrl Pts',(311.132388485416,3.39129097064236,129.533050016102));
#5730=CARTESIAN_POINT('Ctrl Pts',(311.12690453355,3.39119067860701,129.534209562808));
#5731=CARTESIAN_POINT('Ctrl Pts',(310.987372101774,3.38866116087845,129.563455148956));
#5732=CARTESIAN_POINT('Ctrl Pts',(310.784356156518,3.38573376050837,129.597304980472));
#5733=CARTESIAN_POINT('Ctrl Pts',(310.511680118159,3.38328422970592,129.625631247695));
#5734=CARTESIAN_POINT('Ctrl Pts',(310.340177185922,3.38236269174409,129.636288301181));
#5735=CARTESIAN_POINT('Ctrl Pts',(310.203061663771,3.38199333843615,129.640559698302));
#5736=CARTESIAN_POINT('Ctrl Pts',(310.133804858732,3.38193165593592,129.641273032507));
#5737=CARTESIAN_POINT('Ctrl Pts',(310.099994630109,3.38193165573714,129.641273035464));
#5738=CARTESIAN_POINT('Ctrl Pts',(314.732937969259,4.14333864167605,124.733816141536));
#5739=CARTESIAN_POINT('Ctrl Pts',(314.730014330547,4.11833342500081,125.019641540672));
#5740=CARTESIAN_POINT('Ctrl Pts',(314.700510128919,4.09339807850363,125.304837989566));
#5741=CARTESIAN_POINT('Ctrl Pts',(314.592044174503,4.04570377335561,125.850650521053));
#5742=CARTESIAN_POINT('Ctrl Pts',(314.516193211183,4.02300023198904,126.110614208474));
#5743=CARTESIAN_POINT('Ctrl Pts',(314.40942350257,3.99909702620969,126.384454085727));
#5744=CARTESIAN_POINT('Ctrl Pts',(314.400705425934,3.99718863512877,126.40631801056));
#5745=CARTESIAN_POINT('Ctrl Pts',(314.384997547025,3.99382523457539,126.44485311387));
#5746=CARTESIAN_POINT('Ctrl Pts',(314.378076212342,3.99236793383897,126.461550415573));
#5747=CARTESIAN_POINT('Ctrl Pts',(314.153403035545,3.94583439334469,126.994729744059));
#5748=CARTESIAN_POINT('Ctrl Pts',(313.84317136417,3.90458414346064,127.46793310897));
#5749=CARTESIAN_POINT('Ctrl Pts',(313.442945239848,3.86805214604754,127.88732143719));
#5750=CARTESIAN_POINT('Ctrl Pts',(313.430301870345,3.86691166905258,127.900414369717));
#5751=CARTESIAN_POINT('Ctrl Pts',(313.400126902353,3.86422168675593,127.93129701405));
#5752=CARTESIAN_POINT('Ctrl Pts',(313.382523047186,3.86267772535017,127.94902307597));
#5753=CARTESIAN_POINT('Ctrl Pts',(312.965784916629,3.82671345755729,128.361945700159));
#5754=CARTESIAN_POINT('Ctrl Pts',(312.497835276467,3.7988987106092,128.681613583515));
#5755=CARTESIAN_POINT('Ctrl Pts',(311.974675686908,3.77869117117745,128.913923121163));
#5756=CARTESIAN_POINT('Ctrl Pts',(311.965353061405,3.77833426375261,128.918026248973));
#5757=CARTESIAN_POINT('Ctrl Pts',(311.926279854611,3.77685173318031,128.935070125434));
#5758=CARTESIAN_POINT('Ctrl Pts',(311.89639306472,3.77575009047019,128.94773541578));
#5759=CARTESIAN_POINT('Ctrl Pts',(311.606125386355,3.76536233660191,129.067164329358));
#5760=CARTESIAN_POINT('Ctrl Pts',(311.337207258514,3.75814874715439,129.150121891291));
#5761=CARTESIAN_POINT('Ctrl Pts',(311.057945501897,3.75300085492393,129.209327335903));
#5762=CARTESIAN_POINT('Ctrl Pts',(311.052846143844,3.75290779376397,129.210397629068));
#5763=CARTESIAN_POINT('Ctrl Pts',(310.92376775987,3.75056063413101,129.237392362656));
#5764=CARTESIAN_POINT('Ctrl Pts',(310.73847855635,3.74784448663144,129.268632775342));
#5765=CARTESIAN_POINT('Ctrl Pts',(310.484036133403,3.74557180237136,129.294773679673));
#5766=CARTESIAN_POINT('Ctrl Pts',(310.327561113669,3.74471681225608,129.304608173045));
#5767=CARTESIAN_POINT('Ctrl Pts',(310.197120958466,3.74437413163271,129.308549863241));
#5768=CARTESIAN_POINT('Ctrl Pts',(310.138774031899,3.74431690336157,129.309208136295));
#5769=CARTESIAN_POINT('Ctrl Pts',(310.099994616325,3.7443169033197,129.3092081361));
#5770=CARTESIAN_POINT('Ctrl Pts',(314.399409733443,4.47588220132609,124.757395951256));
#5771=CARTESIAN_POINT('Ctrl Pts',(314.39502411958,4.45267357452266,125.022671769494));
#5772=CARTESIAN_POINT('Ctrl Pts',(314.365975406939,4.42954252652535,125.287060857921));
#5773=CARTESIAN_POINT('Ctrl Pts',(314.262285813148,4.3853244901146,125.792475326821));
#5774=CARTESIAN_POINT('Ctrl Pts',(314.190527574784,4.36428787896968,126.032924892481));
#5775=CARTESIAN_POINT('Ctrl Pts',(314.09016085979,4.34215209186176,126.285938096887));
#5776=CARTESIAN_POINT('Ctrl Pts',(314.081969019224,4.34038484410156,126.306137831218));
#5777=CARTESIAN_POINT('Ctrl Pts',(314.067214783521,4.33727034918834,126.341736670973));
#5778=CARTESIAN_POINT('Ctrl Pts',(314.060716076493,4.33592093812436,126.357160510012));
#5779=CARTESIAN_POINT('Ctrl Pts',(313.849808064004,4.29283430579861,126.849642971045));
#5780=CARTESIAN_POINT('Ctrl Pts',(313.56045949586,4.25468351840301,127.285708466368));
#5781=CARTESIAN_POINT('Ctrl Pts',(313.188855269782,4.2209253696867,127.67156587184));
#5782=CARTESIAN_POINT('Ctrl Pts',(313.17711688268,4.21987145543365,127.683612166875));
#5783=CARTESIAN_POINT('Ctrl Pts',(313.149104208516,4.21738576875407,127.712023695631));
#5784=CARTESIAN_POINT('Ctrl Pts',(313.132764973322,4.21595908541206,127.72833076085));
#5785=CARTESIAN_POINT('Ctrl Pts',(312.746006031998,4.18272919634338,128.10815013092));
#5786=CARTESIAN_POINT('Ctrl Pts',(312.312971829379,4.15705576211721,128.401598826916));
#5787=CARTESIAN_POINT('Ctrl Pts',(311.829708041175,4.13841001850157,128.614720651667));
#5788=CARTESIAN_POINT('Ctrl Pts',(311.821096386515,4.13808069711618,128.618484812326));
#5789=CARTESIAN_POINT('Ctrl Pts',(311.785003988118,4.13671277578272,128.634120224714));
#5790=CARTESIAN_POINT('Ctrl Pts',(311.757399707951,4.13569632235105,128.645738340601));
#5791=CARTESIAN_POINT('Ctrl Pts',(311.48932246445,4.12611220956768,128.755285250991));
#5792=CARTESIAN_POINT('Ctrl Pts',(311.241138385093,4.11945869682107,128.831335249681));
#5793=CARTESIAN_POINT('Ctrl Pts',(310.983502519547,4.11471073955301,128.885604649587));
#5794=CARTESIAN_POINT('Ctrl Pts',(310.97879738114,4.11462490845509,128.886585703525));
#5795=CARTESIAN_POINT('Ctrl Pts',(310.859746424949,4.11246012092757,128.911329338189));
#5796=CARTESIAN_POINT('Ctrl Pts',(310.689060996748,4.10995521298598,128.939960566975));
#5797=CARTESIAN_POINT('Ctrl Pts',(310.454298703492,4.10785937630932,128.963916089807));
#5798=CARTESIAN_POINT('Ctrl Pts',(310.310189791848,4.10707093335327,128.972928034033));
#5799=CARTESIAN_POINT('Ctrl Pts',(310.189669531486,4.10675492491436,128.976540027018));
#5800=CARTESIAN_POINT('Ctrl Pts',(310.136289424638,4.10670215102258,128.977143235361));
#5801=CARTESIAN_POINT('Ctrl Pts',(310.09999460254,4.10670215090225,128.977143236736));
#5802=CARTESIAN_POINT('Ctrl Pts',(314.399409733443,4.47588220132609,124.757395951256));
#5803=CARTESIAN_POINT('Ctrl Pts',(314.39502411958,4.45267357452266,125.022671769494));
#5804=CARTESIAN_POINT('Ctrl Pts',(314.365975406939,4.42954252652535,125.287060857921));
#5805=CARTESIAN_POINT('Ctrl Pts',(314.262285813148,4.3853244901146,125.792475326821));
#5806=CARTESIAN_POINT('Ctrl Pts',(314.190527574784,4.36428787896968,126.032924892481));
#5807=CARTESIAN_POINT('Ctrl Pts',(314.09016085979,4.34215209186176,126.285938096887));
#5808=CARTESIAN_POINT('Ctrl Pts',(314.081969019224,4.34038484410156,126.306137831218));
#5809=CARTESIAN_POINT('Ctrl Pts',(314.067214783521,4.33727034918834,126.341736670973));
#5810=CARTESIAN_POINT('Ctrl Pts',(314.060716076493,4.33592093812436,126.357160510012));
#5811=CARTESIAN_POINT('Ctrl Pts',(313.849808064004,4.29283430579861,126.849642971045));
#5812=CARTESIAN_POINT('Ctrl Pts',(313.56045949586,4.25468351840301,127.285708466368));
#5813=CARTESIAN_POINT('Ctrl Pts',(313.188855269782,4.2209253696867,127.67156587184));
#5814=CARTESIAN_POINT('Ctrl Pts',(313.17711688268,4.21987145543365,127.683612166875));
#5815=CARTESIAN_POINT('Ctrl Pts',(313.149104208516,4.21738576875407,127.712023695631));
#5816=CARTESIAN_POINT('Ctrl Pts',(313.132764973322,4.21595908541206,127.72833076085));
#5817=CARTESIAN_POINT('Ctrl Pts',(312.746006031998,4.18272919634338,128.10815013092));
#5818=CARTESIAN_POINT('Ctrl Pts',(312.312971829379,4.15705576211721,128.401598826916));
#5819=CARTESIAN_POINT('Ctrl Pts',(311.829708041175,4.13841001850157,128.614720651667));
#5820=CARTESIAN_POINT('Ctrl Pts',(311.821096386515,4.13808069711618,128.618484812326));
#5821=CARTESIAN_POINT('Ctrl Pts',(311.785003988118,4.13671277578272,128.634120224714));
#5822=CARTESIAN_POINT('Ctrl Pts',(311.757399707951,4.13569632235105,128.645738340601));
#5823=CARTESIAN_POINT('Ctrl Pts',(311.48932246445,4.12611220956768,128.755285250991));
#5824=CARTESIAN_POINT('Ctrl Pts',(311.241138385093,4.11945869682107,128.831335249681));
#5825=CARTESIAN_POINT('Ctrl Pts',(310.983502519547,4.11471073955301,128.885604649587));
#5826=CARTESIAN_POINT('Ctrl Pts',(310.97879738114,4.11462490845509,128.886585703525));
#5827=CARTESIAN_POINT('Ctrl Pts',(310.859746424949,4.11246012092757,128.911329338189));
#5828=CARTESIAN_POINT('Ctrl Pts',(310.689060996748,4.10995521298598,128.939960566975));
#5829=CARTESIAN_POINT('Ctrl Pts',(310.454298703492,4.10785937630932,128.963916089807));
#5830=CARTESIAN_POINT('Ctrl Pts',(310.310189791848,4.10707093335327,128.972928034033));
#5831=CARTESIAN_POINT('Ctrl Pts',(310.189669531945,4.10675492491556,128.976540027004));
#5832=CARTESIAN_POINT('Ctrl Pts',(310.136289425451,4.10670215102339,128.977143235352));
#5833=CARTESIAN_POINT('Ctrl Pts',(310.099994604197,4.10670215090225,128.977143236736));
#5834=CARTESIAN_POINT('Ctrl Pts',(310.099990803687,15.2890051614741,-10.267217342181));
#5835=CARTESIAN_POINT('Ctrl Pts',(310.161455193648,15.2890051615705,-10.2672173432831));
#5836=CARTESIAN_POINT('Ctrl Pts',(310.281467918251,15.2888216706461,-10.265154527217));
#5837=CARTESIAN_POINT('Ctrl Pts',(310.522903209318,15.287724032483,-10.2528151672298));
#5838=CARTESIAN_POINT('Ctrl Pts',(311.062187949764,15.2827989338889,-10.1974433344378));
#5839=CARTESIAN_POINT('Ctrl Pts',(311.532605775982,15.2726523923898,-10.0833510391764));
#5840=CARTESIAN_POINT('Ctrl Pts',(311.945715341376,15.2596335099318,-9.93685359892236));
#5841=CARTESIAN_POINT('Ctrl Pts',(312.016403071609,15.2572552700504,-9.91008863740919));
#5842=CARTESIAN_POINT('Ctrl Pts',(312.096703216871,15.2543783714515,-9.87770713738405));
#5843=CARTESIAN_POINT('Ctrl Pts',(312.106956567762,15.2540077168017,-9.87353509347193));
#5844=CARTESIAN_POINT('Ctrl Pts',(312.405177386316,15.2431306062633,-9.75110121220456));
#5845=CARTESIAN_POINT('Ctrl Pts',(312.8666554132,15.2219257535486,-9.51231061948007));
#5846=CARTESIAN_POINT('Ctrl Pts',(313.288654999067,15.1949853417171,-9.20850794097039));
#5847=CARTESIAN_POINT('Ctrl Pts',(313.566519462678,15.1749487379019,-8.98240541234305));
#5848=CARTESIAN_POINT('Ctrl Pts',(313.678615363387,15.1661417588375,-8.88298060820262));
#5849=CARTESIAN_POINT('Ctrl Pts',(313.800943250835,15.155684602615,-8.76486492472952));
#5850=CARTESIAN_POINT('Ctrl Pts',(313.815579882068,15.1544188883585,-8.75056748767393));
#5851=CARTESIAN_POINT('Ctrl Pts',(314.191627007327,15.1215223167214,-8.37894587182456));
#5852=CARTESIAN_POINT('Ctrl Pts',(314.500891173808,15.0854144066646,-7.97043010207232));
#5853=CARTESIAN_POINT('Ctrl Pts',(314.820321058126,15.034172957395,-7.38933445628839));
#5854=CARTESIAN_POINT('Ctrl Pts',(314.887536461303,15.0222020900566,-7.25349690042912));
#5855=CARTESIAN_POINT('Ctrl Pts',(314.959594154759,15.0078594491612,-7.09063664223244));
#5856=CARTESIAN_POINT('Ctrl Pts',(314.970235474386,15.0056973284797,-7.06608294276517));
#5857=CARTESIAN_POINT('Ctrl Pts',(315.177682104144,14.9626584585759,-6.57726660217347));
#5858=CARTESIAN_POINT('Ctrl Pts',(315.307882149396,14.9194507513021,-6.08548435714058));
#5859=CARTESIAN_POINT('Ctrl Pts',(315.382896105107,14.8620742733588,-5.43081132358756));
#5860=CARTESIAN_POINT('Ctrl Pts',(315.393641885772,14.8488766482917,-5.28011936222722));
#5861=CARTESIAN_POINT('Ctrl Pts',(315.398475072312,14.8338662661741,-5.10860637095543));
#5862=CARTESIAN_POINT('Ctrl Pts',(315.398932369852,14.8320763159868,-5.0881519107788));
#5863=CARTESIAN_POINT('Ctrl Pts',(315.399270603099,14.8302860227504,-5.06769156076987));
#5864=CARTESIAN_POINT('Ctrl Pts',(310.099990809164,15.5932865805582,-9.93515244281711));
#5865=CARTESIAN_POINT('Ctrl Pts',(310.157922878487,15.5932865789165,-9.93515238923246));
#5866=CARTESIAN_POINT('Ctrl Pts',(310.27087600637,15.5931138139442,-9.93320075642514));
#5867=CARTESIAN_POINT('Ctrl Pts',(310.498219391668,15.5920803246551,-9.92152567297702));
#5868=CARTESIAN_POINT('Ctrl Pts',(311.00592296384,15.5874431944304,-9.8691379422513));
#5869=CARTESIAN_POINT('Ctrl Pts',(311.448693484968,15.5778904593866,-9.76120560777686));
#5870=CARTESIAN_POINT('Ctrl Pts',(311.83731555343,15.5656356192725,-9.62267091080969));
#5871=CARTESIAN_POINT('Ctrl Pts',(311.903810220212,15.5633970170888,-9.59736274429906));
#5872=CARTESIAN_POINT('Ctrl Pts',(311.979337406879,15.5606891018585,-9.56674544079079));
#5873=CARTESIAN_POINT('Ctrl Pts',(311.988980960003,15.5603402243641,-9.56280077702584));
#5874=CARTESIAN_POINT('Ctrl Pts',(312.269460779676,15.5501023912629,-9.44704336885008));
#5875=CARTESIAN_POINT('Ctrl Pts',(312.703253543059,15.5301460538305,-9.22132920799345));
#5876=CARTESIAN_POINT('Ctrl Pts',(313.099431179329,15.5048015906995,-8.93439244318835));
#5877=CARTESIAN_POINT('Ctrl Pts',(313.360128482289,15.4859555051961,-8.72092528290492));
#5878=CARTESIAN_POINT('Ctrl Pts',(313.465247762055,15.4776727553313,-8.6270792967207));
#5879=CARTESIAN_POINT('Ctrl Pts',(313.579902591319,15.4678393145028,-8.51562263948854));
#5880=CARTESIAN_POINT('Ctrl Pts',(313.593619313903,15.4666491425514,-8.50213211313612));
#5881=CARTESIAN_POINT('Ctrl Pts',(313.946018335602,15.4357166727984,-8.15149735705173));
#5882=CARTESIAN_POINT('Ctrl Pts',(314.235176762082,15.4017769344201,-7.76636411869363));
#5883=CARTESIAN_POINT('Ctrl Pts',(314.532896005266,15.3536453326767,-7.21928219065897));
#5884=CARTESIAN_POINT('Ctrl Pts',(314.595466998513,15.3424029497468,-7.09144109396826));
#5885=CARTESIAN_POINT('Ctrl Pts',(314.662449959037,15.3289356264198,-6.93822679093374));
#5886=CARTESIAN_POINT('Ctrl Pts',(314.672338741182,15.3269055553487,-6.9151294404264));
#5887=CARTESIAN_POINT('Ctrl Pts',(314.865068274641,15.2864965437618,-6.45533137223665));
#5888=CARTESIAN_POINT('Ctrl Pts',(314.985036962627,15.245950348727,-5.99327591154575));
#5889=CARTESIAN_POINT('Ctrl Pts',(315.052453376349,15.1921486013368,-5.3790821332799));
#5890=CARTESIAN_POINT('Ctrl Pts',(315.061852576894,15.1797758059826,-5.2377650530391));
#5891=CARTESIAN_POINT('Ctrl Pts',(315.065614783465,15.1657065373392,-5.07699045658494));
#5892=CARTESIAN_POINT('Ctrl Pts',(315.065951879603,15.1640288243122,-5.05781728499228));
#5893=CARTESIAN_POINT('Ctrl Pts',(315.066177368375,15.1623508362917,-5.03863965770735));
#5894=CARTESIAN_POINT('Ctrl Pts',(310.09999081464,15.8975679996423,-9.6030875434532));
#5895=CARTESIAN_POINT('Ctrl Pts',(310.164987525239,15.8975680014768,-9.60308759924196));
#5896=CARTESIAN_POINT('Ctrl Pts',(310.262525435965,15.8974059503367,-9.60124676117084));
#5897=CARTESIAN_POINT('Ctrl Pts',(310.479882048023,15.8964366204526,-9.59023621834203));
#5898=CARTESIAN_POINT('Ctrl Pts',(310.951397789069,15.8920874445235,-9.54083230145563));
#5899=CARTESIAN_POINT('Ctrl Pts',(311.367158791397,15.8831284916091,-9.43905827912143));
#5900=CARTESIAN_POINT('Ctrl Pts',(311.72882503086,15.8716377376747,-9.30848866131742));
#5901=CARTESIAN_POINT('Ctrl Pts',(311.791216733611,15.869538755984,-9.28463646199696));
#5902=CARTESIAN_POINT('Ctrl Pts',(311.861971586988,15.8669998276403,-9.25578367045917));
#5903=CARTESIAN_POINT('Ctrl Pts',(311.871005364604,15.8666727367411,-9.25206653825214));
#5904=CARTESIAN_POINT('Ctrl Pts',(312.133743856827,15.857074071943,-9.14298379902282));
#5905=CARTESIAN_POINT('Ctrl Pts',(312.539851445075,15.8383663574122,-8.93034780658189));
#5906=CARTESIAN_POINT('Ctrl Pts',(312.910206553984,15.8146178730918,-8.66027725210239));
#5907=CARTESIAN_POINT('Ctrl Pts',(313.153737895167,15.7969622433768,-8.45944479924901));
#5908=CARTESIAN_POINT('Ctrl Pts',(313.251879666256,15.7892037866406,-8.37117838218042));
#5909=CARTESIAN_POINT('Ctrl Pts',(313.358861383108,15.7799940215721,-8.26638035908421));
#5910=CARTESIAN_POINT('Ctrl Pts',(313.371659264422,15.7788794026108,-8.25369674785491));
#5911=CARTESIAN_POINT('Ctrl Pts',(313.700403215506,15.7499108671555,-7.92404779996554));
#5912=CARTESIAN_POINT('Ctrl Pts',(313.969455267727,15.7181396173682,-7.56230053746439));
#5913=CARTESIAN_POINT('Ctrl Pts',(314.245472863077,15.6731176720014,-7.04922934927841));
#5914=CARTESIAN_POINT('Ctrl Pts',(314.30339538512,15.6626038593122,-6.92938607606263));
#5915=CARTESIAN_POINT('Ctrl Pts',(314.365305373575,15.6500118031339,-6.78581718577116));
#5916=CARTESIAN_POINT('Ctrl Pts',(314.37444237826,15.6481137845893,-6.76417571952854));
#5917=CARTESIAN_POINT('Ctrl Pts',(314.55245039112,15.610334518408,-6.33339787682525));
#5918=CARTESIAN_POINT('Ctrl Pts',(314.662187482055,15.572450174892,-5.90107228873523));
#5919=CARTESIAN_POINT('Ctrl Pts',(314.722011816196,15.5222228728389,-5.32735170114505));
#5920=CARTESIAN_POINT('Ctrl Pts',(314.730061961097,15.5106750334794,-5.19541225892208));
#5921=CARTESIAN_POINT('Ctrl Pts',(314.732754494624,15.4975468085,-5.04537454218095));
#5922=CARTESIAN_POINT('Ctrl Pts',(314.732971389361,15.4959813326328,-5.02748265916774));
#5923=CARTESIAN_POINT('Ctrl Pts',(314.733084133652,15.494415649833,-5.00958775464484));
#5924=CARTESIAN_POINT('Ctrl Pts',(310.099990820117,16.2018494187264,-9.27102264408928));
#5925=CARTESIAN_POINT('Ctrl Pts',(310.161455210078,16.2018494188228,-9.27102264519134));
#5926=CARTESIAN_POINT('Ctrl Pts',(310.251933524084,16.2016980936349,-9.26929299037895));
#5927=CARTESIAN_POINT('Ctrl Pts',(310.455198230373,16.2007929126247,-9.25894672408921));
#5928=CARTESIAN_POINT('Ctrl Pts',(310.895132803145,16.196731705065,-9.21252690926915));
#5929=CARTESIAN_POINT('Ctrl Pts',(311.283246500382,16.188366558606,-9.11691284772192));
#5930=CARTESIAN_POINT('Ctrl Pts',(311.620425242915,16.1776398470154,-8.99430597320474));
#5931=CARTESIAN_POINT('Ctrl Pts',(311.678623882213,16.1756805030225,-8.97191056888683));
#5932=CARTESIAN_POINT('Ctrl Pts',(311.744605776996,16.1733105580473,-8.94482197386591));
#5933=CARTESIAN_POINT('Ctrl Pts',(311.753029756846,16.1730052443035,-8.94133222180606));
#5934=CARTESIAN_POINT('Ctrl Pts',(311.998027250187,16.1640458569425,-8.83892595566834));
#5935=CARTESIAN_POINT('Ctrl Pts',(312.376449574934,16.1465866576941,-8.63936639509527));
#5936=CARTESIAN_POINT('Ctrl Pts',(312.720982734246,16.1244341220742,-8.38616175432035));
#5937=CARTESIAN_POINT('Ctrl Pts',(312.947346914777,16.1079690106709,-8.19796466981088));
#5938=CARTESIAN_POINT('Ctrl Pts',(313.038512064924,16.1007347831344,-8.11527707069851));
#5939=CARTESIAN_POINT('Ctrl Pts',(313.137820723592,16.0921487334598,-8.01713807384324));
#5940=CARTESIAN_POINT('Ctrl Pts',(313.149698696257,16.0911096568037,-8.00526137331709));
#5941=CARTESIAN_POINT('Ctrl Pts',(313.454794543781,16.0641052232325,-7.69659928519271));
#5942=CARTESIAN_POINT('Ctrl Pts',(313.703740856001,16.0345021451237,-7.3582345540857));
#5943=CARTESIAN_POINT('Ctrl Pts',(313.958047810217,15.9925900472831,-6.879177083649));
#5944=CARTESIAN_POINT('Ctrl Pts',(314.01132592233,15.9828047190024,-6.76733026960178));
#5945=CARTESIAN_POINT('Ctrl Pts',(314.068161177853,15.9710879803925,-6.63340733447247));
#5946=CARTESIAN_POINT('Ctrl Pts',(314.076545645057,15.9693220114583,-6.61322221718977));
#5947=CARTESIAN_POINT('Ctrl Pts',(314.239836561617,15.9341726035939,-6.21146264688843));
#5948=CARTESIAN_POINT('Ctrl Pts',(314.339342295286,15.8989497723169,-5.8088638431404));
#5949=CARTESIAN_POINT('Ctrl Pts',(314.391569087438,15.8522972008169,-5.27562251083738));
#5950=CARTESIAN_POINT('Ctrl Pts',(314.398272652218,15.8415741911703,-5.15305794973396));
#5951=CARTESIAN_POINT('Ctrl Pts',(314.399894205778,15.8293870796651,-5.01375862781045));
#5952=CARTESIAN_POINT('Ctrl Pts',(314.399990899112,15.8279338409582,-4.99714803338122));
#5953=CARTESIAN_POINT('Ctrl Pts',(314.399990898929,15.8264804633743,-4.98053585158232));
#5954=CARTESIAN_POINT('',(314.399990898929,15.8264804633743,-4.98053585158232));
#5955=CARTESIAN_POINT('Ctrl Pts',(314.399990898929,15.8264804633743,-4.98053585158232));
#5956=CARTESIAN_POINT('Ctrl Pts',(314.733084133652,15.494415649833,-5.00958775464484));
#5957=CARTESIAN_POINT('Ctrl Pts',(315.066177368375,15.1623508362917,-5.03863965770735));
#5958=CARTESIAN_POINT('Ctrl Pts',(315.399270603099,14.8302860227504,-5.06769156076987));
#5959=CARTESIAN_POINT('',(310.099990803687,16.2018494187264,-9.27102264408929));
#5960=CARTESIAN_POINT('',(310.099990803687,16.2018494187264,-9.27102264408929));
#5961=CARTESIAN_POINT('Ctrl Pts',(310.099990820117,16.2018494187264,-9.27102264408928));
#5962=CARTESIAN_POINT('Ctrl Pts',(310.176821307568,16.2018494188469,-9.27102264546685));
#5963=CARTESIAN_POINT('Ctrl Pts',(310.224567537288,16.2017311974829,-9.26967136909271));
#5964=CARTESIAN_POINT('Ctrl Pts',(310.348871536294,16.2012596498385,-9.26428155485453));
#5965=CARTESIAN_POINT('Ctrl Pts',(310.410918677031,16.2009063231389,-9.26024301219796));
#5966=CARTESIAN_POINT('Ctrl Pts',(310.596618701045,16.1994956687199,-9.24411915840774));
#5967=CARTESIAN_POINT('Ctrl Pts',(310.719830324494,16.1980876667539,-9.22802562229331));
#5968=CARTESIAN_POINT('Ctrl Pts',(311.086675926799,16.1924767574684,-9.1638926356937));
#5969=CARTESIAN_POINT('Ctrl Pts',(311.327516029696,16.1868871307632,-9.10000291010031));
#5970=CARTESIAN_POINT('Ctrl Pts',(311.749244786406,16.1735775028199,-8.94787316657876));
#5971=CARTESIAN_POINT('Ctrl Pts',(311.93129733328,16.1665474508387,-8.8675193047425));
#5972=CARTESIAN_POINT('Ctrl Pts',(312.486983953539,16.1409495068536,-8.57493346614956));
#5973=CARTESIAN_POINT('Ctrl Pts',(312.837865152676,16.1183498179039,-8.31661783942786));
#5974=CARTESIAN_POINT('Ctrl Pts',(313.141710048297,16.0918053308272,-8.01321296379208));
#5975=CARTESIAN_POINT('Ctrl Pts',(313.443604856964,16.0654312071784,-7.71175535104601));
#5976=CARTESIAN_POINT('Ctrl Pts',(313.699342564336,16.0352269611962,-7.36651923970446));
#5977=CARTESIAN_POINT('Ctrl Pts',(314.069262242119,15.9742609434647,-6.66967446834233));
#5978=CARTESIAN_POINT('Ctrl Pts',(314.197206214254,15.9446536043484,-6.33126103369791));
#5979=CARTESIAN_POINT('Ctrl Pts',(314.327392579033,15.8972937466628,-5.78993538330018));
#5980=CARTESIAN_POINT('Ctrl Pts',(314.360305503897,15.8802236602571,-5.59482340287011));
#5981=CARTESIAN_POINT('Ctrl Pts',(314.38754703387,15.8558900546093,-5.316689017601));
#5982=CARTESIAN_POINT('Ctrl Pts',(314.39317000334,15.8487808990348,-5.23543099755529));
#5983=CARTESIAN_POINT('Ctrl Pts',(314.398817207027,15.8366057555961,-5.09626847125834));
#5984=CARTESIAN_POINT('Ctrl Pts',(314.399990899635,15.8320728907388,-5.04445758885791));
#5985=CARTESIAN_POINT('Ctrl Pts',(314.399990898929,15.8264804633743,-4.98053585158232));
#5986=CARTESIAN_POINT('Origin',(314.899993494328,7.01187214578133,90.0340416240221));
#5987=CARTESIAN_POINT('',(314.399990901309,15.8188553205923,-4.89338007076771));
#5988=CARTESIAN_POINT('',(315.399990898929,14.8226606248722,-4.98053584062366));
#5989=CARTESIAN_POINT('',(314.399993495518,7.50996949364137,90.07761950895));
#5990=CARTESIAN_POINT('Ctrl Pts',(315.399270603099,14.8302860227504,-5.06769156076987));
#5991=CARTESIAN_POINT('Ctrl Pts',(315.399412622885,14.829534301667,-5.05910052318823));
#5992=CARTESIAN_POINT('Ctrl Pts',(315.399533634096,14.8287826245394,-5.05050948176119));
#5993=CARTESIAN_POINT('Ctrl Pts',(315.399871820626,14.826240793401,-5.02145757783084));
#5994=CARTESIAN_POINT('Ctrl Pts',(315.399990899155,14.8244507188465,-5.00099670837708));
#5995=CARTESIAN_POINT('Ctrl Pts',(315.399990898929,14.8226606248722,-4.98053584062366));
#5996=CARTESIAN_POINT('Ctrl Pts',(315.066177368375,15.1623508362917,-5.03863965770735));
#5997=CARTESIAN_POINT('Ctrl Pts',(315.066272048266,15.1615991488341,-5.03004861718436));
#5998=CARTESIAN_POINT('Ctrl Pts',(315.066352722274,15.1608474915562,-5.02145757402114));
#5999=CARTESIAN_POINT('Ctrl Pts',(315.06657818002,15.1583056988764,-4.99240566672734));
#6000=CARTESIAN_POINT('Ctrl Pts',(315.066657565822,15.1565156168542,-4.97194479792737));
#6001=CARTESIAN_POINT('Ctrl Pts',(315.066657565275,15.1547255245557,-4.95148393002733));
#6002=CARTESIAN_POINT('Ctrl Pts',(314.733084133652,15.494415649833,-5.00958775464484));
#6003=CARTESIAN_POINT('Ctrl Pts',(314.733131473453,15.4936639970311,-5.00099671109039));
#6004=CARTESIAN_POINT('Ctrl Pts',(314.733171810561,15.4929123580051,-4.99240566633077));
#6005=CARTESIAN_POINT('Ctrl Pts',(314.733284539024,15.490370606396,-4.96335375544499));
#6006=CARTESIAN_POINT('Ctrl Pts',(314.733324231525,15.4885805198894,-4.94289288703779));
#6007=CARTESIAN_POINT('Ctrl Pts',(314.73332423162,15.4867904242392,-4.92243201943101));
#6008=CARTESIAN_POINT('Ctrl Pts',(314.399990898929,15.8264804633743,-4.98053585158232));
#6009=CARTESIAN_POINT('Ctrl Pts',(314.399990898834,15.8257288441981,-4.97194480508652));
#6010=CARTESIAN_POINT('Ctrl Pts',(314.399990898739,15.8249772250219,-4.96335375859072));
#6011=CARTESIAN_POINT('Ctrl Pts',(314.399990898418,15.8224355118714,-4.93430184434149));
#6012=CARTESIAN_POINT('Ctrl Pts',(314.399990898192,15.8206454178971,-4.91384097658808));
#6013=CARTESIAN_POINT('Ctrl Pts',(314.399990897966,15.8188553239227,-4.89338010883468));
#6014=CARTESIAN_POINT('Ctrl Pts',(314.399990898929,15.8264804633743,-4.98053585158232));
#6015=CARTESIAN_POINT('Ctrl Pts',(314.399990898834,15.8257288441981,-4.97194480508652));
#6016=CARTESIAN_POINT('Ctrl Pts',(314.399990898739,15.8249772250219,-4.96335375859072));
#6017=CARTESIAN_POINT('Ctrl Pts',(314.399990898418,15.8224355118714,-4.93430184434149));
#6018=CARTESIAN_POINT('Ctrl Pts',(314.399990898192,15.8206454178971,-4.91384097658808));
#6019=CARTESIAN_POINT('Ctrl Pts',(314.399990897966,15.8188553239227,-4.89338010883468));
#6020=CARTESIAN_POINT('Origin',(181.475992779634,15.3294596893041,0.70043759159882));
#6021=CARTESIAN_POINT('',(181.475992779634,12.6642325175947,19.6904103173081));
#6022=CARTESIAN_POINT('',(181.475992779634,12.0374133499506,26.8549861878527));
#6023=CARTESIAN_POINT('',(181.475992779634,13.6604272156864,19.7775660600557));
#6024=CARTESIAN_POINT('Origin',(180.975992779634,13.6604272156864,19.7775660600557));
#6025=CARTESIAN_POINT('',(180.975992779634,12.6206546462208,20.188507666354));
#6026=CARTESIAN_POINT('Origin',(180.975992779634,12.6642325175947,19.6904103173081));
#6027=CARTESIAN_POINT('',(180.975992779634,13.6168493443126,20.2756634091016));
#6028=CARTESIAN_POINT('Ctrl Pts',(182.475992779634,15.2857153575412,1.20043759159882));
#6029=CARTESIAN_POINT('Ctrl Pts',(182.475992779634,15.2831736443906,1.22948950584804));
#6030=CARTESIAN_POINT('Ctrl Pts',(182.475992779634,15.2806319312401,1.25854142009725));
#6031=CARTESIAN_POINT('Ctrl Pts',(182.475992779634,15.2780902180896,1.28759333434648));
#6032=CARTESIAN_POINT('Ctrl Pts',(182.140108024218,14.9536601857943,1.17138652840581));
#6033=CARTESIAN_POINT('Ctrl Pts',(182.141822041993,14.9511054026363,1.20043729917755));
#6034=CARTESIAN_POINT('Ctrl Pts',(182.1426594463,14.9485670318762,1.22948950584803));
#6035=CARTESIAN_POINT('Ctrl Pts',(182.1426594463,14.9460253187256,1.25854142009726));
#6036=CARTESIAN_POINT('Ctrl Pts',(181.804223268803,14.6216050140475,1.14233546521281));
#6037=CARTESIAN_POINT('Ctrl Pts',(181.807651304353,14.6190371608821,1.17138509250706));
#6038=CARTESIAN_POINT('Ctrl Pts',(181.809326112967,14.6165021325123,1.20043759159882));
#6039=CARTESIAN_POINT('Ctrl Pts',(181.809326112967,14.6139604193617,1.22948950584804));
#6040=CARTESIAN_POINT('Ctrl Pts',(181.468338513388,14.2895498423006,1.1132844020198));
#6041=CARTESIAN_POINT('Ctrl Pts',(181.473480566713,14.2869689191278,1.14233288583658));
#6042=CARTESIAN_POINT('Ctrl Pts',(181.475992779634,14.2844372331483,1.1713856773496));
#6043=CARTESIAN_POINT('Ctrl Pts',(181.475992779634,14.2818955199978,1.20043759159882));
#6044=CARTESIAN_POINT('',(182.475992779634,15.2780902180896,1.28759333434648));
#6045=CARTESIAN_POINT('',(182.475992779634,15.2780902180896,1.28759333434648));
#6046=CARTESIAN_POINT('',(182.475992779634,15.2857153575412,1.20043759159882));
#6047=CARTESIAN_POINT('Ctrl Pts',(182.475992779634,15.2780902180896,1.28759333434648));
#6048=CARTESIAN_POINT('Ctrl Pts',(182.475992779634,15.2806319312401,1.25854142009725));
#6049=CARTESIAN_POINT('Ctrl Pts',(182.475992779634,15.2831736443906,1.22948950584804));
#6050=CARTESIAN_POINT('Ctrl Pts',(182.475992779634,15.2857153575412,1.20043759159882));
#6051=CARTESIAN_POINT('',(181.468338513388,14.2895498423006,1.11328440201981));
#6052=CARTESIAN_POINT('Origin',(228.212740186044,13.0751741238929,20.7301828867736));
#6053=CARTESIAN_POINT('',(152.399994589185,13.5296936015649,21.2718581071934));
#6054=CARTESIAN_POINT('',(152.399994589185,12.6206546462209,20.1885076663539));
#6055=CARTESIAN_POINT('',(152.399994589185,19.6399620834426,28.5537925221865));
#6056=CARTESIAN_POINT('',(180.975992779634,13.5296936015649,21.2718581071934));
#6057=CARTESIAN_POINT('',(228.212740186044,13.5296936015649,21.2718581071934));
#6058=CARTESIAN_POINT('',(180.975992779634,12.6206546462208,20.188507666354));
#6059=CARTESIAN_POINT('',(228.212740186044,12.6206546462209,20.1885076663539));
#6060=CARTESIAN_POINT('Origin',(180.975992779634,13.1623298666405,19.7339881886819));
#6061=CARTESIAN_POINT('',(182.475992779634,13.6604272156864,19.7775660600557));
#6062=CARTESIAN_POINT('',(181.475992779634,12.6642325175947,19.6904103173081));
#6063=CARTESIAN_POINT('Origin',(180.975992779634,13.6604272156864,19.7775660600557));
#6064=CARTESIAN_POINT('Origin',(181.975992779634,12.5355106989965,26.8985640592266));
#6065=CARTESIAN_POINT('',(182.475992779634,13.0336080480423,26.9421419306004));
#6066=CARTESIAN_POINT('Ctrl Pts',(181.468338513388,14.2895498423006,1.11328440201981));
#6067=CARTESIAN_POINT('Ctrl Pts',(181.44878138338,14.2993660473937,1.00280227772058));
#6068=CARTESIAN_POINT('Ctrl Pts',(181.318160212891,14.3206669100055,0.780584643013689));
#6069=CARTESIAN_POINT('Ctrl Pts',(181.09941588289,14.3294596893041,0.70043759159882));
#6070=CARTESIAN_POINT('Ctrl Pts',(180.975992779634,14.3294596893041,0.70043759159882));
#6071=CARTESIAN_POINT('Ctrl Pts',(181.804223268803,14.6216050140475,1.14233546521281));
#6072=CARTESIAN_POINT('Ctrl Pts',(181.791185182131,14.6379156457985,0.957049166760459));
#6073=CARTESIAN_POINT('Ctrl Pts',(181.613310652124,14.6749521583565,0.547888117137309));
#6074=CARTESIAN_POINT('Ctrl Pts',(181.208255462882,14.6918449368867,0.368372692234905));
#6075=CARTESIAN_POINT('Ctrl Pts',(180.975992779634,14.6918449368867,0.368372692234905));
#6076=CARTESIAN_POINT('Ctrl Pts',(182.140108024218,14.9536601857943,1.17138652840582));
#6077=CARTESIAN_POINT('Ctrl Pts',(182.133588980882,14.9764652442033,0.911296055800336));
#6078=CARTESIAN_POINT('Ctrl Pts',(181.908461091358,15.0292374067075,0.31519159126093));
#6079=CARTESIAN_POINT('Ctrl Pts',(181.317095042874,15.0542301844692,0.036307792870989));
#6080=CARTESIAN_POINT('Ctrl Pts',(180.975992779634,15.0542301844692,0.036307792870989));
#6081=CARTESIAN_POINT('Ctrl Pts',(182.475992779634,15.2857153575412,1.20043759159882));
#6082=CARTESIAN_POINT('Ctrl Pts',(182.475992779634,15.3150148426081,0.865542944840213));
#6083=CARTESIAN_POINT('Ctrl Pts',(182.203611530592,15.3835226550584,0.0824950653845498));
#6084=CARTESIAN_POINT('Ctrl Pts',(181.425934622867,15.4166154320518,-0.295757106492927));
#6085=CARTESIAN_POINT('Ctrl Pts',(180.975992779634,15.4166154320518,-0.295757106492927));
#6086=CARTESIAN_POINT('',(180.975992779634,15.4166154320518,-0.295757106492925));
#6087=CARTESIAN_POINT('',(180.975992779634,14.3294596893041,0.70043759159882));
#6088=CARTESIAN_POINT('Ctrl Pts',(182.475992779634,15.2857153575412,1.20043759159882));
#6089=CARTESIAN_POINT('Ctrl Pts',(182.475992779634,15.3150148426081,0.865542944840213));
#6090=CARTESIAN_POINT('Ctrl Pts',(182.203611530592,15.3835226550584,0.0824950653845498));
#6091=CARTESIAN_POINT('Ctrl Pts',(181.425934622867,15.4166154320518,-0.295757106492927));
#6092=CARTESIAN_POINT('Ctrl Pts',(180.975992779634,15.4166154320518,-0.295757106492927));
#6093=CARTESIAN_POINT('Origin',(228.212740186044,14.873037560678,0.202340242552948));
#6094=CARTESIAN_POINT('',(152.399994589185,15.4166154320518,-0.295757106492925));
#6095=CARTESIAN_POINT('',(152.399994589185,-4.50690698479356,17.9607875802976));
#6096=CARTESIAN_POINT('',(228.212740186044,15.4166154320518,-0.295757106492925));
#6097=CARTESIAN_POINT('Origin',(262.438992779634,15.3294596893041,0.700437591598821));
#6098=CARTESIAN_POINT('',(262.438992779634,12.6642325175947,19.6904103173081));
#6099=CARTESIAN_POINT('',(262.438992779634,12.0374133499506,26.8549861878528));
#6100=CARTESIAN_POINT('',(262.438992779634,13.6604272156864,19.7775660600557));
#6101=CARTESIAN_POINT('Origin',(261.938992779634,13.6604272156864,19.7775660600557));
#6102=CARTESIAN_POINT('',(261.938992779634,12.6206546462208,20.188507666354));
#6103=CARTESIAN_POINT('Origin',(261.938992779634,12.6642325175947,19.6904103173081));
#6104=CARTESIAN_POINT('',(261.938992779634,13.6168493443126,20.2756634091016));
#6105=CARTESIAN_POINT('Origin',(185.738992779634,12.4584306915527,19.6724049905965));
#6106=CARTESIAN_POINT('',(185.738992779634,12.6206546462209,20.1885076663539));
#6107=CARTESIAN_POINT('',(185.238992779634,12.6642325175947,19.6904103173081));
#6108=CARTESIAN_POINT('Origin',(185.738992779634,12.6642325175947,19.6904103173081));
#6109=CARTESIAN_POINT('',(185.738992779634,12.4148528201789,20.1705023396423));
#6110=CARTESIAN_POINT('',(185.238992779634,12.4584306915527,19.6724049905965));
#6111=CARTESIAN_POINT('Origin',(185.238992779634,12.9070658381929,0.70043759159882));
#6112=CARTESIAN_POINT('',(185.238992779634,12.0282129485287,26.960147257312));
#6113=CARTESIAN_POINT('Ctrl Pts',(184.238992779634,15.2780902180896,1.28759333434648));
#6114=CARTESIAN_POINT('Ctrl Pts',(184.238992779634,15.2806319312401,1.25854142009725));
#6115=CARTESIAN_POINT('Ctrl Pts',(184.238992779634,15.2831736443906,1.22948950584804));
#6116=CARTESIAN_POINT('Ctrl Pts',(184.238992779634,15.2857153575412,1.20043759159882));
#6117=CARTESIAN_POINT('Ctrl Pts',(184.572326112967,14.9460253187256,1.25854142009726));
#6118=CARTESIAN_POINT('Ctrl Pts',(184.572326112967,14.9485670318762,1.22948950584803));
#6119=CARTESIAN_POINT('Ctrl Pts',(184.573163517274,14.9511054026363,1.20043729917755));
#6120=CARTESIAN_POINT('Ctrl Pts',(184.574877535049,14.9536601857943,1.17138652840581));
#6121=CARTESIAN_POINT('Ctrl Pts',(184.9056594463,14.6139604193617,1.22948950584804));
#6122=CARTESIAN_POINT('Ctrl Pts',(184.9056594463,14.6165021325123,1.20043759159882));
#6123=CARTESIAN_POINT('Ctrl Pts',(184.907334254914,14.6190371608821,1.17138509250706));
#6124=CARTESIAN_POINT('Ctrl Pts',(184.910762290464,14.6216050140475,1.14233546521281));
#6125=CARTESIAN_POINT('Ctrl Pts',(185.238992779634,14.2818955199978,1.20043759159882));
#6126=CARTESIAN_POINT('Ctrl Pts',(185.238992779634,14.2844372331483,1.1713856773496));
#6127=CARTESIAN_POINT('Ctrl Pts',(185.241504992555,14.2869689191278,1.14233288583658));
#6128=CARTESIAN_POINT('Ctrl Pts',(185.246647045879,14.2895498423006,1.1132844020198));
#6129=CARTESIAN_POINT('',(184.238992779634,15.2857153575412,1.20043759159882));
#6130=CARTESIAN_POINT('',(184.238992779634,15.2857153575412,1.20043759159882));
#6131=CARTESIAN_POINT('',(184.238992779634,15.2780902180896,1.28759333434648));
#6132=CARTESIAN_POINT('Ctrl Pts',(184.238992779634,15.2857153575412,1.20043759159882));
#6133=CARTESIAN_POINT('Ctrl Pts',(184.238992779634,15.2831736443906,1.22948950584804));
#6134=CARTESIAN_POINT('Ctrl Pts',(184.238992779634,15.2806319312401,1.25854142009725));
#6135=CARTESIAN_POINT('Ctrl Pts',(184.238992779634,15.2780902180896,1.28759333434648));
#6136=CARTESIAN_POINT('',(185.238992779634,14.2818955199978,1.20043759159882));
#6137=CARTESIAN_POINT('Ctrl Pts',(263.438992779634,15.2857153575412,1.20043759159882));
#6138=CARTESIAN_POINT('Ctrl Pts',(263.438992779634,15.2831736443906,1.22948950584804));
#6139=CARTESIAN_POINT('Ctrl Pts',(263.438992779634,15.2806319312401,1.25854142009726));
#6140=CARTESIAN_POINT('Ctrl Pts',(263.438992779634,15.2780902180896,1.28759333434648));
#6141=CARTESIAN_POINT('Ctrl Pts',(263.103108024218,14.9536601857943,1.17138652840581));
#6142=CARTESIAN_POINT('Ctrl Pts',(263.104822041993,14.9511054026363,1.20043729917755));
#6143=CARTESIAN_POINT('Ctrl Pts',(263.1056594463,14.9485670318762,1.22948950584804));
#6144=CARTESIAN_POINT('Ctrl Pts',(263.1056594463,14.9460253187256,1.25854142009726));
#6145=CARTESIAN_POINT('Ctrl Pts',(262.767223268803,14.6216050140475,1.14233546521281));
#6146=CARTESIAN_POINT('Ctrl Pts',(262.770651304353,14.6190371608821,1.17138509250706));
#6147=CARTESIAN_POINT('Ctrl Pts',(262.772326112967,14.6165021325123,1.20043759159882));
#6148=CARTESIAN_POINT('Ctrl Pts',(262.772326112967,14.6139604193617,1.22948950584804));
#6149=CARTESIAN_POINT('Ctrl Pts',(262.431338513388,14.2895498423006,1.1132844020198));
#6150=CARTESIAN_POINT('Ctrl Pts',(262.436480566713,14.2869689191278,1.14233288583658));
#6151=CARTESIAN_POINT('Ctrl Pts',(262.438992779634,14.2844372331483,1.1713856773496));
#6152=CARTESIAN_POINT('Ctrl Pts',(262.438992779634,14.2818955199978,1.20043759159882));
#6153=CARTESIAN_POINT('',(263.438992779634,15.2780902180896,1.28759333434648));
#6154=CARTESIAN_POINT('',(263.438992779634,15.2780902180896,1.28759333434648));
#6155=CARTESIAN_POINT('',(263.438992779634,15.2857153575412,1.20043759159882));
#6156=CARTESIAN_POINT('Ctrl Pts',(263.438992779634,15.2780902180896,1.28759333434648));
#6157=CARTESIAN_POINT('Ctrl Pts',(263.438992779634,15.2806319312401,1.25854142009726));
#6158=CARTESIAN_POINT('Ctrl Pts',(263.438992779634,15.2831736443906,1.22948950584804));
#6159=CARTESIAN_POINT('Ctrl Pts',(263.438992779634,15.2857153575412,1.20043759159882));
#6160=CARTESIAN_POINT('',(262.431338513388,14.2895498423006,1.11328440201981));
#6161=CARTESIAN_POINT('Origin',(184.738992779634,12.5263102975745,27.0037251286858));
#6162=CARTESIAN_POINT('',(184.238992779634,13.6604272156864,19.7775660600557));
#6163=CARTESIAN_POINT('',(184.238992779634,13.0244076466204,27.0473030000597));
#6164=CARTESIAN_POINT('',(185.238992779634,12.6642325175947,19.6904103173081));
#6165=CARTESIAN_POINT('Origin',(185.738992779634,13.1623298666405,19.7339881886819));
#6166=CARTESIAN_POINT('',(185.738992779634,13.5296936015649,21.2718581071934));
#6167=CARTESIAN_POINT('',(185.738992779634,12.6206546462209,20.1885076663539));
#6168=CARTESIAN_POINT('Origin',(185.738992779634,13.6604272156864,19.7775660600557));
#6169=CARTESIAN_POINT('Origin',(228.212740186044,13.0751741238929,20.7301828867736));
#6170=CARTESIAN_POINT('',(261.938992779634,13.5296936015649,21.2718581071933));
#6171=CARTESIAN_POINT('',(228.212740186044,13.5296936015649,21.2718581071934));
#6172=CARTESIAN_POINT('',(261.938992779634,12.6206546462208,20.188507666354));
#6173=CARTESIAN_POINT('',(228.212740186044,12.6206546462209,20.1885076663539));
#6174=CARTESIAN_POINT('Origin',(261.938992779634,13.1623298666405,19.7339881886819));
#6175=CARTESIAN_POINT('',(263.438992779634,13.6604272156864,19.7775660600557));
#6176=CARTESIAN_POINT('',(262.438992779634,12.6642325175947,19.6904103173081));
#6177=CARTESIAN_POINT('Origin',(261.938992779634,13.6604272156864,19.7775660600557));
#6178=CARTESIAN_POINT('Origin',(262.938992779634,12.5355106989965,26.8985640592266));
#6179=CARTESIAN_POINT('',(263.438992779634,13.0336080480423,26.9421419306004));
#6180=CARTESIAN_POINT('Ctrl Pts',(185.738992779634,14.3294596893041,0.70043759159882));
#6181=CARTESIAN_POINT('Ctrl Pts',(185.615569676377,14.3294596893041,0.70043759159882));
#6182=CARTESIAN_POINT('Ctrl Pts',(185.39682516115,14.320666845992,0.780585374042379));
#6183=CARTESIAN_POINT('Ctrl Pts',(185.266204175888,14.2993660473937,1.00280227772058));
#6184=CARTESIAN_POINT('Ctrl Pts',(185.246647045879,14.2895498423006,1.11328440201981));
#6185=CARTESIAN_POINT('Ctrl Pts',(185.738992779634,14.6918449368867,0.368372692234905));
#6186=CARTESIAN_POINT('Ctrl Pts',(185.506730096385,14.6918449368867,0.368372692234905));
#6187=CARTESIAN_POINT('Ctrl Pts',(185.101675534918,14.6749520628312,0.547889208563617));
#6188=CARTESIAN_POINT('Ctrl Pts',(184.923800377136,14.6379156457985,0.957049166760459));
#6189=CARTESIAN_POINT('Ctrl Pts',(184.910762290464,14.6216050140475,1.14233546521281));
#6190=CARTESIAN_POINT('Ctrl Pts',(185.738992779634,15.0542301844692,0.036307792870989));
#6191=CARTESIAN_POINT('Ctrl Pts',(185.397890516393,15.0542301844692,0.036307792870989));
#6192=CARTESIAN_POINT('Ctrl Pts',(184.806525908686,15.0292372796704,0.315193043084854));
#6193=CARTESIAN_POINT('Ctrl Pts',(184.581396578385,14.9764652442033,0.911296055800336));
#6194=CARTESIAN_POINT('Ctrl Pts',(184.574877535049,14.9536601857943,1.17138652840582));
#6195=CARTESIAN_POINT('Ctrl Pts',(185.738992779634,15.4166154320518,-0.295757106492927));
#6196=CARTESIAN_POINT('Ctrl Pts',(185.2890509364,15.4166154320518,-0.295757106492927));
#6197=CARTESIAN_POINT('Ctrl Pts',(184.511376282454,15.3835224965096,0.082496877606092));
#6198=CARTESIAN_POINT('Ctrl Pts',(184.238992779634,15.3150148426081,0.865542944840213));
#6199=CARTESIAN_POINT('Ctrl Pts',(184.238992779634,15.2857153575412,1.20043759159882));
#6200=CARTESIAN_POINT('',(185.738992779634,15.4166154320518,-0.295757106492926));
#6201=CARTESIAN_POINT('',(185.738992779634,15.4166154320518,-0.295757106492926));
#6202=CARTESIAN_POINT('Ctrl Pts',(185.738992779634,15.4166154320518,-0.295757106492927));
#6203=CARTESIAN_POINT('Ctrl Pts',(185.2890509364,15.4166154320518,-0.295757106492927));
#6204=CARTESIAN_POINT('Ctrl Pts',(184.511376282454,15.3835224965096,0.082496877606092));
#6205=CARTESIAN_POINT('Ctrl Pts',(184.238992779634,15.3150148426081,0.865542944840213));
#6206=CARTESIAN_POINT('Ctrl Pts',(184.238992779634,15.2857153575412,1.20043759159882));
#6207=CARTESIAN_POINT('Ctrl Pts',(262.431338513388,14.2895498423006,1.11328440201981));
#6208=CARTESIAN_POINT('Ctrl Pts',(262.41178138338,14.2993660473937,1.00280227772058));
#6209=CARTESIAN_POINT('Ctrl Pts',(262.281164698918,14.3206653596513,0.780602347925117));
#6210=CARTESIAN_POINT('Ctrl Pts',(262.06241588289,14.3294596893041,0.700437591598821));
#6211=CARTESIAN_POINT('Ctrl Pts',(261.938992779634,14.3294596893041,0.700437591598821));
#6212=CARTESIAN_POINT('Ctrl Pts',(262.767223268803,14.6216050140475,1.14233546521282));
#6213=CARTESIAN_POINT('Ctrl Pts',(262.754185182131,14.6379156457985,0.957049166760457));
#6214=CARTESIAN_POINT('Ctrl Pts',(262.57629544792,14.674949844813,0.547914550581526));
#6215=CARTESIAN_POINT('Ctrl Pts',(262.171255462882,14.6918449368867,0.368372692234905));
#6216=CARTESIAN_POINT('Ctrl Pts',(261.938992779634,14.6918449368867,0.368372692234905));
#6217=CARTESIAN_POINT('Ctrl Pts',(263.103108024218,14.9536601857943,1.17138652840582));
#6218=CARTESIAN_POINT('Ctrl Pts',(263.096588980882,14.9764652442033,0.91129605580033));
#6219=CARTESIAN_POINT('Ctrl Pts',(262.871426196922,15.0292343299747,0.315226753237934));
#6220=CARTESIAN_POINT('Ctrl Pts',(262.280095042874,15.0542301844692,0.0363077928709892));
#6221=CARTESIAN_POINT('Ctrl Pts',(261.938992779634,15.0542301844692,0.0363077928709893));
#6222=CARTESIAN_POINT('Ctrl Pts',(263.438992779634,15.2857153575412,1.20043759159882));
#6223=CARTESIAN_POINT('Ctrl Pts',(263.438992779634,15.3150148426081,0.865542944840204));
#6224=CARTESIAN_POINT('Ctrl Pts',(263.166556945923,15.3835188151364,0.0825389558943434));
#6225=CARTESIAN_POINT('Ctrl Pts',(262.388934622867,15.4166154320518,-0.295757106492927));
#6226=CARTESIAN_POINT('Ctrl Pts',(261.938992779634,15.4166154320518,-0.295757106492927));
#6227=CARTESIAN_POINT('',(261.938992779634,15.4166154320518,-0.295757106492925));
#6228=CARTESIAN_POINT('',(261.938992779634,14.3294596893041,0.700437591598821));
#6229=CARTESIAN_POINT('Ctrl Pts',(263.438992779634,15.2857153575412,1.20043759159882));
#6230=CARTESIAN_POINT('Ctrl Pts',(263.438992779634,15.3150148426081,0.865542944840204));
#6231=CARTESIAN_POINT('Ctrl Pts',(263.166556945923,15.3835188151364,0.0825389558943434));
#6232=CARTESIAN_POINT('Ctrl Pts',(262.388934622867,15.4166154320518,-0.295757106492927));
#6233=CARTESIAN_POINT('Ctrl Pts',(261.938992779634,15.4166154320518,-0.295757106492927));
#6234=CARTESIAN_POINT('Origin',(228.212740186044,14.873037560678,0.202340242552948));
#6235=CARTESIAN_POINT('',(228.212740186044,15.4166154320518,-0.295757106492925));
#6236=CARTESIAN_POINT('Origin',(305.399992779634,4.94013326331633,119.450982031095));
#6237=CARTESIAN_POINT('',(305.399992779634,12.6642325175947,19.6904103173081));
#6238=CARTESIAN_POINT('',(305.399992779634,6.84275013695673,86.2302584076009));
#6239=CARTESIAN_POINT('',(305.399992779634,11.1699404704565,19.5596767031865));
#6240=CARTESIAN_POINT('',(305.399992779634,12.8199100954452,0.700437591598821));
#6241=CARTESIAN_POINT('',(305.399992779634,13.6604272156864,19.7775660600557));
#6242=CARTESIAN_POINT('Origin',(304.899992779634,13.6604272156864,19.7775660600557));
#6243=CARTESIAN_POINT('',(304.899992779634,12.6206546462208,20.1885076663539));
#6244=CARTESIAN_POINT('Origin',(304.899992779634,12.6642325175947,19.6904103173081));
#6245=CARTESIAN_POINT('',(304.899992779634,11.1263625990827,20.0577740522324));
#6246=CARTESIAN_POINT('Origin',(304.899992779634,11.1699404704559,19.5596767031865));
#6247=CARTESIAN_POINT('',(304.899992779634,13.6168493443126,20.2756634091016));
#6248=CARTESIAN_POINT('Origin',(266.701992779634,12.4584306915527,19.6724049905965));
#6249=CARTESIAN_POINT('',(266.701992779634,12.6206546462209,20.1885076663539));
#6250=CARTESIAN_POINT('',(266.201992779634,12.6642325175947,19.6904103173081));
#6251=CARTESIAN_POINT('Origin',(266.701992779634,12.6642325175947,19.6904103173081));
#6252=CARTESIAN_POINT('',(266.701992779634,12.4148528201789,20.1705023396423));
#6253=CARTESIAN_POINT('',(266.201992779634,12.4584306915527,19.6724049905965));
#6254=CARTESIAN_POINT('Origin',(266.201992779634,12.9070658381929,0.700437591598821));
#6255=CARTESIAN_POINT('',(266.201992779634,12.0282129485287,26.960147257312));
#6256=CARTESIAN_POINT('Ctrl Pts',(265.201992779634,15.2780902180896,1.28759333434648));
#6257=CARTESIAN_POINT('Ctrl Pts',(265.201992779634,15.2806319312401,1.25854142009726));
#6258=CARTESIAN_POINT('Ctrl Pts',(265.201992779634,15.2831736443906,1.22948950584804));
#6259=CARTESIAN_POINT('Ctrl Pts',(265.201992779634,15.2857153575412,1.20043759159882));
#6260=CARTESIAN_POINT('Ctrl Pts',(265.535326112967,14.9460253187256,1.25854142009726));
#6261=CARTESIAN_POINT('Ctrl Pts',(265.535326112967,14.9485670318762,1.22948950584804));
#6262=CARTESIAN_POINT('Ctrl Pts',(265.536163517274,14.9511054026363,1.20043729917755));
#6263=CARTESIAN_POINT('Ctrl Pts',(265.537877535049,14.9536601857943,1.17138652840581));
#6264=CARTESIAN_POINT('Ctrl Pts',(265.8686594463,14.6139604193617,1.22948950584804));
#6265=CARTESIAN_POINT('Ctrl Pts',(265.8686594463,14.6165021325123,1.20043759159882));
#6266=CARTESIAN_POINT('Ctrl Pts',(265.870334254914,14.6190371608821,1.17138509250706));
#6267=CARTESIAN_POINT('Ctrl Pts',(265.873762290464,14.6216050140475,1.14233546521281));
#6268=CARTESIAN_POINT('Ctrl Pts',(266.201992779634,14.2818955199978,1.20043759159882));
#6269=CARTESIAN_POINT('Ctrl Pts',(266.201992779634,14.2844372331483,1.1713856773496));
#6270=CARTESIAN_POINT('Ctrl Pts',(266.204504992555,14.2869689191278,1.14233288583658));
#6271=CARTESIAN_POINT('Ctrl Pts',(266.209647045879,14.2895498423006,1.1132844020198));
#6272=CARTESIAN_POINT('',(265.201992779634,15.2857153575412,1.20043759159882));
#6273=CARTESIAN_POINT('',(265.201992779634,15.2857153575412,1.20043759159882));
#6274=CARTESIAN_POINT('',(265.201992779634,15.2780902180896,1.28759333434648));
#6275=CARTESIAN_POINT('Ctrl Pts',(265.201992779634,15.2857153575412,1.20043759159882));
#6276=CARTESIAN_POINT('Ctrl Pts',(265.201992779634,15.2831736443906,1.22948950584804));
#6277=CARTESIAN_POINT('Ctrl Pts',(265.201992779634,15.2806319312401,1.25854142009726));
#6278=CARTESIAN_POINT('Ctrl Pts',(265.201992779634,15.2780902180896,1.28759333434648));
#6279=CARTESIAN_POINT('',(266.201992779634,14.2818955199978,1.20043759159882));
#6280=CARTESIAN_POINT('Ctrl Pts',(306.399992779634,15.2857153575412,1.20043759159882));
#6281=CARTESIAN_POINT('Ctrl Pts',(306.399992779634,15.2831736443906,1.22948950584804));
#6282=CARTESIAN_POINT('Ctrl Pts',(306.399992779634,15.2806319312401,1.25854142009726));
#6283=CARTESIAN_POINT('Ctrl Pts',(306.399992779634,15.2780902180896,1.28759333434648));
#6284=CARTESIAN_POINT('Ctrl Pts',(306.064108024218,14.9536601857943,1.17138652840581));
#6285=CARTESIAN_POINT('Ctrl Pts',(306.065822041993,14.9511054026364,1.20043729917755));
#6286=CARTESIAN_POINT('Ctrl Pts',(306.0666594463,14.9485670318762,1.22948950584804));
#6287=CARTESIAN_POINT('Ctrl Pts',(306.0666594463,14.9460253187257,1.25854142009726));
#6288=CARTESIAN_POINT('Ctrl Pts',(305.728223268803,14.6216050140475,1.14233546521281));
#6289=CARTESIAN_POINT('Ctrl Pts',(305.731651304353,14.6190371608821,1.17138509250707));
#6290=CARTESIAN_POINT('Ctrl Pts',(305.733326112967,14.6165021325123,1.20043759159882));
#6291=CARTESIAN_POINT('Ctrl Pts',(305.733326112967,14.6139604193617,1.22948950584804));
#6292=CARTESIAN_POINT('Ctrl Pts',(305.392338513388,14.2895498423007,1.11328440201981));
#6293=CARTESIAN_POINT('Ctrl Pts',(305.397480566712,14.2869689191278,1.14233288583658));
#6294=CARTESIAN_POINT('Ctrl Pts',(305.399992779634,14.2844372331484,1.1713856773496));
#6295=CARTESIAN_POINT('Ctrl Pts',(305.399992779634,14.2818955199978,1.20043759159882));
#6296=CARTESIAN_POINT('',(306.399992779634,15.2780902180896,1.28759333434646));
#6297=CARTESIAN_POINT('',(306.399992779634,15.2780902180896,1.28759333434646));
#6298=CARTESIAN_POINT('',(306.399992779634,15.2857153575412,1.20043759159882));
#6299=CARTESIAN_POINT('Ctrl Pts',(306.399992779634,15.2780902180896,1.28759333434648));
#6300=CARTESIAN_POINT('Ctrl Pts',(306.399992779634,15.2806319312401,1.25854142009726));
#6301=CARTESIAN_POINT('Ctrl Pts',(306.399992779634,15.2831736443906,1.22948950584804));
#6302=CARTESIAN_POINT('Ctrl Pts',(306.399992779634,15.2857153575412,1.20043759159882));
#6303=CARTESIAN_POINT('',(305.392338513388,14.2895498423006,1.11328440201981));
#6304=CARTESIAN_POINT('Origin',(265.701992779634,12.5263102975745,27.0037251286858));
#6305=CARTESIAN_POINT('',(265.201992779634,13.6604272156864,19.7775660600557));
#6306=CARTESIAN_POINT('',(265.201992779634,13.0244076466204,27.0473030000597));
#6307=CARTESIAN_POINT('',(266.201992779634,12.6642325175947,19.6904103173081));
#6308=CARTESIAN_POINT('Origin',(266.701992779634,13.1623298666405,19.7339881886819));
#6309=CARTESIAN_POINT('',(266.701992779634,13.5296936015649,21.2718581071934));
#6310=CARTESIAN_POINT('',(266.701992779634,12.6206546462209,20.1885076663539));
#6311=CARTESIAN_POINT('Origin',(266.701992779634,13.6604272156864,19.7775660600557));
#6312=CARTESIAN_POINT('Origin',(228.212740186044,13.0751741238929,20.7301828867736));
#6313=CARTESIAN_POINT('',(304.899992779634,13.5296936015649,21.2718581071933));
#6314=CARTESIAN_POINT('',(228.212740186044,13.5296936015649,21.2718581071934));
#6315=CARTESIAN_POINT('',(304.899992779634,12.6206546462208,20.1885076663539));
#6316=CARTESIAN_POINT('',(228.212740186044,12.6206546462209,20.1885076663539));
#6317=CARTESIAN_POINT('Origin',(304.899992779634,13.1623298666405,19.7339881886819));
#6318=CARTESIAN_POINT('',(306.399992779634,13.6604272156864,19.7775660600557));
#6319=CARTESIAN_POINT('',(305.399992779634,12.6642325175947,19.6904103173081));
#6320=CARTESIAN_POINT('Origin',(304.899992779634,13.6604272156864,19.7775660600557));
#6321=CARTESIAN_POINT('Origin',(305.899992779634,7.34084748600258,86.2738362789747));
#6322=CARTESIAN_POINT('',(306.399992779634,7.83894483504844,86.3174141503485));
#6323=CARTESIAN_POINT('Ctrl Pts',(266.701992779634,14.3294596893041,0.700437591598821));
#6324=CARTESIAN_POINT('Ctrl Pts',(266.609425452192,14.3294596893041,0.700437591598821));
#6325=CARTESIAN_POINT('Ctrl Pts',(266.392817670757,14.3230855915852,0.758684868021446));
#6326=CARTESIAN_POINT('Ctrl Pts',(266.235723219224,14.302638115758,0.965974902954173));
#6327=CARTESIAN_POINT('Ctrl Pts',(266.209647045879,14.2895498423006,1.11328440201981));
#6328=CARTESIAN_POINT('Ctrl Pts',(266.701992779634,14.6918449368867,0.368372692234905));
#6329=CARTESIAN_POINT('Ctrl Pts',(266.527795767197,14.6918449368867,0.368372692234905));
#6330=CARTESIAN_POINT('Ctrl Pts',(266.120727821496,14.6795531086162,0.499129603005137));
#6331=CARTESIAN_POINT('Ctrl Pts',(265.891146406027,14.6433525230488,0.895287067276337));
#6332=CARTESIAN_POINT('Ctrl Pts',(265.873762290464,14.6216050140475,1.14233546521281));
#6333=CARTESIAN_POINT('Ctrl Pts',(266.701992779634,15.0542301844692,0.0363077928709893));
#6334=CARTESIAN_POINT('Ctrl Pts',(266.446166082203,15.0542301844692,0.0363077928709893));
#6335=CARTESIAN_POINT('Ctrl Pts',(265.848637972234,15.0360206256471,0.239574337988828));
#6336=CARTESIAN_POINT('Ctrl Pts',(265.54656959283,14.9840669303396,0.824599231598502));
#6337=CARTESIAN_POINT('Ctrl Pts',(265.537877535049,14.9536601857943,1.17138652840582));
#6338=CARTESIAN_POINT('Ctrl Pts',(266.701992779634,15.4166154320518,-0.295757106492927));
#6339=CARTESIAN_POINT('Ctrl Pts',(266.364536397209,15.4166154320518,-0.295757106492927));
#6340=CARTESIAN_POINT('Ctrl Pts',(265.576548122972,15.3924881426781,-0.0199809270274805));
#6341=CARTESIAN_POINT('Ctrl Pts',(265.201992779634,15.3247813376304,0.753911395920666));
#6342=CARTESIAN_POINT('Ctrl Pts',(265.201992779634,15.2857153575412,1.20043759159882));
#6343=CARTESIAN_POINT('',(266.701992779634,15.4166154320518,-0.295757106492926));
#6344=CARTESIAN_POINT('',(266.701992779634,15.4166154320518,-0.295757106492926));
#6345=CARTESIAN_POINT('Ctrl Pts',(266.701992779634,15.4166154320518,-0.295757106492927));
#6346=CARTESIAN_POINT('Ctrl Pts',(266.364536397209,15.4166154320518,-0.295757106492927));
#6347=CARTESIAN_POINT('Ctrl Pts',(265.576548122972,15.3924881426781,-0.0199809270274805));
#6348=CARTESIAN_POINT('Ctrl Pts',(265.201992779634,15.3247813376304,0.753911395920666));
#6349=CARTESIAN_POINT('Ctrl Pts',(265.201992779634,15.2857153575412,1.20043759159882));
#6350=CARTESIAN_POINT('Ctrl Pts',(305.392338513388,14.2895498423006,1.11328440201981));
#6351=CARTESIAN_POINT('Ctrl Pts',(305.37278138338,14.2993660473937,1.00280227772058));
#6352=CARTESIAN_POINT('Ctrl Pts',(305.242166237084,14.3206648280668,0.780608418574299));
#6353=CARTESIAN_POINT('Ctrl Pts',(305.02341588289,14.3294596893041,0.700437591598824));
#6354=CARTESIAN_POINT('Ctrl Pts',(304.899992779634,14.3294596893041,0.700437591598824));
#6355=CARTESIAN_POINT('Ctrl Pts',(305.728223268803,14.6216050140475,1.14233546521281));
#6356=CARTESIAN_POINT('Ctrl Pts',(305.715185182131,14.6379156457985,0.957049166760457));
#6357=CARTESIAN_POINT('Ctrl Pts',(305.537290234711,14.6749490515466,0.547923614064686));
#6358=CARTESIAN_POINT('Ctrl Pts',(305.132255462882,14.6918449368867,0.36837269223491));
#6359=CARTESIAN_POINT('Ctrl Pts',(304.899992779634,14.6918449368867,0.36837269223491));
#6360=CARTESIAN_POINT('Ctrl Pts',(306.064108024218,14.9536601857943,1.17138652840581));
#6361=CARTESIAN_POINT('Ctrl Pts',(306.057588980882,14.9764652442033,0.911296055800331));
#6362=CARTESIAN_POINT('Ctrl Pts',(305.832414232338,15.0292332750264,0.315238809555073));
#6363=CARTESIAN_POINT('Ctrl Pts',(305.241095042874,15.0542301844692,0.0363077928709962));
#6364=CARTESIAN_POINT('Ctrl Pts',(304.899992779634,15.0542301844692,0.0363077928709963));
#6365=CARTESIAN_POINT('Ctrl Pts',(306.399992779634,15.2857153575412,1.20043759159882));
#6366=CARTESIAN_POINT('Ctrl Pts',(306.399992779634,15.3150148426081,0.865542944840206));
#6367=CARTESIAN_POINT('Ctrl Pts',(306.127538229966,15.3835174985063,0.0825540050454606));
#6368=CARTESIAN_POINT('Ctrl Pts',(305.349934622867,15.4166154320518,-0.295757106492918));
#6369=CARTESIAN_POINT('Ctrl Pts',(304.899992779634,15.4166154320518,-0.295757106492918));
#6370=CARTESIAN_POINT('',(304.899992779634,15.4166154320518,-0.295757106492925));
#6371=CARTESIAN_POINT('',(304.899992779634,14.3294596893042,0.700437591598821));
#6372=CARTESIAN_POINT('Ctrl Pts',(306.399992779634,15.2857153575412,1.20043759159882));
#6373=CARTESIAN_POINT('Ctrl Pts',(306.399992779634,15.3150148426081,0.865542944840206));
#6374=CARTESIAN_POINT('Ctrl Pts',(306.127538229966,15.3835174985063,0.0825540050454606));
#6375=CARTESIAN_POINT('Ctrl Pts',(305.349934622867,15.4166154320518,-0.295757106492918));
#6376=CARTESIAN_POINT('Ctrl Pts',(304.899992779634,15.4166154320518,-0.295757106492918));
#6377=CARTESIAN_POINT('Origin',(228.212740186044,14.873037560678,0.202340242552947));
#6378=CARTESIAN_POINT('',(228.212740186044,15.4166154320518,-0.295757106492926));
#6379=CARTESIAN_POINT('Origin',(151.025487592455,10.7377564067806,53.183846269602));
#6380=CARTESIAN_POINT('',(152.399994589185,16.2018494187264,-9.27102264408928));
#6381=CARTESIAN_POINT('',(230.562739198071,16.2018494187264,-9.27102264408928));
#6382=CARTESIAN_POINT('',(152.399994589185,10.4007216324211,57.0361713683797));
#6383=CARTESIAN_POINT('',(152.399994589185,13.3760380271008,23.0281493599291));
#6384=CARTESIAN_POINT('',(152.399994589185,10.4007216324211,57.0361713683797));
#6385=CARTESIAN_POINT('',(304.899992779634,13.3760380271008,23.0281493599291));
#6386=CARTESIAN_POINT('',(228.212740186044,13.3760380271008,23.0281493599291));
#6387=CARTESIAN_POINT('',(306.399992779634,13.2453044129793,24.5224414070667));
#6388=CARTESIAN_POINT('Origin',(304.899992779634,13.2453044129793,24.5224414070667));
#6389=CARTESIAN_POINT('',(306.399992779634,4.98387759507929,118.950982031095));
#6390=CARTESIAN_POINT('',(306.399992779634,7.83894483504844,86.3174141503486));
#6391=CARTESIAN_POINT('',(306.377817626279,4.96145260771615,119.207300809545));
#6392=CARTESIAN_POINT('Ctrl Pts',(306.377817626279,4.96145260771615,119.207300809545));
#6393=CARTESIAN_POINT('Ctrl Pts',(306.392565990326,4.96885433701437,119.122698656535));
#6394=CARTESIAN_POINT('Ctrl Pts',(306.399992779634,4.97636591879935,119.036840883856));
#6395=CARTESIAN_POINT('Ctrl Pts',(306.399992779634,4.98387759507929,118.950982031095));
#6396=CARTESIAN_POINT('',(304.899992779634,4.85297752056866,120.447176729187));
#6397=CARTESIAN_POINT('Ctrl Pts',(304.899992779634,4.85297752056866,120.447176729187));
#6398=CARTESIAN_POINT('Ctrl Pts',(305.20037103954,4.85297752056866,120.447176729187));
#6399=CARTESIAN_POINT('Ctrl Pts',(305.901706839179,4.87192302133596,120.230628664515));
#6400=CARTESIAN_POINT('Ctrl Pts',(306.309543435662,4.92718798858415,119.598947198357));
#6401=CARTESIAN_POINT('Ctrl Pts',(306.377817626279,4.96145260771615,119.207300809545));
#6402=CARTESIAN_POINT('',(75.2127401860443,4.85297752056866,120.447176729187));
#6403=CARTESIAN_POINT('Ctrl Pts',(305.399992779634,3.98008629423701,118.95098198271));
#6404=CARTESIAN_POINT('Ctrl Pts',(305.399992779634,3.9826403205168,118.921349072349));
#6405=CARTESIAN_POINT('Ctrl Pts',(305.399992779634,3.98516626043956,118.892591575718));
#6406=CARTESIAN_POINT('Ctrl Pts',(305.399992779634,3.98768289698754,118.863826288347));
#6407=CARTESIAN_POINT('Ctrl Pts',(305.725934395182,4.30720839873006,119.036421591655));
#6408=CARTESIAN_POINT('Ctrl Pts',(305.730850516531,4.31137832601599,118.988465600411));
#6409=CARTESIAN_POINT('Ctrl Pts',(305.733326112967,4.31556614655949,118.940674678431));
#6410=CARTESIAN_POINT('Ctrl Pts',(305.733326112967,4.31974779635146,118.892878202597));
#6411=CARTESIAN_POINT('Ctrl Pts',(306.05187601073,4.63433050322311,119.1218612006));
#6412=CARTESIAN_POINT('Ctrl Pts',(306.061708253428,4.64011633151518,119.055582128473));
#6413=CARTESIAN_POINT('Ctrl Pts',(306.0666594463,4.64596603267942,118.988757781143));
#6414=CARTESIAN_POINT('Ctrl Pts',(306.0666594463,4.65181269571537,118.921930116846));
#6415=CARTESIAN_POINT('Ctrl Pts',(306.377817626279,4.96145260771615,119.207300809545));
#6416=CARTESIAN_POINT('Ctrl Pts',(306.392565990326,4.96885433701437,119.122698656535));
#6417=CARTESIAN_POINT('Ctrl Pts',(306.399992779634,4.97636591879935,119.036840883856));
#6418=CARTESIAN_POINT('Ctrl Pts',(306.399992779634,4.98387759507929,118.950982031095));
#6419=CARTESIAN_POINT('',(305.399992779634,3.98768289698756,118.863826288347));
#6420=CARTESIAN_POINT('',(306.377817626279,4.96145260771615,119.207300809545));
#6421=CARTESIAN_POINT('Ctrl Pts',(304.899992779634,3.94013326331632,119.450982031095));
#6422=CARTESIAN_POINT('Ctrl Pts',(305.017339830164,3.94013326331632,119.450982031095));
#6423=CARTESIAN_POINT('Ctrl Pts',(305.290467240371,3.94765723732842,119.34774774132));
#6424=CARTESIAN_POINT('Ctrl Pts',(305.399992793007,3.96826301148901,119.088160790734));
#6425=CARTESIAN_POINT('Ctrl Pts',(305.399992779634,3.98008629426799,118.95098198235));
#6426=CARTESIAN_POINT('Ctrl Pts',(304.899992779634,4.24441468240044,119.783046930459));
#6427=CARTESIAN_POINT('Ctrl Pts',(305.078350233289,4.24441468240044,119.783046930459));
#6428=CARTESIAN_POINT('Ctrl Pts',(305.494213773423,4.25574583200076,119.642041382349));
#6429=CARTESIAN_POINT('Ctrl Pts',(305.703176340695,4.28790467053911,119.258422926398));
#6430=CARTESIAN_POINT('Ctrl Pts',(305.725934395242,4.30720839878064,119.036421591073));
#6431=CARTESIAN_POINT('Ctrl Pts',(304.899992779634,4.54869610148455,120.115111829823));
#6432=CARTESIAN_POINT('Ctrl Pts',(305.139360636414,4.54869610148455,120.115111829823));
#6433=CARTESIAN_POINT('Ctrl Pts',(305.697960306476,4.56383442667309,119.936335023378));
#6434=CARTESIAN_POINT('Ctrl Pts',(306.006359888382,4.60754632958922,119.428685062063));
#6435=CARTESIAN_POINT('Ctrl Pts',(306.05187601085,4.63433050329329,119.121861199796));
#6436=CARTESIAN_POINT('Ctrl Pts',(304.899992779634,4.85297752056866,120.447176729187));
#6437=CARTESIAN_POINT('Ctrl Pts',(305.20037103954,4.85297752056866,120.447176729187));
#6438=CARTESIAN_POINT('Ctrl Pts',(305.901706839529,4.87192302134542,120.230628664407));
#6439=CARTESIAN_POINT('Ctrl Pts',(306.309543436069,4.92718798863932,119.598947197727));
#6440=CARTESIAN_POINT('Ctrl Pts',(306.377817626458,4.96145260780594,119.207300808518));
#6441=CARTESIAN_POINT('',(304.899992779634,4.85297752056866,120.447176729187));
#6442=CARTESIAN_POINT('Origin',(304.899992779634,12.7472070639334,24.4788635356929));
#6443=CARTESIAN_POINT('',(304.899992779634,12.2926875862614,23.9371883152732));
#6444=CARTESIAN_POINT('',(306.399992779634,13.2453044129793,24.5224414070667));
#6445=CARTESIAN_POINT('Origin',(228.212740186044,12.8343628066811,23.4826688376011));
#6446=CARTESIAN_POINT('',(152.399994589185,12.2926875862614,23.9371883152732));
#6447=CARTESIAN_POINT('',(152.399994589185,-0.40586340283991,34.5925377667142));
#6448=CARTESIAN_POINT('',(228.212740186044,12.2926875862614,23.9371883152732));
#6449=CARTESIAN_POINT('Origin',(305.899992779634,7.34084748600258,86.2738362789747));
#6450=CARTESIAN_POINT('Origin',(305.399992779634,13.6168493443126,20.2756634091016));
#6451=CARTESIAN_POINT('',(152.399994589185,11.1263625990827,20.0577740522324));
#6452=CARTESIAN_POINT('',(152.399994589185,7.69883041024701,19.7579038418391));
#6453=CARTESIAN_POINT('',(305.399992779634,11.1263625990827,20.0577740522324));
#6454=CARTESIAN_POINT('Origin',(152.399628674419,7.64469458429564,59.8534215620912));
#6455=CARTESIAN_POINT('',(305.399992779634,2.43058366945741,119.450982031095));
#6456=CARTESIAN_POINT('',(152.399994589185,10.7983955391232,23.8064547011517));
#6457=CARTESIAN_POINT('',(305.399992779634,10.7983955391232,23.8064547011517));
#6458=CARTESIAN_POINT('',(152.399994589185,7.60894734856341,60.2620143361896));
#6459=CARTESIAN_POINT('',(152.399994589185,7.60894734856341,60.2620143361896));
#6460=CARTESIAN_POINT('Origin',(305.399992779634,10.7983955391232,23.8064547011517));
#6461=CARTESIAN_POINT('',(152.399994589185,6.1256199776726,23.3976398123237));
#6462=CARTESIAN_POINT('Origin',(230.562739198071,15.7454272901002,-9.76911999313515));
#6463=CARTESIAN_POINT('',(152.399994589185,15.2890051614741,-10.267217342181));
#6464=CARTESIAN_POINT('',(152.399994589185,29.0869675163071,4.79061627308208));
#6465=CARTESIAN_POINT('',(230.562739198071,15.2890051614741,-10.267217342181));
#6466=CARTESIAN_POINT('Origin',(310.099990803687,-21.8325235913592,-10.267217342181));
#6467=CARTESIAN_POINT('',(152.399994589185,-11.8024373007144,-10.267217342181));
#6468=CARTESIAN_POINT('Origin',(75.2127401860443,4.3965553919425,119.949079380141));
#6469=CARTESIAN_POINT('',(75.2127401860443,3.94013326331633,119.450982031095));
#6470=CARTESIAN_POINT('Origin',(-0.600007220366408,4.94013326331633,119.450982031095));
#6471=CARTESIAN_POINT('Origin',(152.399994589185,-1.7723510100695,59.8529773326323));
#6472=CARTESIAN_POINT('Origin',(152.399994589185,-1.7723510100695,59.8529773326323));
#6473=CARTESIAN_POINT('Origin',(141.499983431111,-1.58252359135721,-8.4672173421811));
#6474=CARTESIAN_POINT('',(140.499983431111,-1.58252359135721,-10.267217342181));
#6475=CARTESIAN_POINT('',(141.499983431111,-0.582523591357216,-10.267217342181));
#6476=CARTESIAN_POINT('Origin',(141.499983431111,-1.58252359135721,-10.267217342181));
#6477=CARTESIAN_POINT('',(141.499983431111,-0.582523591357216,-7.76721734218102));
#6478=CARTESIAN_POINT('',(141.499983431111,-0.582523591357215,-8.4672173421811));
#6479=CARTESIAN_POINT('',(140.499983431111,-1.58252359135721,-7.76721734218102));
#6480=CARTESIAN_POINT('Origin',(141.499983431111,-1.58252359135721,-7.76721734218101));
#6481=CARTESIAN_POINT('',(140.499983431111,-1.58252359135721,-8.4672173421811));
#6482=CARTESIAN_POINT('Origin',(141.499983431111,-0.582523591357215,-8.4672173421811));
#6483=CARTESIAN_POINT('',(152.399994589185,-0.582523591357215,-10.267217342181));
#6484=CARTESIAN_POINT('',(225.799987117399,-0.582523591357216,-10.267217342181));
#6485=CARTESIAN_POINT('',(152.399994589185,-0.582523591357215,-7.76721734218102));
#6486=CARTESIAN_POINT('',(152.399994589185,-0.582523591357215,25.6928799952256));
#6487=CARTESIAN_POINT('',(68.0999871117147,-0.582523591357216,-7.76721734218101));
#6488=CARTESIAN_POINT('Origin',(152.399994589185,-1.7723510100695,59.8529773326323));
#6489=CARTESIAN_POINT('',(152.399994589185,15.2890051614741,-10.267217342181));
#6490=CARTESIAN_POINT('',(152.399994589185,-11.8024373007144,-10.267217342181));
#6491=CARTESIAN_POINT('',(152.399994589185,16.2018494187264,-9.27102264408928));
#6492=CARTESIAN_POINT('',(152.399994589185,29.0869675163071,4.79061627308208));
#6493=CARTESIAN_POINT('',(152.399994589185,15.4166154320518,-0.295757106492925));
#6494=CARTESIAN_POINT('',(152.399994589185,10.4007216324211,57.0361713683797));
#6495=CARTESIAN_POINT('',(152.399994589185,14.3294596893041,0.70043759159882));
#6496=CARTESIAN_POINT('',(152.399994589185,-4.50690698479356,17.9607875802976));
#6497=CARTESIAN_POINT('',(152.399994589185,12.8199100954452,0.70043759159882));
#6498=CARTESIAN_POINT('',(152.399994589185,6.77855433961733,0.700437591598821));
#6499=CARTESIAN_POINT('',(152.399994589185,13.5607339087996,-7.76721734218102));
#6500=CARTESIAN_POINT('',(152.399994589185,7.60894734856341,60.2620143361896));
#6501=CARTESIAN_POINT('',(152.399994589185,-11.8024373007144,-7.76721734218102));
#6502=CARTESIAN_POINT('',(152.399994589185,1.08669288913218,-8.01721734218102));
#6503=CARTESIAN_POINT('Origin',(152.399994589185,1.08669288913218,-9.01721734218102));
#6504=CARTESIAN_POINT('',(152.399994589185,14.7212155335967,-7.69758130952087));
#6505=CARTESIAN_POINT('Origin',(152.399994589185,14.7212155335967,-8.69758130952087));
#6506=CARTESIAN_POINT('',(152.399994589185,14.368457679084,-1.65740072561738));
#6507=CARTESIAN_POINT('Origin',(152.399994589185,14.368457679084,-2.65740072561738));
#6508=CARTESIAN_POINT('Origin',(310.099990803687,-21.8325235913592,-10.267217342181));
#6509=CARTESIAN_POINT('',(140.499983431111,-13.8325235913592,-10.267217342181));
#6510=CARTESIAN_POINT('',(140.499983431111,-21.8325235913591,-10.267217342181));
#6511=CARTESIAN_POINT('',(-5.30000930241615,-13.8325235913592,-10.267217342181));
#6512=CARTESIAN_POINT('',(231.249991736799,-13.8325235913592,-10.267217342181));
#6513=CARTESIAN_POINT('',(-5.30000930241615,15.2890051614741,-10.267217342181));
#6514=CARTESIAN_POINT('',(-5.30000930241615,-21.8325235913592,-10.267217342181));
#6515=CARTESIAN_POINT('',(230.562739198071,15.2890051614741,-10.267217342181));
#6516=CARTESIAN_POINT('Origin',(140.499983431111,-21.832523591359,-8.4672173421811));
#6517=CARTESIAN_POINT('',(140.499983431111,-13.8325235913592,-7.76721734218102));
#6518=CARTESIAN_POINT('',(140.499983431111,-21.8325235913591,-7.76721734218102));
#6519=CARTESIAN_POINT('',(140.499983431111,-13.8325235913592,25.6929214741234));
#6520=CARTESIAN_POINT('Origin',(152.39999266991,-13.8325235913592,59.8530602904279));
#6521=CARTESIAN_POINT('',(152.399994589185,-13.8325235913592,129.973337934828));
#6522=CARTESIAN_POINT('',(152.399994589185,-13.8325235913592,127.473337934828));
#6523=CARTESIAN_POINT('',(152.399994589185,-13.8325235913592,59.8530188115301));
#6524=CARTESIAN_POINT('',(-5.30000546386688,-13.8325235913592,129.973337934828));
#6525=CARTESIAN_POINT('',(73.5499936030216,-13.8325235913592,129.973337934828));
#6526=CARTESIAN_POINT('',(-10.6000055591086,-13.8325235913592,124.686656433269));
#6527=CARTESIAN_POINT('Ctrl Pts',(-10.6000055591086,-13.8325235913592,124.686656433269));
#6528=CARTESIAN_POINT('Ctrl Pts',(-10.6000055659167,-13.8325235913592,125.303116386387));
#6529=CARTESIAN_POINT('Ctrl Pts',(-10.4942444666175,-13.8325235913592,125.91019323326));
#6530=CARTESIAN_POINT('Ctrl Pts',(-10.2788814810143,-13.8325235913592,126.498902471288));
#6531=CARTESIAN_POINT('Ctrl Pts',(-10.0975273498841,-13.8325235913592,126.994646213193));
#6532=CARTESIAN_POINT('Ctrl Pts',(-9.84459902651832,-13.8325235913592,127.448244273108));
#6533=CARTESIAN_POINT('Ctrl Pts',(-9.53998459124216,-13.8325235913592,127.850507783539));
#6534=CARTESIAN_POINT('Ctrl Pts',(-8.5695131106643,-13.8325235913592,129.132079565244));
#6535=CARTESIAN_POINT('Ctrl Pts',(-7.08140276356507,-13.8325235913592,129.940256058385));
#6536=CARTESIAN_POINT('Ctrl Pts',(-5.40155541077429,-13.8325235913592,129.972367428339));
#6537=CARTESIAN_POINT('Ctrl Pts',(-5.36765257388745,-13.8325235913592,129.97301550302));
#6538=CARTESIAN_POINT('Ctrl Pts',(-5.33383934332536,-13.8325235913592,129.973337935436));
#6539=CARTESIAN_POINT('Ctrl Pts',(-5.30000546386688,-13.8325235913592,129.973337934828));
#6540=CARTESIAN_POINT('',(-10.6000091010714,-13.8325235913592,-4.98053595709823));
#6541=CARTESIAN_POINT('',(-10.6000082155805,-13.8325235913592,27.4362644466056));
#6542=CARTESIAN_POINT('Ctrl Pts',(-5.30000930241615,-13.8325235913592,-10.267217342181));
#6543=CARTESIAN_POINT('Ctrl Pts',(-6.79043853695337,-13.8325235913592,-10.2672172857028));
#6544=CARTESIAN_POINT('Ctrl Pts',(-8.10850032347711,-13.8325235913592,-9.6263455296609));
#6545=CARTESIAN_POINT('Ctrl Pts',(-9.05347646814192,-13.8325235913592,-8.67067260813158));
#6546=CARTESIAN_POINT('Ctrl Pts',(-9.97749681786107,-13.8325235913592,-7.73619269331652));
#6547=CARTESIAN_POINT('Ctrl Pts',(-10.6000090849328,-13.8325235913592,-6.44186137063889));
#6548=CARTESIAN_POINT('Ctrl Pts',(-10.6000091010713,-13.8325235913592,-4.98053595709824));
#6549=CARTESIAN_POINT('',(-5.3000092076813,-13.8325235913592,-7.76721734218102));
#6550=CARTESIAN_POINT('',(73.5499917311143,-13.8325235913592,-7.76721734218102));
#6551=CARTESIAN_POINT('',(-8.10000910107135,-13.8325235913592,-4.98053592948883));
#6552=CARTESIAN_POINT('Ctrl Pts',(-8.10000910107134,-13.8325235913592,-4.98053592948883));
#6553=CARTESIAN_POINT('Ctrl Pts',(-8.1000090846891,-13.8325235913592,-6.46392875790446));
#6554=CARTESIAN_POINT('Ctrl Pts',(-6.78952113407772,-13.8325235913592,-7.76721728573753));
#6555=CARTESIAN_POINT('Ctrl Pts',(-5.3000092076813,-13.8325235913592,-7.76721734218101));
#6556=CARTESIAN_POINT('',(-8.10000555910861,-13.8325235913592,124.686656460878));
#6557=CARTESIAN_POINT('',(-8.10000644459919,-13.8325235913592,92.2698605677456));
#6558=CARTESIAN_POINT('',(-5.30000546386677,-13.8325235913592,127.473337934828));
#6559=CARTESIAN_POINT('Ctrl Pts',(-5.30000546386677,-13.8325235913592,127.473337934828));
#6560=CARTESIAN_POINT('Ctrl Pts',(-5.31789849137099,-13.8325235913592,127.473337935434));
#6561=CARTESIAN_POINT('Ctrl Pts',(-5.33584549474431,-13.8325235913592,127.473166797676));
#6562=CARTESIAN_POINT('Ctrl Pts',(-5.35377502073746,-13.8325235913592,127.472824063177));
#6563=CARTESIAN_POINT('Ctrl Pts',(-6.48904994441428,-13.8325235913592,127.451122547849));
#6564=CARTESIAN_POINT('Ctrl Pts',(-7.5431126674624,-13.8325235913592,126.700468052687));
#6565=CARTESIAN_POINT('Ctrl Pts',(-7.9310506188407,-13.8325235913592,125.640013513025));
#6566=CARTESIAN_POINT('Ctrl Pts',(-8.04308835879819,-13.8325235913592,125.333750798771));
#6567=CARTESIAN_POINT('Ctrl Pts',(-8.10000556264502,-13.8325235913592,125.006874182082));
#6568=CARTESIAN_POINT('Ctrl Pts',(-8.10000555910861,-13.8325235913592,124.686656460878));
#6569=CARTESIAN_POINT('',(231.249993608706,-13.8325235913592,127.473337934828));
#6570=CARTESIAN_POINT('Ctrl Pts',(-5.30000930241615,-21.8325235913592,-10.267217342181));
#6571=CARTESIAN_POINT('Ctrl Pts',(-5.30000930241615,31.1674764086408,-10.267217342181));
#6572=CARTESIAN_POINT('Ctrl Pts',(-6.79043853695337,-21.8325235913592,-10.2672172857028));
#6573=CARTESIAN_POINT('Ctrl Pts',(-6.79043853695337,31.1674764086408,-10.2672172857028));
#6574=CARTESIAN_POINT('Ctrl Pts',(-8.10850032347711,-21.8325235913592,-9.6263455296609));
#6575=CARTESIAN_POINT('Ctrl Pts',(-8.10850032347711,31.1674764086408,-9.6263455296609));
#6576=CARTESIAN_POINT('Ctrl Pts',(-9.05347646814192,-21.8325235913592,-8.67067260813158));
#6577=CARTESIAN_POINT('Ctrl Pts',(-9.05347646814192,31.1674764086408,-8.67067260813158));
#6578=CARTESIAN_POINT('Ctrl Pts',(-9.97749681786107,-21.8325235913592,-7.73619269331652));
#6579=CARTESIAN_POINT('Ctrl Pts',(-9.97749681786107,31.1674764086408,-7.73619269331652));
#6580=CARTESIAN_POINT('Ctrl Pts',(-10.6000090849328,-21.8325235913592,-6.44186137063889));
#6581=CARTESIAN_POINT('Ctrl Pts',(-10.6000090849328,31.1674764086408,-6.44186137063889));
#6582=CARTESIAN_POINT('Ctrl Pts',(-10.6000091010713,-21.8325235913592,-4.98053595709824));
#6583=CARTESIAN_POINT('Ctrl Pts',(-10.6000091010713,31.1674764086408,-4.98053595709824));
#6584=CARTESIAN_POINT('',(-10.6000091010713,14.8226606350624,-4.98053595709824));
#6585=CARTESIAN_POINT('',(-10.6000091010713,-21.8325235913592,-4.98053595709824));
#6586=CARTESIAN_POINT('',(-10.5992701249575,14.8302860465172,-5.06769167604055));
#6587=CARTESIAN_POINT('Ctrl Pts',(-10.5992701249575,14.8302860465172,-5.06769167604055));
#6588=CARTESIAN_POINT('Ctrl Pts',(-10.5997630004664,14.8277443327798,-5.03864393407507));
#6589=CARTESIAN_POINT('Ctrl Pts',(-10.6000091007505,14.825202348213,-5.00958787134746));
#6590=CARTESIAN_POINT('Ctrl Pts',(-10.6000091010713,14.8226606350624,-4.98053595709824));
#6591=CARTESIAN_POINT('',(-9.00957310394623,15.1512551621993,-8.71458049946468));
#6592=CARTESIAN_POINT('Ctrl Pts',(-9.00957310394623,15.1512551621993,-8.71458049946468));
#6593=CARTESIAN_POINT('Ctrl Pts',(-9.02428930471298,15.1499675221312,-8.70002602383198));
#6594=CARTESIAN_POINT('Ctrl Pts',(-9.03892393572328,15.1486727220542,-8.6853898697796));
#6595=CARTESIAN_POINT('Ctrl Pts',(-9.05347646814192,15.1473707895098,-8.67067260813158));
#6596=CARTESIAN_POINT('Ctrl Pts',(-9.06370937107883,15.1464553097174,-8.66032387255697));
#6597=CARTESIAN_POINT('Ctrl Pts',(-9.0739015088851,15.1455363129955,-8.64993483554012));
#6598=CARTESIAN_POINT('Ctrl Pts',(-9.08405256529754,15.14461382631,-8.63950581816358));
#6599=CARTESIAN_POINT('Ctrl Pts',(-9.20839663194506,15.1333139436928,-8.51175690425274));
#6600=CARTESIAN_POINT('Ctrl Pts',(-9.32657544459076,15.1214904020925,-8.37801349249112));
#6601=CARTESIAN_POINT('Ctrl Pts',(-9.43801596096526,15.1091927638833,-8.23883590417123));
#6602=CARTESIAN_POINT('Ctrl Pts',(-9.50750344816278,15.101524709163,-8.15205327608236));
#6603=CARTESIAN_POINT('Ctrl Pts',(-9.57437138609045,15.093672325373,-8.06315674648508));
#6604=CARTESIAN_POINT('Ctrl Pts',(-9.63848265915632,15.0856476280334,-7.97227217513393));
#6605=CARTESIAN_POINT('Ctrl Pts',(-9.7243416342375,15.0749008083874,-7.8505579153206));
#6606=CARTESIAN_POINT('Ctrl Pts',(-9.80531689734573,15.0638351431495,-7.72518457095638));
#6607=CARTESIAN_POINT('Ctrl Pts',(-9.88097515437569,15.0524916184709,-7.5965886788213));
#6608=CARTESIAN_POINT('Ctrl Pts',(-9.95526364375718,15.0413534645441,-7.47032097265939));
#6609=CARTESIAN_POINT('Ctrl Pts',(-10.0244256334955,15.0299474212062,-7.34094669072628));
#6610=CARTESIAN_POINT('Ctrl Pts',(-10.0880988712686,15.0183122885464,-7.2088927387063));
#6611=CARTESIAN_POINT('Ctrl Pts',(-10.1502691779937,15.0069517893548,-7.0799557631657));
#6612=CARTESIAN_POINT('Ctrl Pts',(-10.2072066312794,14.9953728879684,-6.94846442307675));
#6613=CARTESIAN_POINT('Ctrl Pts',(-10.2586231985082,14.9836117013276,-6.81482455902888));
#6614=CARTESIAN_POINT('Ctrl Pts',(-10.2727080657306,14.9803898846809,-6.77821574124535));
#6615=CARTESIAN_POINT('Ctrl Pts',(-10.2863789368868,14.977154389143,-6.74144573170173));
#6616=CARTESIAN_POINT('Ctrl Pts',(-10.2996305783646,14.9739059571514,-6.70452294340277));
#6617=CARTESIAN_POINT('Ctrl Pts',(-10.36187870122,14.9586468064993,-6.53108222165929));
#6618=CARTESIAN_POINT('Ctrl Pts',(-10.4149015077947,14.943097449374,-6.35420233594344));
#6619=CARTESIAN_POINT('Ctrl Pts',(-10.4582710374029,14.9273061572763,-6.17440641484408));
#6620=CARTESIAN_POINT('Ctrl Pts',(-10.495277832543,14.9138316022849,-6.0209883151032));
#6621=CARTESIAN_POINT('Ctrl Pts',(-10.5250798609174,14.9002459547537,-5.86618476487255));
#6622=CARTESIAN_POINT('Ctrl Pts',(-10.5476304047329,14.8865738332739,-5.71027519908194));
#6623=CARTESIAN_POINT('Ctrl Pts',(-10.5537810086836,14.8828447966229,-5.66775125823417));
#6624=CARTESIAN_POINT('Ctrl Pts',(-10.5593921193492,14.8791093270723,-5.6251447416218));
#6625=CARTESIAN_POINT('Ctrl Pts',(-10.564462660235,14.8753679241335,-5.58246066900962));
#6626=CARTESIAN_POINT('Ctrl Pts',(-10.5762932336539,14.8666384920759,-5.48287029665485));
#6627=CARTESIAN_POINT('Ctrl Pts',(-10.5851806393686,14.8578767697102,-5.38286070666915));
#6628=CARTESIAN_POINT('Ctrl Pts',(-10.5911099263328,14.8490892365426,-5.28250529389804));
#6629=CARTESIAN_POINT('Ctrl Pts',(-10.5953307157815,14.8428337917486,-5.21106684440365));
#6630=CARTESIAN_POINT('Ctrl Pts',(-10.5980524914939,14.8365652704702,-5.13945321017774));
#6631=CARTESIAN_POINT('Ctrl Pts',(-10.5992701249575,14.8302860465172,-5.06769167604055));
#6632=CARTESIAN_POINT('Ctrl Pts',(-5.30000930241615,15.2890051614741,-10.267217342181));
#6633=CARTESIAN_POINT('Ctrl Pts',(-6.6805786780383,15.2890051568187,-10.2672172898658));
#6634=CARTESIAN_POINT('Ctrl Pts',(-8.02740851591587,15.2371921649462,-9.68595149326725));
#6635=CARTESIAN_POINT('Ctrl Pts',(-9.00957310394623,15.1512551621993,-8.71458049946468));
#6636=CARTESIAN_POINT('Origin',(-10.6000091010712,-21.8325235913592,-4.98053584969146));
#6637=CARTESIAN_POINT('',(-10.6000055591086,3.47825151984661,124.686656433269));
#6638=CARTESIAN_POINT('',(-10.6000055591086,-21.8325235913592,124.686656433269));
#6639=CARTESIAN_POINT('',(-10.6000055614893,3.48587640912151,124.599500690521));
#6640=CARTESIAN_POINT('Ctrl Pts',(-10.6000055614893,3.48587640579098,124.599500728589));
#6641=CARTESIAN_POINT('Ctrl Pts',(-10.6000055606908,3.48331863404319,124.628736193443));
#6642=CARTESIAN_POINT('Ctrl Pts',(-10.6000055598973,3.48077713185042,124.657784763528));
#6643=CARTESIAN_POINT('Ctrl Pts',(-10.6000055591086,3.47825151984661,124.686656433269));
#6644=CARTESIAN_POINT('',(-10.6000082643914,12.1428923225141,25.6493560146109));
#6645=CARTESIAN_POINT('Ctrl Pts',(-10.6000055591086,-21.8325235913592,124.686656433269));
#6646=CARTESIAN_POINT('Ctrl Pts',(-10.6000055591086,31.1674764086408,124.686656433269));
#6647=CARTESIAN_POINT('Ctrl Pts',(-10.6000055659167,-21.8325235913592,125.303116386387));
#6648=CARTESIAN_POINT('Ctrl Pts',(-10.6000055659167,31.1674764086408,125.303116386387));
#6649=CARTESIAN_POINT('Ctrl Pts',(-10.4942444666175,-21.8325235913592,125.91019323326));
#6650=CARTESIAN_POINT('Ctrl Pts',(-10.4942444666175,31.1674764086408,125.91019323326));
#6651=CARTESIAN_POINT('Ctrl Pts',(-10.2788814810143,-21.8325235913592,126.498902471288));
#6652=CARTESIAN_POINT('Ctrl Pts',(-10.2788814810143,31.1674764086408,126.498902471288));
#6653=CARTESIAN_POINT('Ctrl Pts',(-10.0975273498841,-21.8325235913592,126.994646213193));
#6654=CARTESIAN_POINT('Ctrl Pts',(-10.0975273498841,31.1674764086408,126.994646213193));
#6655=CARTESIAN_POINT('Ctrl Pts',(-9.84459902651832,-21.8325235913592,127.448244273108));
#6656=CARTESIAN_POINT('Ctrl Pts',(-9.84459902651832,31.1674764086408,127.448244273108));
#6657=CARTESIAN_POINT('Ctrl Pts',(-9.53998459124216,-21.8325235913592,127.850507783539));
#6658=CARTESIAN_POINT('Ctrl Pts',(-9.53998459124216,31.1674764086408,127.850507783539));
#6659=CARTESIAN_POINT('Ctrl Pts',(-8.5695131106643,-21.8325235913592,129.132079565244));
#6660=CARTESIAN_POINT('Ctrl Pts',(-8.5695131106643,31.1674764086408,129.132079565244));
#6661=CARTESIAN_POINT('Ctrl Pts',(-7.08140276356507,-21.8325235913592,129.940256058385));
#6662=CARTESIAN_POINT('Ctrl Pts',(-7.08140276356507,31.1674764086408,129.940256058385));
#6663=CARTESIAN_POINT('Ctrl Pts',(-5.40155541077429,-21.8325235913592,129.972367428339));
#6664=CARTESIAN_POINT('Ctrl Pts',(-5.40155541077429,31.1674764086408,129.972367428339));
#6665=CARTESIAN_POINT('Ctrl Pts',(-5.36765257388745,-21.8325235913592,129.97301550302));
#6666=CARTESIAN_POINT('Ctrl Pts',(-5.36765257388745,31.1674764086408,129.97301550302));
#6667=CARTESIAN_POINT('Ctrl Pts',(-5.33383934332536,-21.8325235913592,129.973337935436));
#6668=CARTESIAN_POINT('Ctrl Pts',(-5.33383934332536,31.1674764086408,129.973337935436));
#6669=CARTESIAN_POINT('Ctrl Pts',(-5.30000546386688,-21.8325235913592,129.973337934828));
#6670=CARTESIAN_POINT('Ctrl Pts',(-5.30000546386688,31.1674764086408,129.973337934828));
#6671=CARTESIAN_POINT('',(-5.30000546386688,3.01954640815457,129.973337934828));
#6672=CARTESIAN_POINT('',(-5.30000546386688,-21.8325235913592,129.973337934828));
#6673=CARTESIAN_POINT('',(-9.58162362614173,3.20769359874572,127.794762358846));
#6674=CARTESIAN_POINT('Ctrl Pts',(-9.58162362614175,3.20769359874572,127.794762358846));
#6675=CARTESIAN_POINT('Ctrl Pts',(-9.56769978077741,3.20605631467574,127.813661496165));
#6676=CARTESIAN_POINT('Ctrl Pts',(-9.55381796157716,3.20444657242676,127.832239903006));
#6677=CARTESIAN_POINT('Ctrl Pts',(-9.40614178703396,3.18754678463176,128.027256059496));
#6678=CARTESIAN_POINT('Ctrl Pts',(-9.27752529911203,3.17475226609313,128.17504203404));
#6679=CARTESIAN_POINT('Ctrl Pts',(-8.9272334539088,3.14244534864028,128.548377137114));
#6680=CARTESIAN_POINT('Ctrl Pts',(-8.66526411065056,3.12253257890134,128.778804875695));
#6681=CARTESIAN_POINT('Ctrl Pts',(-8.38313014030365,3.10500419807038,128.981832542154));
#6682=CARTESIAN_POINT('Ctrl Pts',(-7.95117266780903,3.07816760313162,129.29267535751));
#6683=CARTESIAN_POINT('Ctrl Pts',(-7.46910931859391,3.05686471219157,129.539925651365));
#6684=CARTESIAN_POINT('Ctrl Pts',(-6.42618407810828,3.02721298426196,129.884236960276));
#6685=CARTESIAN_POINT('Ctrl Pts',(-5.85897765657962,3.01954640729067,129.973337944865));
#6686=CARTESIAN_POINT('Ctrl Pts',(-5.30000546386684,3.01954640815458,129.973337934828));
#6687=CARTESIAN_POINT('',(-10.3064296842616,3.32687873688834,126.421785396291));
#6688=CARTESIAN_POINT('Ctrl Pts',(-10.3064296842616,3.32687873688834,126.421785396291));
#6689=CARTESIAN_POINT('Ctrl Pts',(-10.2973319541411,3.32460823588173,126.447878828294));
#6690=CARTESIAN_POINT('Ctrl Pts',(-10.2881430324272,3.32237194439819,126.473585616452));
#6691=CARTESIAN_POINT('Ctrl Pts',(-10.260402853364,3.31577723314536,126.549414319908));
#6692=CARTESIAN_POINT('Ctrl Pts',(-10.2415964445194,3.31152165346377,126.598358512976));
#6693=CARTESIAN_POINT('Ctrl Pts',(-10.0360638001183,3.26697613070651,127.110805566722));
#6694=CARTESIAN_POINT('Ctrl Pts',(-9.80402505767788,3.23384544914805,127.492892071974));
#6695=CARTESIAN_POINT('Ctrl Pts',(-9.58162362614173,3.20769359874572,127.794762358846));
#6696=CARTESIAN_POINT('Ctrl Pts',(-10.6000055591086,3.47825151984661,124.686656433269));
#6697=CARTESIAN_POINT('Ctrl Pts',(-10.6000055608251,3.46465565372065,124.842078309694));
#6698=CARTESIAN_POINT('Ctrl Pts',(-10.5932808059248,3.45152740306294,124.99227205057));
#6699=CARTESIAN_POINT('Ctrl Pts',(-10.580984020197,3.43888517770614,125.136993707225));
#6700=CARTESIAN_POINT('Ctrl Pts',(-10.5736873878982,3.43138356940724,125.222868238801));
#6701=CARTESIAN_POINT('Ctrl Pts',(-10.5644293848633,3.42405308891712,125.306817042281));
#6702=CARTESIAN_POINT('Ctrl Pts',(-10.5534539297099,3.41689758252915,125.38879711721));
#6703=CARTESIAN_POINT('Ctrl Pts',(-10.5345108172359,3.40454751955477,125.530290819141));
#6704=CARTESIAN_POINT('Ctrl Pts',(-10.5104489153275,3.39271923001426,125.665921349228));
#6705=CARTESIAN_POINT('Ctrl Pts',(-10.4825524219547,3.38143121980058,125.79541769359));
#6706=CARTESIAN_POINT('Ctrl Pts',(-10.4522555350799,3.36917191667189,125.936056735329));
#6707=CARTESIAN_POINT('Ctrl Pts',(-10.4174376105883,3.35754987129949,126.069460447668));
#6708=CARTESIAN_POINT('Ctrl Pts',(-10.3797635222845,3.34658878951612,126.195340887531));
#6709=CARTESIAN_POINT('Ctrl Pts',(-10.3562936311315,3.33976034567167,126.273760840206));
#6710=CARTESIAN_POINT('Ctrl Pts',(-10.3317155875932,3.33318841766474,126.34926225145));
#6711=CARTESIAN_POINT('Ctrl Pts',(-10.3064296842615,3.32687873688834,126.421785396291));
#6712=CARTESIAN_POINT('Origin',(-5.30000546386688,-21.8325235913592,129.973337934828));
#6713=CARTESIAN_POINT('',(152.399994589185,3.01954640815458,129.973337934828));
#6714=CARTESIAN_POINT('',(152.399994589185,-11.8024373007144,129.973337934828));
#6715=CARTESIAN_POINT('',(72.8627410642941,3.01954640815458,129.973337934828));
#6716=CARTESIAN_POINT('Origin',(152.399994589185,-1.7723510100695,59.8529773326323));
#6717=CARTESIAN_POINT('',(152.399994589185,1.72871847311009,127.473337934828));
#6718=CARTESIAN_POINT('',(152.399994589185,-11.8024373007144,127.473337934828));
#6719=CARTESIAN_POINT('',(152.399994589185,2.43058366945741,119.450982031095));
#6720=CARTESIAN_POINT('',(152.399994589185,7.60894734856341,60.2620143361896));
#6721=CARTESIAN_POINT('',(152.399994589185,3.94013326331633,119.450982031095));
#6722=CARTESIAN_POINT('',(152.399994589185,1.58389112662341,119.450982031095));
#6723=CARTESIAN_POINT('',(152.399994589185,4.85297752056866,120.447176729187));
#6724=CARTESIAN_POINT('',(152.399994589185,-11.9781118626356,102.079265803039));
#6725=CARTESIAN_POINT('',(152.399994589185,4.10670215090225,128.977143236736));
#6726=CARTESIAN_POINT('',(152.399994589185,10.4007216324211,57.0361713683797));
#6727=CARTESIAN_POINT('',(152.399994589185,19.4523335096687,114.915462837719));
#6728=CARTESIAN_POINT('',(152.399994589185,-12.3696730124421,129.723337934828));
#6729=CARTESIAN_POINT('Origin',(152.399994589185,-12.3696730124421,128.723337934828));
#6730=CARTESIAN_POINT('',(152.399994589185,2.63610945543646,129.537471013422));
#6731=CARTESIAN_POINT('Origin',(152.399994589185,2.63610945543646,128.537471013422));
#6732=CARTESIAN_POINT('',(152.399994589185,3.56911574865693,122.274854239767));
#6733=CARTESIAN_POINT('Origin',(152.399994589185,3.56911574865693,121.274854239767));
#6734=CARTESIAN_POINT('Origin',(147.399994589185,3.56911574865693,121.274854239767));
#6735=CARTESIAN_POINT('',(147.399994589185,3.56911574865693,122.274854239767));
#6736=CARTESIAN_POINT('Origin',(147.399994589185,3.56911574865693,121.274854239767));
#6737=CARTESIAN_POINT('Origin',(152.399994589185,3.56911574865693,121.274854239767));
#6738=CARTESIAN_POINT('',(152.399994589185,3.56911574865693,122.274854239767));
#6739=CARTESIAN_POINT('Origin',(147.399994589185,14.368457679084,-2.65740072561738));
#6740=CARTESIAN_POINT('',(147.399994589185,14.368457679084,-1.65740072561738));
#6741=CARTESIAN_POINT('Origin',(147.399994589185,14.368457679084,-2.65740072561738));
#6742=CARTESIAN_POINT('Origin',(152.399994589185,14.368457679084,-2.65740072561738));
#6743=CARTESIAN_POINT('',(152.399994589185,14.368457679084,-1.65740072561738));
#6744=CARTESIAN_POINT('Origin',(147.399994589185,14.7212155335967,-8.69758130952087));
#6745=CARTESIAN_POINT('',(147.399994589185,14.7212155335967,-7.69758130952087));
#6746=CARTESIAN_POINT('Origin',(147.399994589185,14.7212155335967,-8.69758130952087));
#6747=CARTESIAN_POINT('Origin',(152.399994589185,14.7212155335967,-8.69758130952087));
#6748=CARTESIAN_POINT('',(152.399994589185,14.7212155335967,-7.69758130952087));
#6749=CARTESIAN_POINT('Origin',(147.399994589185,12.2076224417179,22.0410590551266));
#6750=CARTESIAN_POINT('',(147.399994589185,12.2076224417179,23.0410590551266));
#6751=CARTESIAN_POINT('Origin',(147.399994589185,12.2076224417179,22.0410590551266));
#6752=CARTESIAN_POINT('Origin',(152.399994589185,12.2076224417179,22.0410590551266));
#6753=CARTESIAN_POINT('',(152.399994589185,12.2076224417179,23.0410590551266));
#6754=CARTESIAN_POINT('',(152.399994589185,12.2076224417179,23.0410590551266));
#6755=CARTESIAN_POINT('Origin',(152.399994589185,12.2076224417179,22.0410590551266));
#6756=CARTESIAN_POINT('Origin',(147.399994589185,1.08669288913218,-9.01721734218102));
#6757=CARTESIAN_POINT('',(147.399994589185,1.08669288913218,-8.01721734218102));
#6758=CARTESIAN_POINT('Origin',(147.399994589185,1.08669288913218,-9.01721734218102));
#6759=CARTESIAN_POINT('Origin',(152.399994589185,1.08669288913218,-9.01721734218102));
#6760=CARTESIAN_POINT('',(152.399994589185,1.08669288913218,-8.01721734218102));
#6761=CARTESIAN_POINT('Origin',(147.399994589185,2.63610945543646,128.537471013422));
#6762=CARTESIAN_POINT('',(147.399994589185,2.63610945543646,129.537471013422));
#6763=CARTESIAN_POINT('Origin',(147.399994589185,2.63610945543646,128.537471013422));
#6764=CARTESIAN_POINT('Origin',(152.399994589185,2.63610945543646,128.537471013422));
#6765=CARTESIAN_POINT('',(152.399994589185,2.63610945543646,129.537471013422));
#6766=CARTESIAN_POINT('Origin',(147.399994589185,-12.3696730124421,128.723337934828));
#6767=CARTESIAN_POINT('',(147.399994589185,-12.3696730124421,129.723337934828));
#6768=CARTESIAN_POINT('Origin',(147.399994589185,-12.3696730124421,128.723337934828));
#6769=CARTESIAN_POINT('Origin',(152.399994589185,-12.3696730124421,128.723337934828));
#6770=CARTESIAN_POINT('',(152.399994589185,-12.3696730124421,129.723337934828));
#6771=CARTESIAN_POINT('Origin',(152.399994589185,-1.7723510100695,59.8529773326323));
#6772=CARTESIAN_POINT('',(152.399994589185,12.6206546462209,20.1885076663539));
#6773=CARTESIAN_POINT('',(152.399994589185,11.1263625990827,20.0577740522324));
#6774=CARTESIAN_POINT('',(152.399994589185,7.69883041024701,19.7579038418391));
#6775=CARTESIAN_POINT('',(152.399994589185,13.5296936015649,21.2718581071934));
#6776=CARTESIAN_POINT('',(152.399994589185,19.6399620834426,28.5537925221865));
#6777=CARTESIAN_POINT('',(152.399994589185,13.3760380271008,23.0281493599291));
#6778=CARTESIAN_POINT('',(152.399994589185,10.4007216324211,57.0361713683797));
#6779=CARTESIAN_POINT('',(152.399994589185,12.2926875862614,23.9371883152732));
#6780=CARTESIAN_POINT('',(152.399994589185,-0.40586340283991,34.5925377667142));
#6781=CARTESIAN_POINT('',(152.399994589185,10.7983955391232,23.8064547011517));
#6782=CARTESIAN_POINT('',(152.399994589185,6.1256199776726,23.3976398123237));
#6783=CARTESIAN_POINT('',(152.399994589185,7.60894734856341,60.2620143361896));
#6784=CARTESIAN_POINT('Origin',(72.8627410642941,3.56312427952841,129.475240585782));
#6785=CARTESIAN_POINT('',(-5.30000546386688,4.10670215090224,128.977143236736));
#6786=CARTESIAN_POINT('',(72.8627410642941,4.10670215090224,128.977143236736));
#6787=CARTESIAN_POINT('',(-5.30000546386688,4.10670215090224,128.977143236736));
#6788=CARTESIAN_POINT('Origin',(-5.3000092076813,-21.8325235913592,-7.76721734218101));
#6789=CARTESIAN_POINT('',(1.89999999999998,13.5607339088003,-7.76721734218101));
#6790=CARTESIAN_POINT('',(73.549809733369,13.5607339087994,-7.76721734218101));
#6791=CARTESIAN_POINT('',(1.9,7.56073390880031,-7.76721734218101));
#6792=CARTESIAN_POINT('',(1.90000000000001,-7.36674103728834,-7.76721734218101));
#6793=CARTESIAN_POINT('',(-5.3000092076813,7.56073390880031,-7.76721734218101));
#6794=CARTESIAN_POINT('',(73.5499953961594,7.56073390880031,-7.76721734218101));
#6795=CARTESIAN_POINT('',(-5.3000092076813,-21.8325235913592,-7.76721734218101));
#6796=CARTESIAN_POINT('Origin',(305.399992779634,15.3294596893042,0.700437591598821));
#6797=CARTESIAN_POINT('',(104.775992779634,14.3294596893041,0.700437591598819));
#6798=CARTESIAN_POINT('',(228.212740186044,14.3294596893041,0.700437591598821));
#6799=CARTESIAN_POINT('',(104.775992779634,12.9070658381929,0.700437591598819));
#6800=CARTESIAN_POINT('',(104.775992779634,14.1182627637485,0.700437591598819));
#6801=CARTESIAN_POINT('',(100.012992779634,12.9070658381929,0.700437591598819));
#6802=CARTESIAN_POINT('',(202.956492779634,12.9070658381929,0.70043759159882));
#6803=CARTESIAN_POINT('',(100.012992779634,14.3294596893041,0.700437591598819));
#6804=CARTESIAN_POINT('',(100.012992779634,15.3294596893041,0.700437591598819));
#6805=CARTESIAN_POINT('',(23.8129927796336,14.3294596893041,0.700437591598819));
#6806=CARTESIAN_POINT('',(228.212740186044,14.3294596893041,0.700437591598821));
#6807=CARTESIAN_POINT('',(23.8129927796336,12.9070658381929,0.700437591598819));
#6808=CARTESIAN_POINT('',(23.8129927796336,14.1182627637485,0.700437591598819));
#6809=CARTESIAN_POINT('',(19.0499927796336,12.9070658381929,0.700437591598819));
#6810=CARTESIAN_POINT('',(162.474992779634,12.9070658381929,0.70043759159882));
#6811=CARTESIAN_POINT('',(19.0499927796336,14.3294596893041,0.700437591598819));
#6812=CARTESIAN_POINT('',(19.0499927796336,15.3294596893041,0.700437591598819));
#6813=CARTESIAN_POINT('',(-0.1000072203664,14.3294596893041,0.700437591598818));
#6814=CARTESIAN_POINT('',(228.212740186044,14.3294596893041,0.700437591598821));
#6815=CARTESIAN_POINT('',(-0.1000072203664,12.8199100954452,0.700437591598818));
#6816=CARTESIAN_POINT('',(-0.1000072203664,15.3294596893041,0.700437591598818));
#6817=CARTESIAN_POINT('',(-0.600007220366406,12.8199100954452,0.700437591598818));
#6818=CARTESIAN_POINT('Origin',(228.212740186044,14.873037560678,0.202340242552948));
#6819=CARTESIAN_POINT('',(104.775992779634,15.4166154320518,-0.295757106492926));
#6820=CARTESIAN_POINT('',(228.212740186044,15.4166154320518,-0.295757106492925));
#6821=CARTESIAN_POINT('',(104.775992779634,15.4166154320518,-0.295757106492926));
#6822=CARTESIAN_POINT('Origin',(228.212740186044,12.8343628066811,23.4826688376011));
#6823=CARTESIAN_POINT('',(-0.1000072203664,13.3760380271008,23.0281493599291));
#6824=CARTESIAN_POINT('',(228.212740186044,13.3760380271008,23.0281493599291));
#6825=CARTESIAN_POINT('',(-0.1000072203664,12.2926875862614,23.9371883152732));
#6826=CARTESIAN_POINT('',(-0.1000072203664,13.3760380271008,23.0281493599291));
#6827=CARTESIAN_POINT('',(228.212740186044,12.2926875862614,23.9371883152732));
#6828=CARTESIAN_POINT('Origin',(151.025487592455,10.7377564067806,53.183846269602));
#6829=CARTESIAN_POINT('',(-0.100007220366402,4.85297752056866,120.447176729187));
#6830=CARTESIAN_POINT('',(75.2127401860443,4.85297752056866,120.447176729187));
#6831=CARTESIAN_POINT('',(-1.57783206701179,4.96145260771615,119.207300809545));
#6832=CARTESIAN_POINT('Ctrl Pts',(-1.57783206701179,4.96145260771616,119.207300809544));
#6833=CARTESIAN_POINT('Ctrl Pts',(-1.50955787639522,4.92718798858414,119.598947198358));
#6834=CARTESIAN_POINT('Ctrl Pts',(-1.10180626185512,4.87191307306912,120.230742373725));
#6835=CARTESIAN_POINT('Ctrl Pts',(-0.400385480272348,4.85297752056866,120.447176729187));
#6836=CARTESIAN_POINT('Ctrl Pts',(-0.1000072203664,4.85297752056866,120.447176729187));
#6837=CARTESIAN_POINT('',(-1.60000722036639,4.98387759507929,118.950982031095));
#6838=CARTESIAN_POINT('Ctrl Pts',(-1.6000072203664,4.98387759507929,118.950982031095));
#6839=CARTESIAN_POINT('Ctrl Pts',(-1.6000072203664,4.97636591879936,119.036840883856));
#6840=CARTESIAN_POINT('Ctrl Pts',(-1.5925804310586,4.96885433701437,119.122698656535));
#6841=CARTESIAN_POINT('Ctrl Pts',(-1.57783206701179,4.96145260771615,119.207300809545));
#6842=CARTESIAN_POINT('',(-1.6000072203664,13.2453044129793,24.5224414070667));
#6843=CARTESIAN_POINT('',(-1.6000072203664,13.0336080480423,26.9421419306004));
#6844=CARTESIAN_POINT('Origin',(-0.1000072203664,13.2453044129793,24.5224414070667));
#6845=CARTESIAN_POINT('',(104.775992779634,13.5296936015649,21.2718581071934));
#6846=CARTESIAN_POINT('',(228.212740186044,13.5296936015649,21.2718581071934));
#6847=CARTESIAN_POINT('',(103.275992779634,13.6604272156864,19.7775660600557));
#6848=CARTESIAN_POINT('Origin',(104.775992779634,13.6604272156864,19.7775660600557));
#6849=CARTESIAN_POINT('',(103.275992779634,15.2780902180896,1.28759333434648));
#6850=CARTESIAN_POINT('',(103.275992779634,13.0244076466204,27.0473030000597));
#6851=CARTESIAN_POINT('',(103.275992779634,15.2857153575412,1.20043759159882));
#6852=CARTESIAN_POINT('Ctrl Pts',(103.275992779634,15.2857153575412,1.20043759159882));
#6853=CARTESIAN_POINT('Ctrl Pts',(103.275992779634,15.2831736443906,1.22948950584804));
#6854=CARTESIAN_POINT('Ctrl Pts',(103.275992779634,15.2806319312401,1.25854142009726));
#6855=CARTESIAN_POINT('Ctrl Pts',(103.275992779634,15.2780902180896,1.28759333434648));
#6856=CARTESIAN_POINT('Ctrl Pts',(104.775992779634,15.4166154320518,-0.295757106492927));
#6857=CARTESIAN_POINT('Ctrl Pts',(104.438536397209,15.4166154320518,-0.295757106492927));
#6858=CARTESIAN_POINT('Ctrl Pts',(103.650406850514,15.3925024547498,-0.0201445147559371));
#6859=CARTESIAN_POINT('Ctrl Pts',(103.275992779634,15.3247813376304,0.753911395920687));
#6860=CARTESIAN_POINT('Ctrl Pts',(103.275992779634,15.2857153575412,1.20043759159882));
#6861=CARTESIAN_POINT('',(-5.30000930241616,16.2018494187264,-9.27102264408927));
#6862=CARTESIAN_POINT('',(230.562739198071,16.2018494187264,-9.27102264408928));
#6863=CARTESIAN_POINT('',(-8.34106245267316,16.0881632337594,-7.97158360381532));
#6864=CARTESIAN_POINT('Ctrl Pts',(-8.34106245267316,16.0881632337594,-7.97158360381532));
#6865=CARTESIAN_POINT('Ctrl Pts',(-8.33350299099449,16.0888320873882,-7.97922863577558));
#6866=CARTESIAN_POINT('Ctrl Pts',(-8.32590800187538,16.0894993580182,-7.98685557397591));
#6867=CARTESIAN_POINT('Ctrl Pts',(-8.31829013409619,16.0901639252461,-7.99445161214994));
#6868=CARTESIAN_POINT('Ctrl Pts',(-7.99474292809859,16.1183895227531,-8.31707166793161));
#6869=CARTESIAN_POINT('Ctrl Pts',(-7.62334419909922,16.142287232977,-8.59022374570716));
#6870=CARTESIAN_POINT('Ctrl Pts',(-6.62564408203621,16.1876097002215,-9.10826191680216));
#6871=CARTESIAN_POINT('Ctrl Pts',(-5.97087097569488,16.2018494159702,-9.27102261258521));
#6872=CARTESIAN_POINT('Ctrl Pts',(-5.30000930241616,16.2018494187264,-9.27102264408926));
#6873=CARTESIAN_POINT('',(-9.60000910107134,15.8264804716469,-4.98053594613837));
#6874=CARTESIAN_POINT('Ctrl Pts',(-9.60000910107134,15.8264804716469,-4.98053594613837));
#6875=CARTESIAN_POINT('Ctrl Pts',(-9.60000908904337,15.9217660190446,-6.06965473659134));
#6876=CARTESIAN_POINT('Ctrl Pts',(-9.14915179436863,16.0153127850692,-7.13889916500586));
#6877=CARTESIAN_POINT('Ctrl Pts',(-8.36508935304393,16.0860226334659,-7.94711643050088));
#6878=CARTESIAN_POINT('Ctrl Pts',(-8.35312789817517,16.0870956951766,-7.95938158197852));
#6879=CARTESIAN_POINT('Ctrl Pts',(-8.34106245267316,16.0881632337594,-7.97158360381532));
#6880=CARTESIAN_POINT('',(-9.60000910203387,15.8188553321953,-4.8933802033907));
#6881=CARTESIAN_POINT('Ctrl Pts',(-9.60000910203387,15.8188553321953,-4.89338020339071));
#6882=CARTESIAN_POINT('Ctrl Pts',(-9.60000910171303,15.8213970453458,-4.92243211763993));
#6883=CARTESIAN_POINT('Ctrl Pts',(-9.60000910139218,15.8239387584964,-4.95148403188915));
#6884=CARTESIAN_POINT('Ctrl Pts',(-9.60000910107134,15.8264804716469,-4.98053594613837));
#6885=CARTESIAN_POINT('',(-9.60000555910863,4.48207110958493,124.68665640616));
#6886=CARTESIAN_POINT('',(-9.60000826201065,13.1390870229775,25.7365117302502));
#6887=CARTESIAN_POINT('',(-9.59943012473665,4.4758548698727,124.757708351198));
#6888=CARTESIAN_POINT('Ctrl Pts',(-9.59943012473666,4.4758548698727,124.757708351198));
#6889=CARTESIAN_POINT('Ctrl Pts',(-9.59981149695745,4.47791223168531,124.734192598074));
#6890=CARTESIAN_POINT('Ctrl Pts',(-9.6000055594315,4.47951333558853,124.715891896718));
#6891=CARTESIAN_POINT('Ctrl Pts',(-9.60000555910863,4.48207110958493,124.68665640616));
#6892=CARTESIAN_POINT('',(-9.33932785211699,4.35336240475448,126.157803634193));
#6893=CARTESIAN_POINT('Ctrl Pts',(-9.33932785211698,4.35336240475448,126.157803634193));
#6894=CARTESIAN_POINT('Ctrl Pts',(-9.47595445396604,4.38603749807803,125.784325608507));
#6895=CARTESIAN_POINT('Ctrl Pts',(-9.59035033928154,4.42687279188354,125.317576064512));
#6896=CARTESIAN_POINT('Ctrl Pts',(-9.59943012473664,4.4758548698727,124.757708351198));
#6897=CARTESIAN_POINT('',(-8.74166203986281,4.25775779342191,127.250569342109));
#6898=CARTESIAN_POINT('Ctrl Pts',(-8.74166203986281,4.25775779342191,127.250569342109));
#6899=CARTESIAN_POINT('Ctrl Pts',(-8.92357231469857,4.27877471827657,127.010344791777));
#6900=CARTESIAN_POINT('Ctrl Pts',(-9.11410350192151,4.30537288800364,126.706326320639));
#6901=CARTESIAN_POINT('Ctrl Pts',(-9.2851718085597,4.34105967219785,126.298424510782));
#6902=CARTESIAN_POINT('Ctrl Pts',(-9.30085594081799,4.34446901484076,126.259455546055));
#6903=CARTESIAN_POINT('Ctrl Pts',(-9.32404155356572,4.34975199256856,126.199070834312));
#6904=CARTESIAN_POINT('Ctrl Pts',(-9.33172227035436,4.35154348303272,126.178594004607));
#6905=CARTESIAN_POINT('Ctrl Pts',(-9.33932785211699,4.35336240475448,126.157803634193));
#6906=CARTESIAN_POINT('Ctrl Pts',(-5.30000548314529,4.10670215090224,128.977143236736));
#6907=CARTESIAN_POINT('Ctrl Pts',(-5.74628243100801,4.10670215021251,128.97714324462));
#6908=CARTESIAN_POINT('Ctrl Pts',(-6.19935440627658,4.11282519146822,128.907156562815));
#6909=CARTESIAN_POINT('Ctrl Pts',(-7.03038401411392,4.13641254949251,128.637551826914));
#6910=CARTESIAN_POINT('Ctrl Pts',(-7.41574030349953,4.1533591838721,128.443850909599));
#6911=CARTESIAN_POINT('Ctrl Pts',(-7.76424794284278,4.17486581202299,128.198029024978));
#6912=CARTESIAN_POINT('Ctrl Pts',(-7.99187647167988,4.18891291335901,128.037469922006));
#6913=CARTESIAN_POINT('Ctrl Pts',(-8.20464772546226,4.204925563929,127.854444488485));
#6914=CARTESIAN_POINT('Ctrl Pts',(-8.49120661778161,4.23103523913878,127.556009535229));
#6915=CARTESIAN_POINT('Ctrl Pts',(-8.59676166726203,4.24139209803143,127.437630096394));
#6916=CARTESIAN_POINT('Ctrl Pts',(-8.71867318148704,4.25511915865592,127.280729075492));
#6917=CARTESIAN_POINT('Ctrl Pts',(-8.73019417189183,4.2564328582603,127.265713420304));
#6918=CARTESIAN_POINT('Ctrl Pts',(-8.74166203986281,4.25775779342191,127.250569342109));
#6919=CARTESIAN_POINT('',(101.512992779634,13.6604272156864,19.7775660600557));
#6920=CARTESIAN_POINT('',(101.512992779634,15.2780902180896,1.28759333434648));
#6921=CARTESIAN_POINT('',(101.512992779634,13.0336080480423,26.9421419306004));
#6922=CARTESIAN_POINT('',(100.012992779634,13.5296936015649,21.2718581071934));
#6923=CARTESIAN_POINT('Origin',(100.012992779634,13.6604272156864,19.7775660600557));
#6924=CARTESIAN_POINT('',(23.8129927796336,13.5296936015649,21.2718581071934));
#6925=CARTESIAN_POINT('',(228.212740186044,13.5296936015649,21.2718581071934));
#6926=CARTESIAN_POINT('',(22.3129927796336,13.6604272156864,19.7775660600557));
#6927=CARTESIAN_POINT('Origin',(23.8129927796336,13.6604272156864,19.7775660600557));
#6928=CARTESIAN_POINT('',(22.3129927796336,15.2780902180896,1.28759333434648));
#6929=CARTESIAN_POINT('',(22.3129927796336,13.0244076466204,27.0473030000597));
#6930=CARTESIAN_POINT('',(22.3129927796336,15.2857153575412,1.20043759159882));
#6931=CARTESIAN_POINT('Ctrl Pts',(22.3129927796336,15.2857153575412,1.20043759159882));
#6932=CARTESIAN_POINT('Ctrl Pts',(22.3129927796336,15.2831736443906,1.22948950584804));
#6933=CARTESIAN_POINT('Ctrl Pts',(22.3129927796336,15.2806319312401,1.25854142009725));
#6934=CARTESIAN_POINT('Ctrl Pts',(22.3129927796336,15.2780902180896,1.28759333434648));
#6935=CARTESIAN_POINT('',(23.8129927796336,15.4166154320518,-0.295757106492926));
#6936=CARTESIAN_POINT('Ctrl Pts',(23.8129927796336,15.4166154320518,-0.295757106492927));
#6937=CARTESIAN_POINT('Ctrl Pts',(23.4755363972087,15.4166154320518,-0.295757106492927));
#6938=CARTESIAN_POINT('Ctrl Pts',(22.6870797037528,15.39253559743,-0.0205233373238686));
#6939=CARTESIAN_POINT('Ctrl Pts',(22.3129927796336,15.3247813376304,0.75391139592067));
#6940=CARTESIAN_POINT('Ctrl Pts',(22.3129927796336,15.2857153575412,1.20043759159882));
#6941=CARTESIAN_POINT('',(100.012992779634,15.4166154320518,-0.295757106492925));
#6942=CARTESIAN_POINT('',(228.212740186044,15.4166154320518,-0.295757106492924));
#6943=CARTESIAN_POINT('',(101.512992779634,15.2857153575412,1.20043759159882));
#6944=CARTESIAN_POINT('Ctrl Pts',(101.512992779634,15.2857153575412,1.20043759159882));
#6945=CARTESIAN_POINT('Ctrl Pts',(101.512992779634,15.3150148426081,0.865542944840213));
#6946=CARTESIAN_POINT('Ctrl Pts',(101.240726921108,15.3835307725499,0.0824022820320394));
#6947=CARTESIAN_POINT('Ctrl Pts',(100.462934622867,15.4166154320518,-0.295757106492927));
#6948=CARTESIAN_POINT('Ctrl Pts',(100.012992779634,15.4166154320518,-0.295757106492927));
#6949=CARTESIAN_POINT('Ctrl Pts',(101.512992779634,15.2780902180896,1.28759333434648));
#6950=CARTESIAN_POINT('Ctrl Pts',(101.512992779634,15.2806319312401,1.25854142009726));
#6951=CARTESIAN_POINT('Ctrl Pts',(101.512992779634,15.2831736443906,1.22948950584804));
#6952=CARTESIAN_POINT('Ctrl Pts',(101.512992779634,15.2857153575412,1.20043759159882));
#6953=CARTESIAN_POINT('',(20.5499927796336,13.6604272156864,19.7775660600557));
#6954=CARTESIAN_POINT('',(20.5499927796336,15.2780902180896,1.28759333434648));
#6955=CARTESIAN_POINT('',(20.5499927796336,13.0336080480423,26.9421419306004));
#6956=CARTESIAN_POINT('',(19.0499927796336,13.5296936015649,21.2718581071934));
#6957=CARTESIAN_POINT('Origin',(19.0499927796336,13.6604272156864,19.7775660600557));
#6958=CARTESIAN_POINT('',(-0.1000072203664,13.5296936015649,21.2718581071934));
#6959=CARTESIAN_POINT('',(228.212740186044,13.5296936015649,21.2718581071934));
#6960=CARTESIAN_POINT('',(-1.6000072203664,13.6604272156864,19.7775660600557));
#6961=CARTESIAN_POINT('Origin',(-0.1000072203664,13.6604272156864,19.7775660600557));
#6962=CARTESIAN_POINT('',(-1.6000072203664,15.2780902180896,1.28759333434648));
#6963=CARTESIAN_POINT('',(-1.6000072203664,13.0336080480423,26.9421419306004));
#6964=CARTESIAN_POINT('',(-1.6000072203664,15.2857153575412,1.20043759159883));
#6965=CARTESIAN_POINT('Ctrl Pts',(-1.6000072203664,15.2857153575412,1.20043759159884));
#6966=CARTESIAN_POINT('Ctrl Pts',(-1.6000072203664,15.2831736443906,1.22948950584806));
#6967=CARTESIAN_POINT('Ctrl Pts',(-1.6000072203664,15.2806319312401,1.25854142009727));
#6968=CARTESIAN_POINT('Ctrl Pts',(-1.6000072203664,15.2780902180896,1.28759333434649));
#6969=CARTESIAN_POINT('',(-0.1000072203664,15.4166154320518,-0.295757106492926));
#6970=CARTESIAN_POINT('Ctrl Pts',(-0.1000072203664,15.4166154320518,-0.295757106492927));
#6971=CARTESIAN_POINT('Ctrl Pts',(-0.437463602791316,15.4166154320518,-0.295757106492927));
#6972=CARTESIAN_POINT('Ctrl Pts',(-1.22620212481514,15.3925641490013,-0.020849683277774));
#6973=CARTESIAN_POINT('Ctrl Pts',(-1.60000722036641,15.3247813376304,0.753911395920685));
#6974=CARTESIAN_POINT('Ctrl Pts',(-1.6000072203664,15.2857153575412,1.20043759159883));
#6975=CARTESIAN_POINT('',(19.0499927796336,15.4166154320518,-0.295757106492925));
#6976=CARTESIAN_POINT('',(228.212740186044,15.4166154320518,-0.295757106492923));
#6977=CARTESIAN_POINT('',(20.5499927796336,15.2857153575412,1.20043759159882));
#6978=CARTESIAN_POINT('Ctrl Pts',(20.5499927796336,15.2857153575412,1.20043759159882));
#6979=CARTESIAN_POINT('Ctrl Pts',(20.5499927796336,15.3150148426081,0.865542944840207));
#6980=CARTESIAN_POINT('Ctrl Pts',(20.2781324651232,15.3835593017587,0.0820761916840618));
#6981=CARTESIAN_POINT('Ctrl Pts',(19.4999346228668,15.4166154320518,-0.295757106492927));
#6982=CARTESIAN_POINT('Ctrl Pts',(19.0499927796336,15.4166154320518,-0.295757106492927));
#6983=CARTESIAN_POINT('Ctrl Pts',(20.5499927796336,15.2780902180896,1.28759333434648));
#6984=CARTESIAN_POINT('Ctrl Pts',(20.5499927796336,15.2806319312401,1.25854142009725));
#6985=CARTESIAN_POINT('Ctrl Pts',(20.5499927796336,15.2831736443906,1.22948950584804));
#6986=CARTESIAN_POINT('Ctrl Pts',(20.5499927796336,15.2857153575412,1.20043759159882));
#6987=CARTESIAN_POINT('Origin',(228.212740186044,13.0751741238929,20.7301828867736));
#6988=CARTESIAN_POINT('',(104.775992779634,12.6206546462209,20.1885076663539));
#6989=CARTESIAN_POINT('',(228.212740186044,12.6206546462209,20.1885076663539));
#6990=CARTESIAN_POINT('',(104.775992779634,12.6206546462209,20.1885076663539));
#6991=CARTESIAN_POINT('Origin',(-0.1000072203664,12.7472070639334,24.4788635356929));
#6992=CARTESIAN_POINT('',(-0.600007220366406,12.2491097148876,24.4352856643191));
#6993=CARTESIAN_POINT('',(-1.6000072203664,13.2453044129793,24.5224414070667));
#6994=CARTESIAN_POINT('Origin',(-0.1000072203664,12.2491097148876,24.4352856643191));
#6995=CARTESIAN_POINT('Origin',(-1.1000072203664,12.5355106989965,26.8985640592266));
#6996=CARTESIAN_POINT('',(-0.600007220366403,3.98768289698754,118.863826288347));
#6997=CARTESIAN_POINT('',(-1.60000722036639,4.98387759507929,118.950982031095));
#6998=CARTESIAN_POINT('',(-0.600007220366406,12.0374133499506,26.8549861878528));
#6999=CARTESIAN_POINT('Ctrl Pts',(-0.6000072203664,3.98008629426799,118.95098198235));
#7000=CARTESIAN_POINT('Ctrl Pts',(-0.600007233739976,3.96826301148901,119.088160790734));
#7001=CARTESIAN_POINT('Ctrl Pts',(-0.49056278638831,3.94765311775051,119.347802727467));
#7002=CARTESIAN_POINT('Ctrl Pts',(-0.217354270896519,3.94013326331632,119.450982031095));
#7003=CARTESIAN_POINT('Ctrl Pts',(-0.100007220366403,3.94013326331632,119.450982031095));
#7004=CARTESIAN_POINT('Ctrl Pts',(-0.925948835974495,4.30720839878064,119.036421591073));
#7005=CARTESIAN_POINT('Ctrl Pts',(-0.903190781427391,4.28790467053911,119.258422926398));
#7006=CARTESIAN_POINT('Ctrl Pts',(-0.694310611660603,4.25573976952653,119.64211594285));
#7007=CARTESIAN_POINT('Ctrl Pts',(-0.278364674021795,4.24441468240044,119.783046930459));
#7008=CARTESIAN_POINT('Ctrl Pts',(-0.100007220366402,4.24441468240044,119.783046930459));
#7009=CARTESIAN_POINT('Ctrl Pts',(-1.25189045158259,4.63433050329329,119.121861199796));
#7010=CARTESIAN_POINT('Ctrl Pts',(-1.20637432911481,4.60754632958922,119.428685062063));
#7011=CARTESIAN_POINT('Ctrl Pts',(-0.898058436932894,4.56382642130255,119.936429158234));
#7012=CARTESIAN_POINT('Ctrl Pts',(-0.339375077147072,4.54869610148455,120.115111829823));
#7013=CARTESIAN_POINT('Ctrl Pts',(-0.100007220366401,4.54869610148455,120.115111829823));
#7014=CARTESIAN_POINT('Ctrl Pts',(-1.57783206719068,4.96145260780593,119.207300808518));
#7015=CARTESIAN_POINT('Ctrl Pts',(-1.50955787680222,4.92718798863932,119.598947197727));
#7016=CARTESIAN_POINT('Ctrl Pts',(-1.10180626220519,4.87191307307857,120.230742373617));
#7017=CARTESIAN_POINT('Ctrl Pts',(-0.400385480272348,4.85297752056866,120.447176729187));
#7018=CARTESIAN_POINT('Ctrl Pts',(-0.1000072203664,4.85297752056866,120.447176729187));
#7019=CARTESIAN_POINT('',(-0.600007220366394,3.98008629834626,118.950981983064));
#7020=CARTESIAN_POINT('',(-0.600007220366394,3.98008629834626,118.950981983064));
#7021=CARTESIAN_POINT('',(-0.100007220366403,3.94013326331632,119.450982031095));
#7022=CARTESIAN_POINT('',(-0.100007220366402,4.85297752056866,120.447176729187));
#7023=CARTESIAN_POINT('Ctrl Pts',(-0.100007220366403,3.94013326331632,119.450982031095));
#7024=CARTESIAN_POINT('Ctrl Pts',(-0.217354270896519,3.94013326331632,119.450982031095));
#7025=CARTESIAN_POINT('Ctrl Pts',(-0.490562786251956,3.94765311774676,119.347802727518));
#7026=CARTESIAN_POINT('Ctrl Pts',(-0.600007233630732,3.96826301146844,119.088160790993));
#7027=CARTESIAN_POINT('Ctrl Pts',(-0.6000072203664,3.98008629423701,118.950981982709));
#7028=CARTESIAN_POINT('Origin',(75.2127401860443,4.3965553919425,119.949079380141));
#7029=CARTESIAN_POINT('',(75.2127401860443,3.94013326331633,119.450982031095));
#7030=CARTESIAN_POINT('Ctrl Pts',(-0.600007220366403,3.98768289698754,118.863826288347));
#7031=CARTESIAN_POINT('Ctrl Pts',(-0.600007220366403,3.98516626043956,118.892591575718));
#7032=CARTESIAN_POINT('Ctrl Pts',(-0.600007220366403,3.9826403205168,118.921349072349));
#7033=CARTESIAN_POINT('Ctrl Pts',(-0.600007220366403,3.98008629423701,118.95098198271));
#7034=CARTESIAN_POINT('Ctrl Pts',(-0.933340553699735,4.31974779635146,118.892878202597));
#7035=CARTESIAN_POINT('Ctrl Pts',(-0.933340553699735,4.31556614655949,118.940674678431));
#7036=CARTESIAN_POINT('Ctrl Pts',(-0.930864957263801,4.31137832601599,118.988465600411));
#7037=CARTESIAN_POINT('Ctrl Pts',(-0.925948835914865,4.30720839873006,119.036421591655));
#7038=CARTESIAN_POINT('Ctrl Pts',(-1.26667388703307,4.65181269571537,118.921930116846));
#7039=CARTESIAN_POINT('Ctrl Pts',(-1.26667388703307,4.64596603267942,118.988757781143));
#7040=CARTESIAN_POINT('Ctrl Pts',(-1.2617226941612,4.64011633151518,119.055582128473));
#7041=CARTESIAN_POINT('Ctrl Pts',(-1.25189045146333,4.63433050322311,119.1218612006));
#7042=CARTESIAN_POINT('Ctrl Pts',(-1.6000072203664,4.98387759507929,118.950982031095));
#7043=CARTESIAN_POINT('Ctrl Pts',(-1.6000072203664,4.97636591879936,119.036840883856));
#7044=CARTESIAN_POINT('Ctrl Pts',(-1.5925804310586,4.96885433701437,119.122698656535));
#7045=CARTESIAN_POINT('Ctrl Pts',(-1.57783206701179,4.96145260771615,119.207300809545));
#7046=CARTESIAN_POINT('Ctrl Pts',(-0.600007220366403,3.98008629423701,118.95098198271));
#7047=CARTESIAN_POINT('Ctrl Pts',(-0.600007220366403,3.9826403205168,118.921349072349));
#7048=CARTESIAN_POINT('Ctrl Pts',(-0.600007220366403,3.98516626043956,118.892591575718));
#7049=CARTESIAN_POINT('Ctrl Pts',(-0.600007220366403,3.98768289698754,118.863826288347));
#7050=CARTESIAN_POINT('Origin',(305.399992779634,10.7983955391232,23.8064547011517));
#7051=CARTESIAN_POINT('',(-0.1000072203664,10.7983955391232,23.8064547011517));
#7052=CARTESIAN_POINT('',(-0.1000072203664,12.0436389117382,23.9153993795862));
#7053=CARTESIAN_POINT('',(305.399992779634,10.7983955391232,23.8064547011517));
#7054=CARTESIAN_POINT('Origin',(-0.1000072203664,12.0000610403643,24.4134967286321));
#7055=CARTESIAN_POINT('',(-0.600007220366406,10.7548176677494,24.3045520501975));
#7056=CARTESIAN_POINT('',(-0.600007220366406,12.0000610403643,24.4134967286321));
#7057=CARTESIAN_POINT('Origin',(-0.1000072203664,10.7548176677488,24.3045520501975));
#7058=CARTESIAN_POINT('Origin',(-0.600007220366406,15.3294596893041,0.700437591598835));
#7059=CARTESIAN_POINT('',(-0.600007220366403,2.47432800122037,118.950982031095));
#7060=CARTESIAN_POINT('',(-0.600007220366403,10.1347964763102,118.950982031095));
#7061=CARTESIAN_POINT('',(-0.600007220366403,2.43058366945741,119.450982031095));
#7062=CARTESIAN_POINT('Origin',(-0.100007220366403,10.1347964763102,118.950982031095));
#7063=CARTESIAN_POINT('',(-0.1000072203664,2.43058366945741,119.450982031095));
#7064=CARTESIAN_POINT('',(-0.100007220366403,10.1347964763102,119.450982031095));
#7065=CARTESIAN_POINT('Origin',(-0.100007220366403,2.47432800121957,118.950982031095));
#7066=CARTESIAN_POINT('Origin',(305.399992779634,13.6168493443126,20.2756634091016));
#7067=CARTESIAN_POINT('',(-0.1000072203664,11.1263625990827,20.0577740522324));
#7068=CARTESIAN_POINT('',(305.399992779634,11.1263625990827,20.0577740522324));
#7069=CARTESIAN_POINT('',(-0.1000072203664,12.6206546462209,20.188507666354));
#7070=CARTESIAN_POINT('',(-0.1000072203664,13.6168493443126,20.2756634091016));
#7071=CARTESIAN_POINT('',(19.0499927796336,12.6206546462208,20.188507666354));
#7072=CARTESIAN_POINT('',(228.212740186044,12.6206546462209,20.1885076663539));
#7073=CARTESIAN_POINT('',(19.0499927796336,11.2128562960453,20.0653412701831));
#7074=CARTESIAN_POINT('',(19.0499927796336,13.6168493443126,20.2756634091016));
#7075=CARTESIAN_POINT('',(23.8129927796336,11.2128562960453,20.0653412701831));
#7076=CARTESIAN_POINT('',(162.474992779634,11.2128562960453,20.0653412701831));
#7077=CARTESIAN_POINT('',(23.8129927796336,12.6206546462209,20.1885076663539));
#7078=CARTESIAN_POINT('',(23.8129927796336,12.4148528201789,20.1705023396423));
#7079=CARTESIAN_POINT('',(100.012992779634,12.6206546462208,20.188507666354));
#7080=CARTESIAN_POINT('',(228.212740186044,12.6206546462209,20.1885076663539));
#7081=CARTESIAN_POINT('',(100.012992779634,11.2128562960453,20.0653412701831));
#7082=CARTESIAN_POINT('',(100.012992779634,13.6168493443126,20.2756634091016));
#7083=CARTESIAN_POINT('',(104.775992779634,11.2128562960453,20.0653412701831));
#7084=CARTESIAN_POINT('',(202.956492779634,11.2128562960453,20.0653412701831));
#7085=CARTESIAN_POINT('',(104.775992779634,12.4148528201789,20.1705023396423));
#7086=CARTESIAN_POINT('Ctrl Pts',(104.775992779634,14.3294596893041,0.700437591598819));
#7087=CARTESIAN_POINT('Ctrl Pts',(104.683425452191,14.3294596893041,0.700437591598819));
#7088=CARTESIAN_POINT('Ctrl Pts',(104.466834950201,14.3230897066408,0.758647733079324));
#7089=CARTESIAN_POINT('Ctrl Pts',(104.309723219224,14.302638115758,0.965974902954166));
#7090=CARTESIAN_POINT('Ctrl Pts',(104.283647045879,14.2895498423006,1.11328440201981));
#7091=CARTESIAN_POINT('Ctrl Pts',(104.775992779634,14.6918449368867,0.368372692234904));
#7092=CARTESIAN_POINT('Ctrl Pts',(104.601795767197,14.6918449368867,0.368372692234904));
#7093=CARTESIAN_POINT('Ctrl Pts',(104.194692250305,14.6795606226771,0.499050317134238));
#7094=CARTESIAN_POINT('Ctrl Pts',(103.965146406027,14.6433525230488,0.89528706727634));
#7095=CARTESIAN_POINT('Ctrl Pts',(103.947762290464,14.6216050140475,1.14233546521281));
#7096=CARTESIAN_POINT('Ctrl Pts',(104.775992779634,15.0542301844692,0.0363077928709887));
#7097=CARTESIAN_POINT('Ctrl Pts',(104.520166082203,15.0542301844692,0.0363077928709887));
#7098=CARTESIAN_POINT('Ctrl Pts',(103.92254955041,15.0360315387134,0.23945290118915));
#7099=CARTESIAN_POINT('Ctrl Pts',(103.62056959283,14.9840669303396,0.824599231598513));
#7100=CARTESIAN_POINT('Ctrl Pts',(103.611877535049,14.9536601857943,1.17138652840582));
#7101=CARTESIAN_POINT('Ctrl Pts',(104.775992779634,15.4166154320518,-0.295757106492927));
#7102=CARTESIAN_POINT('Ctrl Pts',(104.438536397209,15.4166154320518,-0.295757106492927));
#7103=CARTESIAN_POINT('Ctrl Pts',(103.650406850514,15.3925024547498,-0.0201445147559371));
#7104=CARTESIAN_POINT('Ctrl Pts',(103.275992779634,15.3247813376304,0.753911395920687));
#7105=CARTESIAN_POINT('Ctrl Pts',(103.275992779634,15.2857153575412,1.20043759159882));
#7106=CARTESIAN_POINT('',(104.283647045879,14.2895498423006,1.11328440201981));
#7107=CARTESIAN_POINT('',(103.275992779634,15.2857153575412,1.20043759159882));
#7108=CARTESIAN_POINT('Ctrl Pts',(104.283647045879,14.2895498423006,1.11328440201981));
#7109=CARTESIAN_POINT('Ctrl Pts',(104.309723219224,14.302638115758,0.965974902954166));
#7110=CARTESIAN_POINT('Ctrl Pts',(104.466834950201,14.3230897066408,0.758647733079324));
#7111=CARTESIAN_POINT('Ctrl Pts',(104.683425452191,14.3294596893041,0.700437591598819));
#7112=CARTESIAN_POINT('Ctrl Pts',(104.775992779634,14.3294596893041,0.700437591598819));
#7113=CARTESIAN_POINT('Origin',(104.775992779634,13.1623298666405,19.7339881886819));
#7114=CARTESIAN_POINT('',(104.275992779634,12.6642325175947,19.6904103173081));
#7115=CARTESIAN_POINT('Origin',(104.775992779634,12.6642325175947,19.6904103173081));
#7116=CARTESIAN_POINT('',(104.275992779634,12.6642325175947,19.6904103173081));
#7117=CARTESIAN_POINT('Origin',(103.775992779634,12.5263102975745,27.0037251286858));
#7118=CARTESIAN_POINT('',(104.275992779634,14.2818955199978,1.20043759159882));
#7119=CARTESIAN_POINT('',(104.275992779634,14.2818955199978,1.20043759159882));
#7120=CARTESIAN_POINT('',(104.275992779634,12.0282129485287,26.960147257312));
#7121=CARTESIAN_POINT('Ctrl Pts',(103.275992779634,15.2780902180896,1.28759333434648));
#7122=CARTESIAN_POINT('Ctrl Pts',(103.275992779634,15.2806319312401,1.25854142009726));
#7123=CARTESIAN_POINT('Ctrl Pts',(103.275992779634,15.2831736443906,1.22948950584804));
#7124=CARTESIAN_POINT('Ctrl Pts',(103.275992779634,15.2857153575412,1.20043759159882));
#7125=CARTESIAN_POINT('Ctrl Pts',(103.609326112967,14.9460253187256,1.25854142009726));
#7126=CARTESIAN_POINT('Ctrl Pts',(103.609326112967,14.9485670318762,1.22948950584804));
#7127=CARTESIAN_POINT('Ctrl Pts',(103.610163517274,14.9511054026363,1.20043729917755));
#7128=CARTESIAN_POINT('Ctrl Pts',(103.611877535049,14.9536601857943,1.17138652840581));
#7129=CARTESIAN_POINT('Ctrl Pts',(103.9426594463,14.6139604193617,1.22948950584804));
#7130=CARTESIAN_POINT('Ctrl Pts',(103.9426594463,14.6165021325123,1.20043759159882));
#7131=CARTESIAN_POINT('Ctrl Pts',(103.944334254914,14.6190371608821,1.17138509250707));
#7132=CARTESIAN_POINT('Ctrl Pts',(103.947762290464,14.6216050140475,1.14233546521281));
#7133=CARTESIAN_POINT('Ctrl Pts',(104.275992779634,14.2818955199978,1.20043759159882));
#7134=CARTESIAN_POINT('Ctrl Pts',(104.275992779634,14.2844372331483,1.1713856773496));
#7135=CARTESIAN_POINT('Ctrl Pts',(104.278504992555,14.2869689191278,1.14233288583658));
#7136=CARTESIAN_POINT('Ctrl Pts',(104.283647045879,14.2895498423006,1.11328440201981));
#7137=CARTESIAN_POINT('Ctrl Pts',(104.275992779634,14.2818955199978,1.20043759159882));
#7138=CARTESIAN_POINT('Ctrl Pts',(104.275992779634,14.2844372331483,1.1713856773496));
#7139=CARTESIAN_POINT('Ctrl Pts',(104.278504992555,14.2869689191278,1.14233288583658));
#7140=CARTESIAN_POINT('Ctrl Pts',(104.283647045879,14.2895498423006,1.11328440201981));
#7141=CARTESIAN_POINT('Origin',(104.275992779634,12.9070658381929,0.700437591598819));
#7142=CARTESIAN_POINT('',(104.275992779634,11.2564341674191,19.5672439211372));
#7143=CARTESIAN_POINT('',(104.275992779634,12.4584306915527,19.6724049905965));
#7144=CARTESIAN_POINT('',(104.275992779634,12.8633215064299,1.20043759159882));
#7145=CARTESIAN_POINT('',(104.275992779634,12.9070658381929,0.700437591598819));
#7146=CARTESIAN_POINT('',(104.275992779634,14.1182627637485,1.20043759159882));
#7147=CARTESIAN_POINT('Origin',(104.775992779634,12.4584306915527,19.6724049905965));
#7148=CARTESIAN_POINT('Origin',(104.775992779634,11.2564341674191,19.5672439211372));
#7149=CARTESIAN_POINT('Origin',(228.212740186044,14.873037560678,0.202340242552948));
#7150=CARTESIAN_POINT('',(100.012992779634,14.3294596893041,0.700437591598819));
#7151=CARTESIAN_POINT('',(23.8129927796336,15.4166154320518,-0.295757106492926));
#7152=CARTESIAN_POINT('Ctrl Pts',(100.505338513388,14.2895498423006,1.11328440201981));
#7153=CARTESIAN_POINT('Ctrl Pts',(100.48578138338,14.2993660473937,1.00280227772058));
#7154=CARTESIAN_POINT('Ctrl Pts',(100.35515072955,14.3206701874126,0.780547215309043));
#7155=CARTESIAN_POINT('Ctrl Pts',(100.13641588289,14.3294596893041,0.700437591598819));
#7156=CARTESIAN_POINT('Ctrl Pts',(100.012992779634,14.3294596893041,0.700437591598819));
#7157=CARTESIAN_POINT('Ctrl Pts',(100.841223268803,14.6216050140475,1.14233546521281));
#7158=CARTESIAN_POINT('Ctrl Pts',(100.828185182131,14.6379156457985,0.957049166760455));
#7159=CARTESIAN_POINT('Ctrl Pts',(100.650342793402,14.674957049125,0.547832237550042));
#7160=CARTESIAN_POINT('Ctrl Pts',(100.245255462882,14.6918449368867,0.368372692234904));
#7161=CARTESIAN_POINT('Ctrl Pts',(100.012992779634,14.6918449368867,0.368372692234904));
#7162=CARTESIAN_POINT('Ctrl Pts',(101.177108024218,14.9536601857943,1.17138652840581));
#7163=CARTESIAN_POINT('Ctrl Pts',(101.170588980882,14.9764652442033,0.911296055800334));
#7164=CARTESIAN_POINT('Ctrl Pts',(100.945534857255,15.0292439108375,0.31511725979104));
#7165=CARTESIAN_POINT('Ctrl Pts',(100.354095042874,15.0542301844692,0.0363077928709887));
#7166=CARTESIAN_POINT('Ctrl Pts',(100.012992779634,15.0542301844692,0.0363077928709887));
#7167=CARTESIAN_POINT('Ctrl Pts',(101.512992779634,15.2857153575412,1.20043759159882));
#7168=CARTESIAN_POINT('Ctrl Pts',(101.512992779634,15.3150148426081,0.865542944840213));
#7169=CARTESIAN_POINT('Ctrl Pts',(101.240726921108,15.3835307725499,0.0824022820320394));
#7170=CARTESIAN_POINT('Ctrl Pts',(100.462934622867,15.4166154320518,-0.295757106492927));
#7171=CARTESIAN_POINT('Ctrl Pts',(100.012992779634,15.4166154320518,-0.295757106492927));
#7172=CARTESIAN_POINT('',(100.505338513388,14.2895498423006,1.11328440201981));
#7173=CARTESIAN_POINT('Ctrl Pts',(100.012992779634,14.3294596893041,0.700437591598819));
#7174=CARTESIAN_POINT('Ctrl Pts',(100.13641588289,14.3294596893041,0.700437591598819));
#7175=CARTESIAN_POINT('Ctrl Pts',(100.35515072955,14.3206701874126,0.780547215309043));
#7176=CARTESIAN_POINT('Ctrl Pts',(100.48578138338,14.2993660473937,1.00280227772058));
#7177=CARTESIAN_POINT('Ctrl Pts',(100.505338513388,14.2895498423006,1.11328440201981));
#7178=CARTESIAN_POINT('',(100.505338513388,14.2895498423006,1.11328440201981));
#7179=CARTESIAN_POINT('Ctrl Pts',(23.8129927796336,14.3294596893041,0.700437591598819));
#7180=CARTESIAN_POINT('Ctrl Pts',(23.7204254521915,14.3294596893041,0.700437591598819));
#7181=CARTESIAN_POINT('Ctrl Pts',(23.5038749644701,14.3230992359369,0.758561739134244));
#7182=CARTESIAN_POINT('Ctrl Pts',(23.3467232192237,14.302638115758,0.965974902954164));
#7183=CARTESIAN_POINT('Ctrl Pts',(23.3206470458791,14.2895498423006,1.11328440201981));
#7184=CARTESIAN_POINT('Ctrl Pts',(23.8129927796336,14.6918449368867,0.368372692234904));
#7185=CARTESIAN_POINT('Ctrl Pts',(23.6387957671972,14.6918449368867,0.368372692234904));
#7186=CARTESIAN_POINT('Ctrl Pts',(23.2316098775643,14.6795780231013,0.498866713648206));
#7187=CARTESIAN_POINT('Ctrl Pts',(23.002146406027,14.6433525230488,0.895287067276333));
#7188=CARTESIAN_POINT('Ctrl Pts',(22.984762290464,14.6216050140475,1.14233546521281));
#7189=CARTESIAN_POINT('Ctrl Pts',(23.8129927796336,15.0542301844692,0.0363077928709885));
#7190=CARTESIAN_POINT('Ctrl Pts',(23.557166082203,15.0542301844692,0.0363077928709885));
#7191=CARTESIAN_POINT('Ctrl Pts',(22.9593447906585,15.0360568102656,0.239171688162169));
#7192=CARTESIAN_POINT('Ctrl Pts',(22.6575695928303,14.9840669303396,0.824599231598501));
#7193=CARTESIAN_POINT('Ctrl Pts',(22.6488775350488,14.9536601857943,1.17138652840581));
#7194=CARTESIAN_POINT('Ctrl Pts',(23.8129927796336,15.4166154320518,-0.295757106492927));
#7195=CARTESIAN_POINT('Ctrl Pts',(23.4755363972087,15.4166154320518,-0.295757106492927));
#7196=CARTESIAN_POINT('Ctrl Pts',(22.6870797037528,15.39253559743,-0.0205233373238686));
#7197=CARTESIAN_POINT('Ctrl Pts',(22.3129927796336,15.3247813376304,0.75391139592067));
#7198=CARTESIAN_POINT('Ctrl Pts',(22.3129927796336,15.2857153575412,1.20043759159882));
#7199=CARTESIAN_POINT('',(23.3206470458791,14.2895498423006,1.11328440201981));
#7200=CARTESIAN_POINT('',(22.3129927796336,15.2857153575412,1.20043759159882));
#7201=CARTESIAN_POINT('Ctrl Pts',(23.3206470458791,14.2895498423006,1.11328440201981));
#7202=CARTESIAN_POINT('Ctrl Pts',(23.3467232192237,14.302638115758,0.965974902954164));
#7203=CARTESIAN_POINT('Ctrl Pts',(23.5038749644701,14.3230992359369,0.758561739134244));
#7204=CARTESIAN_POINT('Ctrl Pts',(23.7204254521915,14.3294596893041,0.700437591598819));
#7205=CARTESIAN_POINT('Ctrl Pts',(23.8129927796336,14.3294596893041,0.700437591598819));
#7206=CARTESIAN_POINT('Origin',(101.012992779634,12.5355106989965,26.8985640592266));
#7207=CARTESIAN_POINT('',(100.512992779634,14.2818955199978,1.20043759159882));
#7208=CARTESIAN_POINT('',(101.512992779634,15.2780902180896,1.28759333434648));
#7209=CARTESIAN_POINT('',(100.512992779634,12.6642325175947,19.6904103173081));
#7210=CARTESIAN_POINT('',(100.512992779634,12.0374133499506,26.8549861878527));
#7211=CARTESIAN_POINT('',(100.512992779634,12.6642325175947,19.6904103173081));
#7212=CARTESIAN_POINT('Origin',(100.012992779634,13.1623298666405,19.7339881886819));
#7213=CARTESIAN_POINT('Origin',(100.012992779634,12.6642325175947,19.6904103173081));
#7214=CARTESIAN_POINT('',(100.012992779634,12.6206546462208,20.188507666354));
#7215=CARTESIAN_POINT('Origin',(228.212740186044,13.0751741238929,20.7301828867736));
#7216=CARTESIAN_POINT('',(23.8129927796336,12.6206546462209,20.1885076663539));
#7217=CARTESIAN_POINT('Origin',(23.8129927796336,13.1623298666405,19.7339881886819));
#7218=CARTESIAN_POINT('',(23.3129927796336,12.6642325175947,19.6904103173081));
#7219=CARTESIAN_POINT('Origin',(23.8129927796336,12.6642325175947,19.6904103173081));
#7220=CARTESIAN_POINT('',(23.3129927796336,12.6642325175947,19.6904103173081));
#7221=CARTESIAN_POINT('Origin',(22.8129927796336,12.5263102975745,27.0037251286858));
#7222=CARTESIAN_POINT('',(23.3129927796336,14.2818955199978,1.20043759159882));
#7223=CARTESIAN_POINT('',(23.3129927796336,14.2818955199978,1.20043759159882));
#7224=CARTESIAN_POINT('',(23.3129927796336,12.0282129485287,26.960147257312));
#7225=CARTESIAN_POINT('Ctrl Pts',(101.512992779634,15.2857153575412,1.20043759159882));
#7226=CARTESIAN_POINT('Ctrl Pts',(101.512992779634,15.2831736443906,1.22948950584804));
#7227=CARTESIAN_POINT('Ctrl Pts',(101.512992779634,15.2806319312401,1.25854142009726));
#7228=CARTESIAN_POINT('Ctrl Pts',(101.512992779634,15.2780902180896,1.28759333434648));
#7229=CARTESIAN_POINT('Ctrl Pts',(101.177108024218,14.9536601857943,1.17138652840581));
#7230=CARTESIAN_POINT('Ctrl Pts',(101.178822041993,14.9511054026363,1.20043729917755));
#7231=CARTESIAN_POINT('Ctrl Pts',(101.1796594463,14.9485670318762,1.22948950584804));
#7232=CARTESIAN_POINT('Ctrl Pts',(101.1796594463,14.9460253187256,1.25854142009726));
#7233=CARTESIAN_POINT('Ctrl Pts',(100.841223268803,14.6216050140475,1.14233546521281));
#7234=CARTESIAN_POINT('Ctrl Pts',(100.844651304353,14.6190371608821,1.17138509250707));
#7235=CARTESIAN_POINT('Ctrl Pts',(100.846326112967,14.6165021325123,1.20043759159882));
#7236=CARTESIAN_POINT('Ctrl Pts',(100.846326112967,14.6139604193617,1.22948950584804));
#7237=CARTESIAN_POINT('Ctrl Pts',(100.505338513388,14.2895498423006,1.11328440201981));
#7238=CARTESIAN_POINT('Ctrl Pts',(100.510480566713,14.2869689191278,1.14233288583658));
#7239=CARTESIAN_POINT('Ctrl Pts',(100.512992779634,14.2844372331483,1.1713856773496));
#7240=CARTESIAN_POINT('Ctrl Pts',(100.512992779634,14.2818955199978,1.20043759159882));
#7241=CARTESIAN_POINT('Ctrl Pts',(100.505338513388,14.2895498423006,1.11328440201981));
#7242=CARTESIAN_POINT('Ctrl Pts',(100.510480566713,14.2869689191278,1.14233288583658));
#7243=CARTESIAN_POINT('Ctrl Pts',(100.512992779634,14.2844372331483,1.1713856773496));
#7244=CARTESIAN_POINT('Ctrl Pts',(100.512992779634,14.2818955199978,1.20043759159882));
#7245=CARTESIAN_POINT('Ctrl Pts',(22.3129927796336,15.2780902180896,1.28759333434648));
#7246=CARTESIAN_POINT('Ctrl Pts',(22.3129927796336,15.2806319312401,1.25854142009725));
#7247=CARTESIAN_POINT('Ctrl Pts',(22.3129927796336,15.2831736443906,1.22948950584804));
#7248=CARTESIAN_POINT('Ctrl Pts',(22.3129927796336,15.2857153575412,1.20043759159882));
#7249=CARTESIAN_POINT('Ctrl Pts',(22.6463261129669,14.9460253187256,1.25854142009726));
#7250=CARTESIAN_POINT('Ctrl Pts',(22.6463261129669,14.9485670318762,1.22948950584804));
#7251=CARTESIAN_POINT('Ctrl Pts',(22.6471635172739,14.9511054026363,1.20043729917755));
#7252=CARTESIAN_POINT('Ctrl Pts',(22.6488775350488,14.9536601857943,1.17138652840581));
#7253=CARTESIAN_POINT('Ctrl Pts',(22.9796594463003,14.6139604193617,1.22948950584804));
#7254=CARTESIAN_POINT('Ctrl Pts',(22.9796594463003,14.6165021325123,1.20043759159882));
#7255=CARTESIAN_POINT('Ctrl Pts',(22.9813342549143,14.6190371608821,1.17138509250706));
#7256=CARTESIAN_POINT('Ctrl Pts',(22.984762290464,14.6216050140475,1.14233546521281));
#7257=CARTESIAN_POINT('Ctrl Pts',(23.3129927796336,14.2818955199978,1.20043759159882));
#7258=CARTESIAN_POINT('Ctrl Pts',(23.3129927796336,14.2844372331483,1.1713856773496));
#7259=CARTESIAN_POINT('Ctrl Pts',(23.3155049925546,14.2869689191278,1.14233288583658));
#7260=CARTESIAN_POINT('Ctrl Pts',(23.3206470458791,14.2895498423006,1.11328440201981));
#7261=CARTESIAN_POINT('Ctrl Pts',(23.3129927796336,14.2818955199978,1.20043759159882));
#7262=CARTESIAN_POINT('Ctrl Pts',(23.3129927796336,14.2844372331483,1.1713856773496));
#7263=CARTESIAN_POINT('Ctrl Pts',(23.3155049925546,14.2869689191278,1.14233288583658));
#7264=CARTESIAN_POINT('Ctrl Pts',(23.3206470458791,14.2895498423006,1.11328440201981));
#7265=CARTESIAN_POINT('Origin',(23.3129927796336,12.9070658381929,0.700437591598819));
#7266=CARTESIAN_POINT('',(23.3129927796336,11.2564341674191,19.5672439211372));
#7267=CARTESIAN_POINT('',(23.3129927796336,12.4584306915527,19.6724049905965));
#7268=CARTESIAN_POINT('',(23.3129927796336,12.8633215064299,1.20043759159882));
#7269=CARTESIAN_POINT('',(23.3129927796336,12.9070658381929,0.700437591598819));
#7270=CARTESIAN_POINT('',(23.3129927796336,14.1182627637485,1.20043759159882));
#7271=CARTESIAN_POINT('Origin',(23.8129927796336,12.4584306915527,19.6724049905965));
#7272=CARTESIAN_POINT('Origin',(23.8129927796336,11.2564341674191,19.5672439211372));
#7273=CARTESIAN_POINT('Origin',(100.012992779634,13.6604272156864,19.7775660600557));
#7274=CARTESIAN_POINT('',(100.512992779634,11.2564341674191,19.5672439211372));
#7275=CARTESIAN_POINT('',(100.512992779634,13.6604272156864,19.7775660600557));
#7276=CARTESIAN_POINT('Origin',(100.012992779634,11.2564341674191,19.5672439211372));
#7277=CARTESIAN_POINT('Origin',(100.512992779634,15.3294596893041,0.700437591598819));
#7278=CARTESIAN_POINT('',(100.512992779634,12.8633215064299,1.20043759159882));
#7279=CARTESIAN_POINT('',(100.512992779634,15.3294596893041,1.20043759159882));
#7280=CARTESIAN_POINT('',(100.512992779634,12.9070658381929,0.700437591598819));
#7281=CARTESIAN_POINT('Origin',(228.212740186044,14.873037560678,0.202340242552949));
#7282=CARTESIAN_POINT('',(19.0499927796336,14.3294596893041,0.700437591598819));
#7283=CARTESIAN_POINT('',(-0.1000072203664,15.4166154320518,-0.295757106492926));
#7284=CARTESIAN_POINT('Ctrl Pts',(19.542338513388,14.2895498423006,1.11328440201981));
#7285=CARTESIAN_POINT('Ctrl Pts',(19.5227813833796,14.2993660473937,1.00280227772057));
#7286=CARTESIAN_POINT('Ctrl Pts',(19.3921174000156,14.3206817059746,0.780415674327774));
#7287=CARTESIAN_POINT('Ctrl Pts',(19.1734158828897,14.3294596893041,0.700437591598818));
#7288=CARTESIAN_POINT('Ctrl Pts',(19.0499927796336,14.3294596893041,0.700437591598818));
#7289=CARTESIAN_POINT('Ctrl Pts',(19.8782232688032,14.6216050140475,1.14233546521281));
#7290=CARTESIAN_POINT('Ctrl Pts',(19.8651851821309,14.6379156457985,0.957049166760453));
#7291=CARTESIAN_POINT('Ctrl Pts',(19.6874557550515,14.6749742379027,0.54763584677987));
#7292=CARTESIAN_POINT('Ctrl Pts',(19.2822554628821,14.6918449368867,0.368372692234903));
#7293=CARTESIAN_POINT('Ctrl Pts',(19.0499927796336,14.6918449368867,0.368372692234903));
#7294=CARTESIAN_POINT('Ctrl Pts',(20.2141080242184,14.9536601857943,1.17138652840581));
#7295=CARTESIAN_POINT('Ctrl Pts',(20.2075889808823,14.9764652442033,0.91129605580033));
#7296=CARTESIAN_POINT('Ctrl Pts',(19.9827941100873,15.0292667698307,0.314856019231965));
#7297=CARTESIAN_POINT('Ctrl Pts',(19.3910950428744,15.0542301844692,0.0363077928709885));
#7298=CARTESIAN_POINT('Ctrl Pts',(19.0499927796336,15.0542301844692,0.0363077928709885));
#7299=CARTESIAN_POINT('Ctrl Pts',(20.5499927796336,15.2857153575412,1.20043759159882));
#7300=CARTESIAN_POINT('Ctrl Pts',(20.5499927796336,15.3150148426081,0.865542944840207));
#7301=CARTESIAN_POINT('Ctrl Pts',(20.2781324651232,15.3835593017587,0.0820761916840618));
#7302=CARTESIAN_POINT('Ctrl Pts',(19.4999346228668,15.4166154320518,-0.295757106492927));
#7303=CARTESIAN_POINT('Ctrl Pts',(19.0499927796336,15.4166154320518,-0.295757106492927));
#7304=CARTESIAN_POINT('',(19.542338513388,14.2895498423006,1.11328440201981));
#7305=CARTESIAN_POINT('Ctrl Pts',(19.0499927796336,14.3294596893041,0.700437591598818));
#7306=CARTESIAN_POINT('Ctrl Pts',(19.1734158828897,14.3294596893041,0.700437591598818));
#7307=CARTESIAN_POINT('Ctrl Pts',(19.3921174000156,14.3206817059746,0.780415674327774));
#7308=CARTESIAN_POINT('Ctrl Pts',(19.5227813833796,14.2993660473937,1.00280227772057));
#7309=CARTESIAN_POINT('Ctrl Pts',(19.542338513388,14.2895498423006,1.11328440201981));
#7310=CARTESIAN_POINT('',(19.542338513388,14.2895498423006,1.11328440201981));
#7311=CARTESIAN_POINT('Ctrl Pts',(-0.1000072203664,14.3294596893041,0.700437591598818));
#7312=CARTESIAN_POINT('Ctrl Pts',(-0.192574547808505,14.3294596893041,0.700437591598818));
#7313=CARTESIAN_POINT('Ctrl Pts',(-0.409090564260602,14.3231074451819,0.758487657549847));
#7314=CARTESIAN_POINT('Ctrl Pts',(-0.566276780776246,14.302638115758,0.965974902954168));
#7315=CARTESIAN_POINT('Ctrl Pts',(-0.592352954120848,14.2895498423006,1.11328440201981));
#7316=CARTESIAN_POINT('Ctrl Pts',(-0.1000072203664,14.6918449368867,0.368372692234903));
#7317=CARTESIAN_POINT('Ctrl Pts',(-0.274204232802775,14.6918449368867,0.368372692234903));
#7318=CARTESIAN_POINT('Ctrl Pts',(-0.681461084445449,14.6795930131217,0.498708543940639));
#7319=CARTESIAN_POINT('Ctrl Pts',(-0.910853593972967,14.6433525230488,0.895287067276341));
#7320=CARTESIAN_POINT('Ctrl Pts',(-0.928237709536034,14.6216050140475,1.14233546521282));
#7321=CARTESIAN_POINT('Ctrl Pts',(-0.1000072203664,15.0542301844692,0.0363077928709884));
#7322=CARTESIAN_POINT('Ctrl Pts',(-0.355833917797045,15.0542301844692,0.0363077928709884));
#7323=CARTESIAN_POINT('Ctrl Pts',(-0.953831604630295,15.0360785810615,0.238929430331434));
#7324=CARTESIAN_POINT('Ctrl Pts',(-1.25543040716969,14.9840669303396,0.824599231598512));
#7325=CARTESIAN_POINT('Ctrl Pts',(-1.26412246495122,14.9536601857943,1.17138652840583));
#7326=CARTESIAN_POINT('Ctrl Pts',(-0.1000072203664,15.4166154320518,-0.295757106492927));
#7327=CARTESIAN_POINT('Ctrl Pts',(-0.437463602791316,15.4166154320518,-0.295757106492927));
#7328=CARTESIAN_POINT('Ctrl Pts',(-1.22620212481514,15.3925641490013,-0.020849683277774));
#7329=CARTESIAN_POINT('Ctrl Pts',(-1.60000722036641,15.3247813376304,0.753911395920685));
#7330=CARTESIAN_POINT('Ctrl Pts',(-1.6000072203664,15.2857153575412,1.20043759159883));
#7331=CARTESIAN_POINT('',(-0.592352954120848,14.2895498423006,1.11328440201981));
#7332=CARTESIAN_POINT('',(-1.6000072203664,15.2857153575412,1.20043759159883));
#7333=CARTESIAN_POINT('Ctrl Pts',(-0.592352954120848,14.2895498423006,1.11328440201981));
#7334=CARTESIAN_POINT('Ctrl Pts',(-0.566276780776246,14.302638115758,0.965974902954168));
#7335=CARTESIAN_POINT('Ctrl Pts',(-0.409090564260602,14.3231074451819,0.758487657549847));
#7336=CARTESIAN_POINT('Ctrl Pts',(-0.192574547808505,14.3294596893041,0.700437591598818));
#7337=CARTESIAN_POINT('Ctrl Pts',(-0.1000072203664,14.3294596893041,0.700437591598818));
#7338=CARTESIAN_POINT('Origin',(20.0499927796336,12.5355106989965,26.8985640592266));
#7339=CARTESIAN_POINT('',(19.5499927796336,14.2818955199978,1.20043759159882));
#7340=CARTESIAN_POINT('',(20.5499927796336,15.2780902180896,1.28759333434648));
#7341=CARTESIAN_POINT('',(19.5499927796336,12.6642325175947,19.6904103173081));
#7342=CARTESIAN_POINT('',(19.5499927796336,12.0374133499506,26.8549861878527));
#7343=CARTESIAN_POINT('',(19.5499927796336,12.6642325175947,19.6904103173081));
#7344=CARTESIAN_POINT('Origin',(19.0499927796336,13.1623298666405,19.7339881886819));
#7345=CARTESIAN_POINT('Origin',(19.0499927796336,12.6642325175947,19.6904103173081));
#7346=CARTESIAN_POINT('',(19.0499927796336,12.6206546462208,20.188507666354));
#7347=CARTESIAN_POINT('Origin',(228.212740186044,13.0751741238929,20.7301828867736));
#7348=CARTESIAN_POINT('',(-0.1000072203664,12.6206546462209,20.188507666354));
#7349=CARTESIAN_POINT('Origin',(-0.1000072203664,13.1623298666405,19.7339881886819));
#7350=CARTESIAN_POINT('',(-0.600007220366406,12.6642325175947,19.6904103173081));
#7351=CARTESIAN_POINT('Origin',(-0.1000072203664,12.6642325175947,19.6904103173081));
#7352=CARTESIAN_POINT('',(-0.600007220366406,12.6642325175947,19.6904103173081));
#7353=CARTESIAN_POINT('Origin',(-1.1000072203664,12.5355106989965,26.8985640592266));
#7354=CARTESIAN_POINT('',(-0.600007220366406,14.2818955199978,1.20043759159882));
#7355=CARTESIAN_POINT('',(-0.600007220366406,14.2818955199978,1.20043759159882));
#7356=CARTESIAN_POINT('',(-0.600007220366406,12.0374133499506,26.8549861878528));
#7357=CARTESIAN_POINT('Ctrl Pts',(20.5499927796336,15.2857153575412,1.20043759159882));
#7358=CARTESIAN_POINT('Ctrl Pts',(20.5499927796336,15.2831736443906,1.22948950584804));
#7359=CARTESIAN_POINT('Ctrl Pts',(20.5499927796336,15.2806319312401,1.25854142009725));
#7360=CARTESIAN_POINT('Ctrl Pts',(20.5499927796336,15.2780902180896,1.28759333434648));
#7361=CARTESIAN_POINT('Ctrl Pts',(20.2141080242184,14.9536601857943,1.17138652840581));
#7362=CARTESIAN_POINT('Ctrl Pts',(20.2158220419932,14.9511054026363,1.20043729917755));
#7363=CARTESIAN_POINT('Ctrl Pts',(20.2166594463003,14.9485670318762,1.22948950584804));
#7364=CARTESIAN_POINT('Ctrl Pts',(20.2166594463003,14.9460253187256,1.25854142009726));
#7365=CARTESIAN_POINT('Ctrl Pts',(19.8782232688032,14.6216050140475,1.14233546521281));
#7366=CARTESIAN_POINT('Ctrl Pts',(19.8816513043529,14.6190371608821,1.17138509250706));
#7367=CARTESIAN_POINT('Ctrl Pts',(19.8833261129669,14.6165021325123,1.20043759159882));
#7368=CARTESIAN_POINT('Ctrl Pts',(19.8833261129669,14.6139604193617,1.22948950584804));
#7369=CARTESIAN_POINT('Ctrl Pts',(19.542338513388,14.2895498423006,1.11328440201981));
#7370=CARTESIAN_POINT('Ctrl Pts',(19.5474805667126,14.2869689191278,1.14233288583658));
#7371=CARTESIAN_POINT('Ctrl Pts',(19.5499927796336,14.2844372331483,1.1713856773496));
#7372=CARTESIAN_POINT('Ctrl Pts',(19.5499927796336,14.2818955199978,1.20043759159882));
#7373=CARTESIAN_POINT('Ctrl Pts',(19.542338513388,14.2895498423006,1.11328440201981));
#7374=CARTESIAN_POINT('Ctrl Pts',(19.5474805667126,14.2869689191278,1.14233288583658));
#7375=CARTESIAN_POINT('Ctrl Pts',(19.5499927796336,14.2844372331483,1.1713856773496));
#7376=CARTESIAN_POINT('Ctrl Pts',(19.5499927796336,14.2818955199978,1.20043759159882));
#7377=CARTESIAN_POINT('Ctrl Pts',(-1.6000072203664,15.2780902180896,1.28759333434649));
#7378=CARTESIAN_POINT('Ctrl Pts',(-1.6000072203664,15.2806319312401,1.25854142009727));
#7379=CARTESIAN_POINT('Ctrl Pts',(-1.6000072203664,15.2831736443906,1.22948950584806));
#7380=CARTESIAN_POINT('Ctrl Pts',(-1.6000072203664,15.2857153575412,1.20043759159884));
#7381=CARTESIAN_POINT('Ctrl Pts',(-1.26667388703307,14.9460253187256,1.25854142009727));
#7382=CARTESIAN_POINT('Ctrl Pts',(-1.26667388703307,14.9485670318762,1.22948950584805));
#7383=CARTESIAN_POINT('Ctrl Pts',(-1.26583648272606,14.9511054026363,1.20043729917757));
#7384=CARTESIAN_POINT('Ctrl Pts',(-1.26412246495122,14.9536601857943,1.17138652840584));
#7385=CARTESIAN_POINT('Ctrl Pts',(-0.933340553699735,14.6139604193617,1.22948950584805));
#7386=CARTESIAN_POINT('Ctrl Pts',(-0.933340553699735,14.6165021325123,1.20043759159883));
#7387=CARTESIAN_POINT('Ctrl Pts',(-0.931665745085716,14.6190371608821,1.17138509250709));
#7388=CARTESIAN_POINT('Ctrl Pts',(-0.928237709536036,14.6216050140475,1.14233546521283));
#7389=CARTESIAN_POINT('Ctrl Pts',(-0.6000072203664,14.2818955199978,1.20043759159883));
#7390=CARTESIAN_POINT('Ctrl Pts',(-0.600007220366401,14.2844372331483,1.17138567734961));
#7391=CARTESIAN_POINT('Ctrl Pts',(-0.597495007445371,14.2869689191278,1.1423328858366));
#7392=CARTESIAN_POINT('Ctrl Pts',(-0.592352954120852,14.2895498423006,1.11328440201983));
#7393=CARTESIAN_POINT('Ctrl Pts',(-0.6000072203664,14.2818955199978,1.20043759159883));
#7394=CARTESIAN_POINT('Ctrl Pts',(-0.600007220366401,14.2844372331483,1.17138567734961));
#7395=CARTESIAN_POINT('Ctrl Pts',(-0.597495007445371,14.2869689191278,1.1423328858366));
#7396=CARTESIAN_POINT('Ctrl Pts',(-0.592352954120852,14.2895498423006,1.11328440201983));
#7397=CARTESIAN_POINT('Origin',(-0.600007220366406,15.3294596893041,0.700437591598835));
#7398=CARTESIAN_POINT('',(-0.600007220366406,11.1699404704565,19.5596767031866));
#7399=CARTESIAN_POINT('',(-0.600007220366406,13.6604272156864,19.7775660600557));
#7400=CARTESIAN_POINT('',(-0.600007220366406,12.7761657636822,1.20043759159882));
#7401=CARTESIAN_POINT('',(-0.600007220366403,2.43058366945741,119.450982031095));
#7402=CARTESIAN_POINT('',(-0.600007220366406,15.3294596893041,1.20043759159882));
#7403=CARTESIAN_POINT('Origin',(-0.1000072203664,13.6604272156864,19.7775660600557));
#7404=CARTESIAN_POINT('Origin',(-0.1000072203664,11.1699404704559,19.5596767031865));
#7405=CARTESIAN_POINT('Origin',(19.0499927796336,13.6604272156864,19.7775660600557));
#7406=CARTESIAN_POINT('',(19.5499927796336,11.2564341674191,19.5672439211372));
#7407=CARTESIAN_POINT('',(19.5499927796336,13.6604272156864,19.7775660600557));
#7408=CARTESIAN_POINT('Origin',(19.0499927796336,11.2564341674191,19.5672439211372));
#7409=CARTESIAN_POINT('Origin',(19.5499927796336,15.3294596893041,0.700437591598818));
#7410=CARTESIAN_POINT('',(19.5499927796336,12.8633215064299,1.20043759159882));
#7411=CARTESIAN_POINT('',(19.5499927796336,15.3294596893041,1.20043759159882));
#7412=CARTESIAN_POINT('',(19.5499927796336,12.9070658381929,0.700437591598818));
#7413=CARTESIAN_POINT('Ctrl Pts',(-10.3064296842616,3.32687873688834,126.421785396291));
#7414=CARTESIAN_POINT('Ctrl Pts',(-10.467797647701,3.36715099365722,125.958961820971));
#7415=CARTESIAN_POINT('Ctrl Pts',(-10.6000055666999,3.41812119623955,125.37403946856));
#7416=CARTESIAN_POINT('Ctrl Pts',(-10.6000055591086,3.47825151984661,124.686656433269));
#7417=CARTESIAN_POINT('Ctrl Pts',(-9.98406240688003,3.66903995951039,126.333791475591));
#7418=CARTESIAN_POINT('Ctrl Pts',(-10.1371832497894,3.70677982846416,125.90074975015));
#7419=CARTESIAN_POINT('Ctrl Pts',(-10.2634538242271,3.75437172812088,125.355218333877));
#7420=CARTESIAN_POINT('Ctrl Pts',(-10.266480414318,3.81078596985531,124.710340405912));
#7421=CARTESIAN_POINT('Ctrl Pts',(-9.66169512949851,4.01120118213244,126.245797554892));
#7422=CARTESIAN_POINT('Ctrl Pts',(-9.8065688518777,4.0464086632711,125.842537679328));
#7423=CARTESIAN_POINT('Ctrl Pts',(-9.92690208175433,4.09062226000221,125.336397199194));
#7424=CARTESIAN_POINT('Ctrl Pts',(-9.9329552695273,4.143320419864,124.734024378555));
#7425=CARTESIAN_POINT('Ctrl Pts',(-9.33932785211698,4.35336240475448,126.157803634193));
#7426=CARTESIAN_POINT('Ctrl Pts',(-9.47595445396604,4.38603749807803,125.784325608507));
#7427=CARTESIAN_POINT('Ctrl Pts',(-9.59035033928154,4.42687279188354,125.317576064512));
#7428=CARTESIAN_POINT('Ctrl Pts',(-9.59943012473664,4.4758548698727,124.757708351198));
#7429=CARTESIAN_POINT('Ctrl Pts',(-9.33932785211698,4.35336240475448,126.157803634193));
#7430=CARTESIAN_POINT('Ctrl Pts',(-9.66169512949851,4.01120118213244,126.245797554892));
#7431=CARTESIAN_POINT('Ctrl Pts',(-9.98406240688003,3.66903995951039,126.333791475591));
#7432=CARTESIAN_POINT('Ctrl Pts',(-10.3064296842616,3.32687873688834,126.421785396291));
#7433=CARTESIAN_POINT('',(-9.59943012473665,4.4758548698727,124.757708351198));
#7434=CARTESIAN_POINT('Ctrl Pts',(-9.58162362614173,3.20769359874572,127.794762358846));
#7435=CARTESIAN_POINT('Ctrl Pts',(-9.80402505767788,3.23384544914805,127.492892071974));
#7436=CARTESIAN_POINT('Ctrl Pts',(-10.0360638001183,3.26697613070651,127.110805566722));
#7437=CARTESIAN_POINT('Ctrl Pts',(-10.2415964445194,3.31152165346377,126.598358512976));
#7438=CARTESIAN_POINT('Ctrl Pts',(-10.260402853364,3.31577723314536,126.549414319908));
#7439=CARTESIAN_POINT('Ctrl Pts',(-10.2881430324272,3.32237194439819,126.473585616452));
#7440=CARTESIAN_POINT('Ctrl Pts',(-10.2973319541411,3.32460823588173,126.447878828294));
#7441=CARTESIAN_POINT('Ctrl Pts',(-10.3064296842616,3.32687873688834,126.421785396291));
#7442=CARTESIAN_POINT('Ctrl Pts',(-9.30163643071542,3.55771499697112,127.613364686601));
#7443=CARTESIAN_POINT('Ctrl Pts',(-9.51055248963503,3.5821560987665,127.332028852006));
#7444=CARTESIAN_POINT('Ctrl Pts',(-9.72875215982828,3.61310940712799,126.975965023601));
#7445=CARTESIAN_POINT('Ctrl Pts',(-9.92278722958265,3.65470087890795,126.498382108994));
#7446=CARTESIAN_POINT('Ctrl Pts',(-9.94055474365286,3.65867458736636,126.452760068722));
#7447=CARTESIAN_POINT('Ctrl Pts',(-9.96677550743482,3.66483192041043,126.382081255174));
#7448=CARTESIAN_POINT('Ctrl Pts',(-9.97546233831212,3.66692001528691,126.358116790819));
#7449=CARTESIAN_POINT('Ctrl Pts',(-9.98406240688004,3.66903995951039,126.333791475591));
#7450=CARTESIAN_POINT('Ctrl Pts',(-9.02164923528912,3.90773639519652,127.431967014355));
#7451=CARTESIAN_POINT('Ctrl Pts',(-9.21704488274142,3.93046406865812,127.171208011745));
#7452=CARTESIAN_POINT('Ctrl Pts',(-9.42141514221155,3.95923961158216,126.84116686376));
#7453=CARTESIAN_POINT('Ctrl Pts',(-9.60398102349648,3.99788044675367,126.398400914763));
#7454=CARTESIAN_POINT('Ctrl Pts',(-9.62070405052914,4.00157166061976,126.356109797241));
#7455=CARTESIAN_POINT('Ctrl Pts',(-9.6454090785581,4.00729201655632,126.290575195591));
#7456=CARTESIAN_POINT('Ctrl Pts',(-9.65359188618338,4.00923170362754,126.268356042083));
#7457=CARTESIAN_POINT('Ctrl Pts',(-9.66169512949851,4.01120118213244,126.245797554892));
#7458=CARTESIAN_POINT('Ctrl Pts',(-8.74166203986281,4.25775779342191,127.250569342109));
#7459=CARTESIAN_POINT('Ctrl Pts',(-8.92357231469857,4.27877471827657,127.010344791777));
#7460=CARTESIAN_POINT('Ctrl Pts',(-9.11410350192151,4.30537288800364,126.706326320639));
#7461=CARTESIAN_POINT('Ctrl Pts',(-9.2851718085597,4.34105967219785,126.298424510782));
#7462=CARTESIAN_POINT('Ctrl Pts',(-9.30085594081799,4.34446901484076,126.259455546055));
#7463=CARTESIAN_POINT('Ctrl Pts',(-9.32404155356572,4.34975199256856,126.199070834312));
#7464=CARTESIAN_POINT('Ctrl Pts',(-9.33172227035436,4.35154348303272,126.178594004607));
#7465=CARTESIAN_POINT('Ctrl Pts',(-9.33932785211699,4.35336240475448,126.157803634193));
#7466=CARTESIAN_POINT('Ctrl Pts',(-8.74166203986281,4.25775779342191,127.250569342109));
#7467=CARTESIAN_POINT('Ctrl Pts',(-9.02164923528912,3.90773639519652,127.431967014355));
#7468=CARTESIAN_POINT('Ctrl Pts',(-9.30163643071542,3.55771499697112,127.613364686601));
#7469=CARTESIAN_POINT('Ctrl Pts',(-9.58162362614173,3.20769359874572,127.794762358846));
#7470=CARTESIAN_POINT('Ctrl Pts',(-9.00957310394623,15.1512551621993,-8.71458049946468));
#7471=CARTESIAN_POINT('Ctrl Pts',(-8.02740851591587,15.2371921649462,-9.68595149326725));
#7472=CARTESIAN_POINT('Ctrl Pts',(-6.6805786780383,15.2890051568187,-10.2672172898658));
#7473=CARTESIAN_POINT('Ctrl Pts',(-5.30000930241615,15.2890051614741,-10.267217342181));
#7474=CARTESIAN_POINT('Ctrl Pts',(-8.78673622018854,15.4635578527193,-8.46691486758156));
#7475=CARTESIAN_POINT('Ctrl Pts',(-7.86328553697475,15.5446212211679,-9.38621111389553));
#7476=CARTESIAN_POINT('Ctrl Pts',(-6.59808575038016,15.593286576181,-9.9351523933829));
#7477=CARTESIAN_POINT('Ctrl Pts',(-5.30000929064359,15.5932865805582,-9.9351524428171));
#7478=CARTESIAN_POINT('Ctrl Pts',(-8.56389933643085,15.7758605432394,-8.21924923569844));
#7479=CARTESIAN_POINT('Ctrl Pts',(-7.69916255803363,15.8520502773897,-9.08647073452381));
#7480=CARTESIAN_POINT('Ctrl Pts',(-6.51559282272201,15.8975679955433,-9.60308749690001));
#7481=CARTESIAN_POINT('Ctrl Pts',(-5.30000927887103,15.8975679996423,-9.60308754345318));
#7482=CARTESIAN_POINT('Ctrl Pts',(-8.34106245267316,16.0881632337594,-7.97158360381532));
#7483=CARTESIAN_POINT('Ctrl Pts',(-7.53503957909252,16.1594793336114,-8.78673035515209));
#7484=CARTESIAN_POINT('Ctrl Pts',(-6.43309989506387,16.2018494149056,-9.27102260041712));
#7485=CARTESIAN_POINT('Ctrl Pts',(-5.30000926709846,16.2018494187264,-9.27102264408926));
#7486=CARTESIAN_POINT('Ctrl Pts',(-8.34106245267316,16.0881632337594,-7.97158360381532));
#7487=CARTESIAN_POINT('Ctrl Pts',(-8.56389933643085,15.7758605432394,-8.21924923569844));
#7488=CARTESIAN_POINT('Ctrl Pts',(-8.78673622018854,15.4635578527193,-8.46691486758156));
#7489=CARTESIAN_POINT('Ctrl Pts',(-9.00957310394623,15.1512551621993,-8.71458049946468));
#7490=CARTESIAN_POINT('',(-5.30000930241615,15.2890051614741,-10.267217342181));
#7491=CARTESIAN_POINT('Ctrl Pts',(-10.5992701249575,14.8302860465172,-5.06769167604055));
#7492=CARTESIAN_POINT('Ctrl Pts',(-10.5763777405295,14.9483399707361,-6.41686010453204));
#7493=CARTESIAN_POINT('Ctrl Pts',(-9.99408540362517,15.0636637368682,-7.72447873516245));
#7494=CARTESIAN_POINT('Ctrl Pts',(-9.03889957633657,15.1486700636111,-8.68535930291305));
#7495=CARTESIAN_POINT('Ctrl Pts',(-9.02428914557732,15.149967544497,-8.7000261812188));
#7496=CARTESIAN_POINT('Ctrl Pts',(-9.00957310394623,15.1512551621993,-8.71458049946468));
#7497=CARTESIAN_POINT('Ctrl Pts',(-10.2661831169954,15.1623508548938,-5.03863976607315));
#7498=CARTESIAN_POINT('Ctrl Pts',(-10.2507039618654,15.2726656150482,-6.29932841929536));
#7499=CARTESIAN_POINT('Ctrl Pts',(-9.71293113215362,15.3808187391986,-7.52860928872312));
#7500=CARTESIAN_POINT('Ctrl Pts',(-8.81427773239387,15.4611263269862,-8.43934019278119));
#7501=CARTESIAN_POINT('Ctrl Pts',(-8.80058822311249,15.4623374103492,-8.45307373899308));
#7502=CARTESIAN_POINT('Ctrl Pts',(-8.78673622018854,15.4635578527193,-8.46691486758156));
#7503=CARTESIAN_POINT('Ctrl Pts',(-9.9330961090334,15.4944156632703,-5.00958785610576));
#7504=CARTESIAN_POINT('Ctrl Pts',(-9.92568286770755,15.5974403747325,-6.18718642182803));
#7505=CARTESIAN_POINT('Ctrl Pts',(-9.43030606584017,15.6981577827387,-7.33476861144519));
#7506=CARTESIAN_POINT('Ctrl Pts',(-8.58971119698662,15.7735663700907,-8.19313554063275));
#7507=CARTESIAN_POINT('Ctrl Pts',(-8.57682882063999,15.7747258293244,-8.20633402420424));
#7508=CARTESIAN_POINT('Ctrl Pts',(-8.56389933643085,15.7758605432394,-8.21924923569844));
#7509=CARTESIAN_POINT('Ctrl Pts',(-9.60000910107134,15.8264804716469,-4.98053594613837));
#7510=CARTESIAN_POINT('Ctrl Pts',(-9.60000908904337,15.9217660190446,-6.06965473659134));
#7511=CARTESIAN_POINT('Ctrl Pts',(-9.14915179436863,16.0153127850692,-7.13889916500586));
#7512=CARTESIAN_POINT('Ctrl Pts',(-8.36508935304393,16.0860226334659,-7.94711643050088));
#7513=CARTESIAN_POINT('Ctrl Pts',(-8.35312789817517,16.0870956951766,-7.95938158197852));
#7514=CARTESIAN_POINT('Ctrl Pts',(-8.34106245267316,16.0881632337594,-7.97158360381532));
#7515=CARTESIAN_POINT('Ctrl Pts',(-9.60000910107134,15.8264804716469,-4.98053594613837));
#7516=CARTESIAN_POINT('Ctrl Pts',(-9.9330961090334,15.4944156632703,-5.00958785610576));
#7517=CARTESIAN_POINT('Ctrl Pts',(-10.2661831169954,15.1623508548938,-5.03863976607315));
#7518=CARTESIAN_POINT('Ctrl Pts',(-10.5992701249575,14.8302860465172,-5.06769167604055));
#7519=CARTESIAN_POINT('Origin',(230.562739198071,15.7454272901002,-9.76911999313515));
#7520=CARTESIAN_POINT('Ctrl Pts',(-10.6000091010713,14.8226606350624,-4.98053595709824));
#7521=CARTESIAN_POINT('Ctrl Pts',(-10.6000091007505,14.825202348213,-5.00958787134746));
#7522=CARTESIAN_POINT('Ctrl Pts',(-10.599763070722,14.8277439704783,-5.03863979354539));
#7523=CARTESIAN_POINT('Ctrl Pts',(-10.5992701249575,14.8302860465172,-5.06769167604055));
#7524=CARTESIAN_POINT('Ctrl Pts',(-10.2666757680589,15.1547255341067,-4.95148403919573));
#7525=CARTESIAN_POINT('Ctrl Pts',(-10.266675767738,15.1572672472573,-4.98053595344495));
#7526=CARTESIAN_POINT('Ctrl Pts',(-10.2665117476121,15.1598088998177,-5.00958787299331));
#7527=CARTESIAN_POINT('Ctrl Pts',(-10.2661831169954,15.1623508548938,-5.03863976607316));
#7528=CARTESIAN_POINT('Ctrl Pts',(-9.93334243504636,15.486790433151,-4.92243212129322));
#7529=CARTESIAN_POINT('Ctrl Pts',(-9.93334243472552,15.4893321463015,-4.95148403554244));
#7530=CARTESIAN_POINT('Ctrl Pts',(-9.93326042450212,15.491873829157,-4.98053595244123));
#7531=CARTESIAN_POINT('Ctrl Pts',(-9.93309610903339,15.4944156632703,-5.00958785610576));
#7532=CARTESIAN_POINT('Ctrl Pts',(-9.60000910203387,15.8188553321953,-4.89338020339071));
#7533=CARTESIAN_POINT('Ctrl Pts',(-9.60000910171303,15.8213970453458,-4.92243211763993));
#7534=CARTESIAN_POINT('Ctrl Pts',(-9.60000910139218,15.8239387584964,-4.95148403188915));
#7535=CARTESIAN_POINT('Ctrl Pts',(-9.60000910107134,15.8264804716469,-4.98053594613837));
#7536=CARTESIAN_POINT('',(-10.6000091010713,14.8226606350624,-4.98053595709824));
#7537=CARTESIAN_POINT('Ctrl Pts',(-5.30000546386684,3.01954640815458,129.973337934828));
#7538=CARTESIAN_POINT('Ctrl Pts',(-5.32029481952285,3.01954640812322,129.973337935192));
#7539=CARTESIAN_POINT('Ctrl Pts',(-5.3541346158413,3.01956305845903,129.973144485733));
#7540=CARTESIAN_POINT('Ctrl Pts',(-5.38800404161172,3.01960764435026,129.972626467884));
#7541=CARTESIAN_POINT('Ctrl Pts',(-5.40211266610976,3.01963085799511,129.972356776136));
#7542=CARTESIAN_POINT('Ctrl Pts',(-5.40266992758083,3.01963178244044,129.972346037823));
#7543=CARTESIAN_POINT('Ctrl Pts',(-5.5417410850835,3.0198643667658,129.969644772126));
#7544=CARTESIAN_POINT('Ctrl Pts',(-5.81979396154238,3.02126069700591,129.953426720921));
#7545=CARTESIAN_POINT('Ctrl Pts',(-6.3739265366992,3.0278027069651,129.877428781538));
#7546=CARTESIAN_POINT('Ctrl Pts',(-6.91502284392376,3.04000355356215,129.735696592117));
#7547=CARTESIAN_POINT('Ctrl Pts',(-7.30358774687846,3.05320228686632,129.582476125653));
#7548=CARTESIAN_POINT('Ctrl Pts',(-7.59300596198987,3.06421031361361,129.454728957367));
#7549=CARTESIAN_POINT('Ctrl Pts',(-7.90836525769836,3.07790173572626,129.295893129808));
#7550=CARTESIAN_POINT('Ctrl Pts',(-8.27879592261995,3.09820489632632,129.060569591262));
#7551=CARTESIAN_POINT('Ctrl Pts',(-8.52548801465904,3.11408013844467,128.876721365419));
#7552=CARTESIAN_POINT('Ctrl Pts',(-8.66153875748795,3.12351100727889,128.767549486102));
#7553=CARTESIAN_POINT('Ctrl Pts',(-8.8651155012419,3.13840489934984,128.595190552228));
#7554=CARTESIAN_POINT('Ctrl Pts',(-9.13853336818984,3.16090383279543,128.334998424805));
#7555=CARTESIAN_POINT('Ctrl Pts',(-9.39494982871668,3.18629231389995,128.041734155349));
#7556=CARTESIAN_POINT('Ctrl Pts',(-9.55387597538251,3.20445169373457,127.832180687779));
#7557=CARTESIAN_POINT('Ctrl Pts',(-9.56770211927696,3.2060565896564,127.813658322069));
#7558=CARTESIAN_POINT('Ctrl Pts',(-9.58162362614175,3.20769359874572,127.794762358846));
#7559=CARTESIAN_POINT('Ctrl Pts',(-5.30000547029299,3.38193165573713,129.641273035464));
#7560=CARTESIAN_POINT('Ctrl Pts',(-5.31893130630376,3.38193165654601,129.641273025416));
#7561=CARTESIAN_POINT('Ctrl Pts',(-5.35048793775026,3.38194718409033,129.641093455428));
#7562=CARTESIAN_POINT('Ctrl Pts',(-5.38207496347979,3.38198876401678,129.640612595452));
#7563=CARTESIAN_POINT('Ctrl Pts',(-5.39523526239167,3.38201041731014,129.640362191498));
#7564=CARTESIAN_POINT('Ctrl Pts',(-5.39575507065817,3.38201127961559,129.640352220738));
#7565=CARTESIAN_POINT('Ctrl Pts',(-5.52565346173858,3.38222851746916,129.637840566233));
#7566=CARTESIAN_POINT('Ctrl Pts',(-5.7852225769348,3.38353360357002,129.622750672803));
#7567=CARTESIAN_POINT('Ctrl Pts',(-6.30198432274511,3.38963547621535,129.552190594068));
#7568=CARTESIAN_POINT('Ctrl Pts',(-6.80629849631083,3.40100694131525,129.420694769133));
#7569=CARTESIAN_POINT('Ctrl Pts',(-7.16866884467473,3.41330719539677,129.278529882135));
#7570=CARTESIAN_POINT('Ctrl Pts',(-7.4386799216432,3.42357025627329,129.159937667277));
#7571=CARTESIAN_POINT('Ctrl Pts',(-7.73304233839139,3.43633653492418,129.012456328637));
#7572=CARTESIAN_POINT('Ctrl Pts',(-8.07929436365223,3.45528488323153,128.79370252654));
#7573=CARTESIAN_POINT('Ctrl Pts',(-8.31018951933016,3.47011338086228,128.622615340119));
#7574=CARTESIAN_POINT('Ctrl Pts',(-8.43762155579158,3.4789269713412,128.520956652604));
#7575=CARTESIAN_POINT('Ctrl Pts',(-8.62839782406074,3.49284996769712,128.360400563353));
#7576=CARTESIAN_POINT('Ctrl Pts',(-8.88459787307212,3.51386478790938,128.118201050651));
#7577=CARTESIAN_POINT('Ctrl Pts',(-9.12626759068502,3.53769587423294,127.843724058519));
#7578=CARTESIAN_POINT('Ctrl Pts',(-9.27545259696247,3.55467195890621,127.648391361461));
#7579=CARTESIAN_POINT('Ctrl Pts',(-9.28854595020201,3.55618290334488,127.630997960289));
#7580=CARTESIAN_POINT('Ctrl Pts',(-9.30163643071543,3.55771499697112,127.613364686601));
#7581=CARTESIAN_POINT('Ctrl Pts',(-5.30000547671914,3.74431690331969,129.3092081361));
#7582=CARTESIAN_POINT('Ctrl Pts',(-5.31756778377155,3.74431690245441,129.309208146799));
#7583=CARTESIAN_POINT('Ctrl Pts',(-5.34684126009446,3.74433130977054,129.309042424516));
#7584=CARTESIAN_POINT('Ctrl Pts',(-5.37614589039048,3.74436988356013,129.308598724545));
#7585=CARTESIAN_POINT('Ctrl Pts',(-5.38835785846852,3.74438997661916,129.308367606935));
#7586=CARTESIAN_POINT('Ctrl Pts',(-5.38884021391343,3.7443907768021,129.308358403512));
#7587=CARTESIAN_POINT('Ctrl Pts',(-5.5095838482446,3.74459271466758,129.30603604293));
#7588=CARTESIAN_POINT('Ctrl Pts',(-5.75060446790772,3.74580287364416,129.292118630042));
#7589=CARTESIAN_POINT('Ctrl Pts',(-6.23000681015521,3.75146317207855,129.227014054757));
#7590=CARTESIAN_POINT('Ctrl Pts',(-6.6974374711614,3.76199614683863,129.105865111752));
#7591=CARTESIAN_POINT('Ctrl Pts',(-7.03356944986172,3.77339641710448,128.974773511388));
#7592=CARTESIAN_POINT('Ctrl Pts',(-7.28412832571938,3.78290793419508,128.865416419003));
#7593=CARTESIAN_POINT('Ctrl Pts',(-7.55743908558194,3.79474571624638,128.729329900244));
#7594=CARTESIAN_POINT('Ctrl Pts',(-7.87945181842821,3.81233248033333,128.527228105811));
#7595=CARTESIAN_POINT('Ctrl Pts',(-8.0944920396635,3.82610934439894,128.368961133793));
#7596=CARTESIAN_POINT('Ctrl Pts',(-8.21325105985158,3.83430048409234,128.274878310762));
#7597=CARTESIAN_POINT('Ctrl Pts',(-8.39115695891192,3.84724593904527,128.126205627747));
#7598=CARTESIAN_POINT('Ctrl Pts',(-8.631068182767,3.86686352523904,127.900946468658));
#7599=CARTESIAN_POINT('Ctrl Pts',(-8.85621287237838,3.88897009174672,127.64728108372));
#7600=CARTESIAN_POINT('Ctrl Pts',(-8.99714397200066,3.90490302391411,127.464471190781));
#7601=CARTESIAN_POINT('Ctrl Pts',(-9.00930224748475,3.90630098811219,127.448437292709));
#7602=CARTESIAN_POINT('Ctrl Pts',(-9.02164923528912,3.90773639519651,127.431967014355));
#7603=CARTESIAN_POINT('Ctrl Pts',(-5.30000548314529,4.10670215090224,128.977143236736));
#7604=CARTESIAN_POINT('Ctrl Pts',(-5.31620427055245,4.10670215087721,128.977143237022));
#7605=CARTESIAN_POINT('Ctrl Pts',(-5.34319458200343,4.10671543540184,128.976991394211));
#7606=CARTESIAN_POINT('Ctrl Pts',(-5.37021681225855,4.10675100322665,128.976584852113));
#7607=CARTESIAN_POINT('Ctrl Pts',(-5.38148045475042,4.10676953593419,128.976373022297));
#7608=CARTESIAN_POINT('Ctrl Pts',(-5.38192535699077,4.10677027397725,128.976364586426));
#7609=CARTESIAN_POINT('Ctrl Pts',(-5.49349622489968,4.10695686537095,128.974231837037));
#7610=CARTESIAN_POINT('Ctrl Pts',(-5.71603308330014,4.10807578020828,128.961442581924));
#7611=CARTESIAN_POINT('Ctrl Pts',(-6.15806459620112,4.1132959413288,128.901775867287));
#7612=CARTESIAN_POINT('Ctrl Pts',(-6.58871312354847,4.12299953459173,128.790863288767));
#7613=CARTESIAN_POINT('Ctrl Pts',(-6.89865054765799,4.13350132563494,128.670827267871));
#7614=CARTESIAN_POINT('Ctrl Pts',(-7.12980228537271,4.14226787685476,128.570625128913));
#7615=CARTESIAN_POINT('Ctrl Pts',(-7.38211616627498,4.15318051544429,128.445893099074));
#7616=CARTESIAN_POINT('Ctrl Pts',(-7.67995025946049,4.16941246723854,128.260361041089));
#7617=CARTESIAN_POINT('Ctrl Pts',(-7.87919354433462,4.18214258681654,128.114855108492));
#7618=CARTESIAN_POINT('Ctrl Pts',(-7.9893338581552,4.18971644815465,128.028285477264));
#7619=CARTESIAN_POINT('Ctrl Pts',(-8.15443928173076,4.20169100739255,127.891415638872));
#7620=CARTESIAN_POINT('Ctrl Pts',(-8.37713268764929,4.21982448035299,127.684149094504));
#7621=CARTESIAN_POINT('Ctrl Pts',(-8.58753063434672,4.24037365207971,127.449270986889));
#7622=CARTESIAN_POINT('Ctrl Pts',(-8.71872059358062,4.25512328908575,127.280681864463));
#7623=CARTESIAN_POINT('Ctrl Pts',(-8.7301460784098,4.25642730180067,127.265776930928));
#7624=CARTESIAN_POINT('Ctrl Pts',(-8.74166203986281,4.25775779342191,127.250569342109));
#7625=CARTESIAN_POINT('Origin',(-10.100008263201,12.6409896727458,25.6929338724306));
#7626=CARTESIAN_POINT('',(-10.6000055614893,3.48587640912151,124.599500690521));
#7627=CARTESIAN_POINT('Ctrl Pts',(-10.6000055591086,3.47825151984661,124.686656433269));
#7628=CARTESIAN_POINT('Ctrl Pts',(-10.6000055598973,3.48077713404285,124.657784738465));
#7629=CARTESIAN_POINT('Ctrl Pts',(-10.6000055606908,3.48331863845565,124.62873614301));
#7630=CARTESIAN_POINT('Ctrl Pts',(-10.6000055614893,3.48587641245205,124.599500652453));
#7631=CARTESIAN_POINT('Ctrl Pts',(-10.266480414318,3.81078596985531,124.710340405912));
#7632=CARTESIAN_POINT('Ctrl Pts',(-10.2666075383574,3.81315549404683,124.683254026726));
#7633=CARTESIAN_POINT('Ctrl Pts',(-10.2666722264082,3.81554051458058,124.655993738099));
#7634=CARTESIAN_POINT('Ctrl Pts',(-10.2666722273624,3.81794131149634,124.628552570355));
#7635=CARTESIAN_POINT('Ctrl Pts',(-9.93295526952731,4.143320419864,124.734024378555));
#7636=CARTESIAN_POINT('Ctrl Pts',(-9.93320951849731,4.14553387168133,124.708723309813));
#7637=CARTESIAN_POINT('Ctrl Pts',(-9.93333889371404,4.1472914594636,124.688634301629));
#7638=CARTESIAN_POINT('Ctrl Pts',(-9.93333889323553,4.15000621054063,124.657604488258));
#7639=CARTESIAN_POINT('Ctrl Pts',(-9.59943012473666,4.4758548698727,124.757708351198));
#7640=CARTESIAN_POINT('Ctrl Pts',(-9.59981149695745,4.47791223168531,124.734192598074));
#7641=CARTESIAN_POINT('Ctrl Pts',(-9.6000055594315,4.47951333558853,124.715891896718));
#7642=CARTESIAN_POINT('Ctrl Pts',(-9.60000555910863,4.48207110958493,124.68665640616));
#7643=CARTESIAN_POINT('Origin',(-0.600007220366408,4.94013326331633,119.450982031095));
#7644=CARTESIAN_POINT('',(305.399992779634,2.43058366945741,119.450982031095));
#7645=CARTESIAN_POINT('Origin',(19.0499927796336,15.3294596893041,1.20043759159882));
#7646=CARTESIAN_POINT('Origin',(19.0499927796336,12.8633215064299,1.20043759159882));
#7647=CARTESIAN_POINT('Origin',(100.012992779634,15.3294596893041,1.20043759159882));
#7648=CARTESIAN_POINT('Origin',(100.012992779634,12.8633215064299,1.20043759159882));
#7649=CARTESIAN_POINT('Origin',(104.775992779634,14.1182627637485,1.20043759159882));
#7650=CARTESIAN_POINT('Origin',(104.775992779634,12.8633215064299,1.20043759159882));
#7651=CARTESIAN_POINT('Origin',(23.8129927796336,14.1182627637485,1.20043759159882));
#7652=CARTESIAN_POINT('Origin',(23.8129927796336,12.8633215064299,1.20043759159882));
#7653=CARTESIAN_POINT('Origin',(-0.1000072203664,15.3294596893041,1.20043759159882));
#7654=CARTESIAN_POINT('Origin',(-0.1000072203664,12.7761657636811,1.20043759159882));
#7655=CARTESIAN_POINT('Origin',(19.5499927796336,12.9070658381929,0.700437591598819));
#7656=CARTESIAN_POINT('Origin',(100.512992779634,12.9070658381929,0.700437591598819));
#7657=CARTESIAN_POINT('Origin',(152.399628674419,7.64469458429564,59.8534215620912));
#7658=CARTESIAN_POINT('',(1.89999999999999,1.72871847311101,127.473337934828));
#7659=CARTESIAN_POINT('',(231.24981161096,1.72871847311029,127.473337934828));
#7660=CARTESIAN_POINT('',(1.89999999999999,2.19119597404866,122.18719591026));
#7661=CARTESIAN_POINT('',(1.89999999999999,4.67705726108054,93.7736713820761));
#7662=CARTESIAN_POINT('',(-2.79092287217886,2.59994297980932,117.515196255819));
#7663=CARTESIAN_POINT('Origin',(2.19999999999998,2.6261895788671,117.215196255819));
#7664=CARTESIAN_POINT('',(-8.10000575500275,2.59994297980933,117.515196255819));
#7665=CARTESIAN_POINT('',(74.8,2.59994297980933,117.515196255819));
#7666=CARTESIAN_POINT('',(-8.1000089051771,12.689509402102,2.19092433682811));
#7667=CARTESIAN_POINT('',(-8.10000641636543,4.7181948261032,93.3034668622442));
#7668=CARTESIAN_POINT('',(-2.79092287217885,12.689509402102,2.19092433682811));
#7669=CARTESIAN_POINT('',(72.3,12.689509402102,2.19092433682812));
#7670=CARTESIAN_POINT('',(1.89999999999998,13.0982564078627,-2.48107531761346));
#7671=CARTESIAN_POINT('Origin',(2.19999999999999,12.6632628030442,2.4909243368281));
#7672=CARTESIAN_POINT('',(1.89999999999998,10.3490954833874,28.9419778378468));
#7673=CARTESIAN_POINT('Origin',(-8.10000555910861,-21.8325235913592,124.686656460878));
#7674=CARTESIAN_POINT('',(-8.10000910107134,7.31693087633134,-4.98053592948883));
#7675=CARTESIAN_POINT('',(-8.10000910107134,-21.8325235913592,-4.98053592948883));
#7676=CARTESIAN_POINT('',(-8.1000089051771,6.689509402102,2.19092433682811));
#7677=CARTESIAN_POINT('',(-8.10000642348535,-1.25900100008468,93.042813962865));
#7678=CARTESIAN_POINT('',(-8.1000089051771,-7.5846303941575,2.1909243368281));
#7679=CARTESIAN_POINT('',(-8.10000575500275,-3.40005702019068,117.515196255819));
#7680=CARTESIAN_POINT('',(-8.10000575500276,-12.6031670062461,117.515196255819));
#7681=CARTESIAN_POINT('',(-8.10000555910861,-4.02747848906065,124.686656460878));
#7682=CARTESIAN_POINT('',(-8.10000642348535,-1.25900100008468,93.042813962865));
#7683=CARTESIAN_POINT('',(-8.10000555910861,-21.8325235913592,124.686656460878));
#7684=CARTESIAN_POINT('Origin',(310.099994547501,-21.8325235913592,127.473337934828));
#7685=CARTESIAN_POINT('',(-5.30000546386677,-4.27128152688899,127.473337934828));
#7686=CARTESIAN_POINT('',(-5.30000546386677,-21.8325235913592,127.473337934828));
#7687=CARTESIAN_POINT('',(1.9,-4.27128152688899,127.473337934828));
#7688=CARTESIAN_POINT('',(231.249997273751,-4.27128152688898,127.473337934828));
#7689=CARTESIAN_POINT('',(1.9,-13.0387792595953,127.473337934828));
#7690=CARTESIAN_POINT('Origin',(-4.33450826598433,-21.8325235913572,-4.0207521177067));
#7691=CARTESIAN_POINT('',(-6.33450826598432,7.2329606733647,-4.0207521177067));
#7692=CARTESIAN_POINT('Origin',(-4.33450826598432,7.2329606733647,-4.0207521177067));
#7693=CARTESIAN_POINT('',(-6.33450826598432,12.2324764086428,-4.0207521177067));
#7694=CARTESIAN_POINT('',(-6.33450826598433,-21.8325235913572,-4.0207521177067));
#7695=CARTESIAN_POINT('Origin',(-4.33450826598432,12.2324764086428,-4.0207521177067));
#7696=CARTESIAN_POINT('Origin',(-4.33450826598432,12.2324764086428,-4.0207521177067));
#7697=CARTESIAN_POINT('Origin',(-4.33450826598433,-21.8325235913571,123.726872710354));
#7698=CARTESIAN_POINT('',(-6.33450826598433,-3.94350829145338,123.726872710354));
#7699=CARTESIAN_POINT('Origin',(-4.33450826598433,-3.94350829145338,123.726872710354));
#7700=CARTESIAN_POINT('',(-6.33450826598433,1.05647640864285,123.726872710354));
#7701=CARTESIAN_POINT('',(-6.33450826598433,-21.8325235913571,123.726872710354));
#7702=CARTESIAN_POINT('Origin',(-4.33450826598433,1.05647640864285,123.726872710354));
#7703=CARTESIAN_POINT('Origin',(-4.33450826598433,1.05647640864285,123.726872710354));
#7704=CARTESIAN_POINT('Ctrl Pts',(-5.30000546386677,-21.8325235913592,127.473337934828));
#7705=CARTESIAN_POINT('Ctrl Pts',(-5.30000546386677,31.1674764086408,127.473337934828));
#7706=CARTESIAN_POINT('Ctrl Pts',(-5.31789849137099,-21.8325235913592,127.473337935434));
#7707=CARTESIAN_POINT('Ctrl Pts',(-5.31789849137099,31.1674764086408,127.473337935434));
#7708=CARTESIAN_POINT('Ctrl Pts',(-5.33584549474431,-21.8325235913592,127.473166797676));
#7709=CARTESIAN_POINT('Ctrl Pts',(-5.33584549474431,31.1674764086408,127.473166797676));
#7710=CARTESIAN_POINT('Ctrl Pts',(-5.35377502073746,-21.8325235913592,127.472824063177));
#7711=CARTESIAN_POINT('Ctrl Pts',(-5.35377502073746,31.1674764086408,127.472824063177));
#7712=CARTESIAN_POINT('Ctrl Pts',(-6.48904994441428,-21.8325235913592,127.451122547849));
#7713=CARTESIAN_POINT('Ctrl Pts',(-6.48904994441428,31.1674764086408,127.451122547849));
#7714=CARTESIAN_POINT('Ctrl Pts',(-7.5431126674624,-21.8325235913592,126.700468052687));
#7715=CARTESIAN_POINT('Ctrl Pts',(-7.5431126674624,31.1674764086408,126.700468052687));
#7716=CARTESIAN_POINT('Ctrl Pts',(-7.9310506188407,-21.8325235913592,125.640013513025));
#7717=CARTESIAN_POINT('Ctrl Pts',(-7.9310506188407,31.1674764086408,125.640013513025));
#7718=CARTESIAN_POINT('Ctrl Pts',(-8.04308835879819,-21.8325235913592,125.333750798771));
#7719=CARTESIAN_POINT('Ctrl Pts',(-8.04308835879819,31.1674764086408,125.333750798771));
#7720=CARTESIAN_POINT('Ctrl Pts',(-8.10000556264502,-21.8325235913592,125.006874182082));
#7721=CARTESIAN_POINT('Ctrl Pts',(-8.10000556264502,31.1674764086408,125.006874182082));
#7722=CARTESIAN_POINT('Ctrl Pts',(-8.10000555910861,-21.8325235913592,124.686656460878));
#7723=CARTESIAN_POINT('Ctrl Pts',(-8.10000555910861,31.1674764086408,124.686656460878));
#7724=CARTESIAN_POINT('Ctrl Pts',(-5.30000546386677,-4.27128152688899,127.473337934828));
#7725=CARTESIAN_POINT('Ctrl Pts',(-5.75136209267427,-4.27128152822546,127.473337950104));
#7726=CARTESIAN_POINT('Ctrl Pts',(-6.10745971050583,-4.26173580385118,127.364229821238));
#7727=CARTESIAN_POINT('Ctrl Pts',(-6.7027010097301,-4.23996146803252,127.115348023973));
#7728=CARTESIAN_POINT('Ctrl Pts',(-7.01529475980473,-4.22172312476154,126.90688280647));
#7729=CARTESIAN_POINT('Ctrl Pts',(-7.53774117114917,-4.17661870238625,126.391336899635));
#7730=CARTESIAN_POINT('Ctrl Pts',(-7.74699617728423,-4.15000580368364,126.087150075536));
#7731=CARTESIAN_POINT('Ctrl Pts',(-8.02759081085443,-4.09129941291027,125.41613295849));
#7732=CARTESIAN_POINT('Ctrl Pts',(-8.10000556309753,-4.05907862054351,125.047847616501));
#7733=CARTESIAN_POINT('Ctrl Pts',(-8.10000555910862,-4.02747848906066,124.686656460878));
#7734=CARTESIAN_POINT('Ctrl Pts',(-8.10000910107134,-21.8325235913592,-4.98053592948883));
#7735=CARTESIAN_POINT('Ctrl Pts',(-8.10000910107134,31.1674764086408,-4.98053592948883));
#7736=CARTESIAN_POINT('Ctrl Pts',(-8.1000090846891,-21.8325235913592,-6.46392875790446));
#7737=CARTESIAN_POINT('Ctrl Pts',(-8.1000090846891,31.1674764086408,-6.46392875790446));
#7738=CARTESIAN_POINT('Ctrl Pts',(-6.78952113407772,-21.8325235913592,-7.76721728573753));
#7739=CARTESIAN_POINT('Ctrl Pts',(-6.78952113407772,31.1674764086408,-7.76721728573753));
#7740=CARTESIAN_POINT('Ctrl Pts',(-5.3000092076813,-21.8325235913592,-7.76721734218101));
#7741=CARTESIAN_POINT('Ctrl Pts',(-5.3000092076813,31.1674764086408,-7.76721734218101));
#7742=CARTESIAN_POINT('Ctrl Pts',(-8.10000910107134,7.31693087633134,-4.98053592948883));
#7743=CARTESIAN_POINT('Ctrl Pts',(-8.10000909963372,7.32831971902361,-5.11071099712936));
#7744=CARTESIAN_POINT('Ctrl Pts',(-8.08991585071223,7.33964167994264,-5.24009881251771));
#7745=CARTESIAN_POINT('Ctrl Pts',(-8.07022423663044,7.35082526483636,-5.36792105983847));
#7746=CARTESIAN_POINT('Ctrl Pts',(-8.05129406060549,7.36157640132262,-5.4908006588208));
#7747=CARTESIAN_POINT('Ctrl Pts',(-8.02349325176183,7.37219965636686,-5.61223348766258));
#7748=CARTESIAN_POINT('Ctrl Pts',(-7.98727759115302,7.38263151279957,-5.73148298396718));
#7749=CARTESIAN_POINT('Ctrl Pts',(-7.96732180866643,7.38837974034541,-5.79719259604898));
#7750=CARTESIAN_POINT('Ctrl Pts',(-7.94481133026517,7.39406985352811,-5.86223847342941));
#7751=CARTESIAN_POINT('Ctrl Pts',(-7.91982499582286,7.39969122540866,-5.92649104803742));
#7752=CARTESIAN_POINT('Ctrl Pts',(-7.79019738688017,7.42885456657568,-6.25982956289967));
#7753=CARTESIAN_POINT('Ctrl Pts',(-7.59582892254865,7.45572366357086,-6.56694474688267));
#7754=CARTESIAN_POINT('Ctrl Pts',(-7.35383725956874,7.47881771323262,-6.83091094239913));
#7755=CARTESIAN_POINT('Ctrl Pts',(-7.12494247207873,7.50066188556698,-7.08059097469142));
#7756=CARTESIAN_POINT('Ctrl Pts',(-6.85336026079198,7.51913625655295,-7.29175298635309));
#7757=CARTESIAN_POINT('Ctrl Pts',(-6.55349835357727,7.53298029141353,-7.4499918349697));
#7758=CARTESIAN_POINT('Ctrl Pts',(-6.50935118646818,7.5350184793452,-7.47328854830656));
#7759=CARTESIAN_POINT('Ctrl Pts',(-6.46459111364508,7.53695630382232,-7.49543807364816));
#7760=CARTESIAN_POINT('Ctrl Pts',(-6.41926417703558,7.53878974231334,-7.5163943714944));
#7761=CARTESIAN_POINT('Ctrl Pts',(-6.27373780702692,7.54467616809434,-7.5836765260476));
#7762=CARTESIAN_POINT('Ctrl Pts',(-6.12272508989263,7.54947200868972,-7.63849399350053));
#7763=CARTESIAN_POINT('Ctrl Pts',(-5.96778580601287,7.55306178007698,-7.67952471086837));
#7764=CARTESIAN_POINT('Ctrl Pts',(-5.93757457389135,7.55376174082242,-7.68752519012367));
#7765=CARTESIAN_POINT('Ctrl Pts',(-5.90721390826157,7.55441584663981,-7.69500156123439));
#7766=CARTESIAN_POINT('Ctrl Pts',(-5.87671516638939,7.55502324139349,-7.70194411503731));
#7767=CARTESIAN_POINT('Ctrl Pts',(-5.7607553232261,7.55733262847147,-7.72834053012593));
#7768=CARTESIAN_POINT('Ctrl Pts',(-5.64337455805279,7.55895527885109,-7.74688903142432));
#7769=CARTESIAN_POINT('Ctrl Pts',(-5.52519076064306,7.5598661436657,-7.75729981116177));
#7770=CARTESIAN_POINT('Ctrl Pts',(-5.45040420427511,7.56044253775944,-7.76388773931041));
#7771=CARTESIAN_POINT('Ctrl Pts',(-5.37529497578911,7.56073390855072,-7.76721733932814));
#7772=CARTESIAN_POINT('Ctrl Pts',(-5.3000092076813,7.56073390880031,-7.76721734218101));
#7773=CARTESIAN_POINT('Origin',(-7.8,6.66326280304423,2.19092433682812));
#7774=CARTESIAN_POINT('',(-2.79092287217884,6.68950940210201,2.19092433682812));
#7775=CARTESIAN_POINT('',(72.3,6.689509402102,2.19092433682812));
#7776=CARTESIAN_POINT('',(-2.79092287217884,6.66326280304422,2.19092433682812));
#7777=CARTESIAN_POINT('Origin',(152.4,1.64472619095566,59.8530602963234));
#7778=CARTESIAN_POINT('',(1.89999999999999,7.09825640786267,-2.48107531761346));
#7779=CARTESIAN_POINT('',(1.9,4.37188385386909,28.6815055713464));
#7780=CARTESIAN_POINT('Origin',(2.2,6.66326280304423,2.4909243368281));
#7781=CARTESIAN_POINT('Origin',(1.89999999999999,7.09904151678252,-2.49004915363062));
#7782=CARTESIAN_POINT('',(1.89999999999999,6.66326280304423,-2.48107531761346));
#7783=CARTESIAN_POINT('Ctrl Pts',(1.89999999999999,6.68950940210201,-2.48107531761346));
#7784=CARTESIAN_POINT('Ctrl Pts',(-2.52398870034748,6.689509402102,-2.21616881071605));
#7785=CARTESIAN_POINT('Ctrl Pts',(-2.79092287217884,6.689509402102,2.19092433682812));
#7786=CARTESIAN_POINT('Ctrl Pts',(1.89999999999998,13.0982564078627,-2.48107531761346));
#7787=CARTESIAN_POINT('Ctrl Pts',(-2.52398870034749,13.0982564078627,-2.21616881071605));
#7788=CARTESIAN_POINT('Ctrl Pts',(-2.79092287217885,13.0982564078627,2.19092433682811));
#7789=CARTESIAN_POINT('Origin',(-2.80000000000002,-3.3738104211329,117.515196255819));
#7790=CARTESIAN_POINT('',(-2.79092287217886,-3.40005702019068,117.515196255819));
#7791=CARTESIAN_POINT('',(-2.79092287217886,-3.3738104211329,117.515196255819));
#7792=CARTESIAN_POINT('',(74.8,-3.40005702019068,117.515196255819));
#7793=CARTESIAN_POINT('Ctrl Pts',(-2.79092287217886,-3.80880402595136,117.515196255819));
#7794=CARTESIAN_POINT('Ctrl Pts',(-2.52398870034749,-3.80880402595135,121.922289403363));
#7795=CARTESIAN_POINT('Ctrl Pts',(1.89999999999999,-3.80880402595135,122.18719591026));
#7796=CARTESIAN_POINT('Ctrl Pts',(-2.79092287217886,2.59994297980932,117.515196255819));
#7797=CARTESIAN_POINT('Ctrl Pts',(-2.5239887003475,2.59994297980934,121.922289403363));
#7798=CARTESIAN_POINT('Ctrl Pts',(1.89999999999999,2.59994297980934,122.18719591026));
#7799=CARTESIAN_POINT('',(1.89999999999999,-3.80880402595135,122.18719591026));
#7800=CARTESIAN_POINT('Origin',(2.19999999999999,-3.3738104211329,117.215196255819));
#7801=CARTESIAN_POINT('',(1.89999999999999,-3.37381042113288,122.18719591026));
#7802=CARTESIAN_POINT('Origin',(1.89999999999999,-4.24503492783121,127.173337934828));
#7803=CARTESIAN_POINT('',(1.9,-1.30015436843777,93.5131991155757));
#7804=CARTESIAN_POINT('Origin',(152.4,1.64472619095566,59.8530602963234));
#7805=UNCERTAINTY_MEASURE_WITH_UNIT(LENGTH_MEASURE(0.01),#7809,
'DISTANCE_ACCURACY_VALUE',
'Maximum model space distance between geometric entities at asserted c
onnectivities');
#7806=UNCERTAINTY_MEASURE_WITH_UNIT(LENGTH_MEASURE(0.01),#7809,
'DISTANCE_ACCURACY_VALUE',
'Maximum model space distance between geometric entities at asserted c
onnectivities');
#7807=(
GEOMETRIC_REPRESENTATION_CONTEXT(3)
GLOBAL_UNCERTAINTY_ASSIGNED_CONTEXT((#7805))
GLOBAL_UNIT_ASSIGNED_CONTEXT((#7809,#7810,#7811))
REPRESENTATION_CONTEXT('','3D')
);
#7808=(
GEOMETRIC_REPRESENTATION_CONTEXT(3)
GLOBAL_UNCERTAINTY_ASSIGNED_CONTEXT((#7806))
GLOBAL_UNIT_ASSIGNED_CONTEXT((#7809,#7810,#7811))
REPRESENTATION_CONTEXT('','3D')
);
#7809=(
LENGTH_UNIT()
NAMED_UNIT(*)
SI_UNIT(.MILLI.,.METRE.)
);
#7810=(
NAMED_UNIT(*)
PLANE_ANGLE_UNIT()
SI_UNIT($,.RADIAN.)
);
#7811=(
NAMED_UNIT(*)
SI_UNIT($,.STERADIAN.)
SOLID_ANGLE_UNIT()
);
#7812=SHAPE_DEFINITION_REPRESENTATION(#7813,#7814);
#7813=PRODUCT_DEFINITION_SHAPE('',$,#7816);
#7814=SHAPE_REPRESENTATION('',(#3837),#7807);
#7815=PRODUCT_DEFINITION_CONTEXT('part definition',#7820,'design');
#7816=PRODUCT_DEFINITION('Top Case','Top Case v5',#7817,#7815);
#7817=PRODUCT_DEFINITION_FORMATION('',$,#7822);
#7818=PRODUCT_RELATED_PRODUCT_CATEGORY('Top Case v5','Top Case v5',(#7822));
#7819=APPLICATION_PROTOCOL_DEFINITION('international standard',
'automotive_design',2009,#7820);
#7820=APPLICATION_CONTEXT(
'Core Data for Automotive Mechanical Design Process');
#7821=PRODUCT_CONTEXT('part definition',#7820,'mechanical');
#7822=PRODUCT('Top Case','Top Case v5',$,(#7821));
#7823=PRESENTATION_STYLE_ASSIGNMENT((#7824));
#7824=SURFACE_STYLE_USAGE(.BOTH.,#7825);
#7825=SURFACE_SIDE_STYLE('',(#7826));
#7826=SURFACE_STYLE_FILL_AREA(#7827);
#7827=FILL_AREA_STYLE('Steel - Satin',(#7828));
#7828=FILL_AREA_STYLE_COLOUR('Steel - Satin',#7829);
#7829=COLOUR_RGB('Steel - Satin',0.627450980392157,0.627450980392157,0.627450980392157);
ENDSEC;
END-ISO-10303-21;
